﻿Post Id,Post URL,Page Id,Created Time,Type,Message,Reactions Like Total,Reactions Love Total,Reactions Wow Total,Reactions Haha Total,Reactions Sorry Total,Reactions Anger Total,Comments,Shares,Impressions,Engaged Fan,Link,Total Reactions
1692583127699872_1582848420520408,https://facebook.com/1692583127699872_1582848420520408,1692583127699872,31 Aug 2026 04:30:00 PM,photo,"Muy pronto, una nueva manera de cobrar en grande llegará a tu negocio. ¡Espéralo! ? #emprendimiento #qpaypro #muypronto",1,0,0,0,0,0,0,0,87,,https://www.facebook.com/photo.php?fbid=1582848393853744&set=a.504567235015204&type=3,1
1692583127699872_1579972290808021,https://facebook.com/1692583127699872_1579972290808021,1692583127699872,28 Aug 2026 10:30:00 AM,photo,Nosotros te ayudamos a llevar tu negocio al siguiente nivel. ?? #emprendimiento #guatemala,1,0,0,0,0,0,0,0,161,,https://www.facebook.com/photo.php?fbid=1579972250808025&set=a.504567235015204&type=3,1
1692583127699872_1577504487721468,https://facebook.com/1692583127699872_1577504487721468,1692583127699872,25 Aug 2026 04:54:10 PM,video,"La importancia de la resiliencia junto a ByAnaCeci 

#empresas #resiliencia #emprendedoresexitosos",2,1,0,0,0,0,0,0,396,,https://www.facebook.com/reel/2170964453824675/,3
1692583127699872_1576298821175368,https://facebook.com/1692583127699872_1576298821175368,1692583127699872,24 Aug 2026 09:30:00 AM,photo,Tenemos la solución para que tengas tus ventas bajo control. ???,1,0,0,0,0,0,1,0,235,,https://www.facebook.com/photo.php?fbid=1576298787842038&set=a.504567235015204&type=3,1
1692583127699872_1573634564775127,https://facebook.com/1692583127699872_1573634564775127,1692583127699872,21 Aug 2026 10:00:05 AM,photo,"Tener tu negocio, no debe de ser complicado. Controla todo en un mismo lugar. ?? #emprendimiento #guatemala #elsalvador",1,0,0,0,0,0,0,0,325,,https://www.facebook.com/photo.php?fbid=1573634531441797&set=a.504567235015204&type=3,1
1692583127699872_1571904721614778,https://facebook.com/1692583127699872_1571904721614778,1692583127699872,19 Aug 2026 10:33:22 AM,photo,Las ventas en línea es lo de ahora. Comienza a vender sin salir de tu casa. ?? #tiendaenlinea #guatemala #emprendimiento,0,0,0,0,0,0,0,0,237,,https://www.facebook.com/photo.php?fbid=1571904704948113&set=a.504567235015204&type=3,0
1692583127699872_1571166948355222,https://facebook.com/1692583127699872_1571166948355222,1692583127699872,18 Aug 2026 03:09:36 PM,video,Un ecosistema creado para tu negocio,1,0,0,0,0,0,2,0,374,,https://www.facebook.com/reel/2048896109064478/,1
1692583127699872_1570052288466688,https://facebook.com/1692583127699872_1570052288466688,1692583127699872,17 Aug 2026 09:01:57 AM,photo,,2,0,0,0,0,0,0,0,410,,https://www.facebook.com/photo.php?fbid=1570052261800024&set=a.504567235015204&type=3,2
1692583127699872_1567402348731682,https://facebook.com/1692583127699872_1567402348731682,1692583127699872,14 Aug 2026 11:39:42 AM,video,tu negocio en la palma de tu mano,3,0,0,0,0,0,0,0,436,,https://www.facebook.com/reel/1740624230527224/,3
1692583127699872_1565556792249571,https://facebook.com/1692583127699872_1565556792249571,1692583127699872,12 Aug 2026 11:18:23 AM,video,Nada vuelve hacer igual junto a Qpaypro,2,0,0,0,0,0,0,0,421,,https://www.facebook.com/reel/1582569683278953/,2
1692583127699872_928937496174304,https://facebook.com/1692583127699872_928937496174304,1692583127699872,03 Aug 2026 09:08:17 AM,photo,,0,0,0,0,0,0,0,0,304,,https://www.facebook.com/qpaypro,0
1692583127699872_1554653976673186,https://facebook.com/1692583127699872_1554653976673186,1692583127699872,31 Jul 2026 12:32:49 PM,photo,"Muy pronto, una nueva forma de cobrar ? espéralo.",3,0,0,0,0,0,0,0,331,,https://www.facebook.com/photo.php?fbid=1554653953339855&set=a.504567235015204&type=3,3
1692583127699872_1552830280188889,https://facebook.com/1692583127699872_1552830280188889,1692583127699872,29 Jul 2026 12:19:58 PM,video,the new evolution era,6,2,0,0,0,0,2,0,642,,https://www.facebook.com/reel/1650510670418045/,8
1692583127699872_1551815793623671,https://facebook.com/1692583127699872_1551815793623671,1692583127699872,28 Jul 2026 10:36:06 AM,photo,Cobrar con un enlace en cuestión de segundo es posible. ¡Deja de perder ventas! ??,3,0,0,0,0,0,1,0,299,,https://www.facebook.com/photo.php?fbid=1551815773623673&set=a.504567235015204&type=3,3
1692583127699872_1548490070622910,https://facebook.com/1692583127699872_1548490070622910,1692583127699872,24 Jul 2026 05:22:24 PM,photo,Tu negocio nunca descansa y los PROfesionales tampoco. Adquiere tu tienda en línea y vende 24/7?,2,0,0,0,0,0,0,0,285,,https://www.facebook.com/photo.php?fbid=1548490050622912&set=a.504567235015204&type=3,2
1692583127699872_1547683407370243,https://facebook.com/1692583127699872_1547683407370243,1692583127699872,23 Jul 2026 06:58:18 PM,video,"Esto le hicimos pensando en ti, para que tu negocio sea mas PRO",4,0,0,0,0,1,0,0,528,,https://www.facebook.com/reel/1017263590936027/,5
1692583127699872_1546546960817221,https://facebook.com/1692583127699872_1546546960817221,1692583127699872,22 Jul 2026 10:00:04 AM,photo,El sistema más completo y PROfesional del mercado. ? #MuyPronto,4,0,0,0,0,1,0,0,364,,https://www.facebook.com/photo.php?fbid=1546546927483891&set=a.504567235015204&type=3,5
1692583127699872_1545731674232083,https://facebook.com/1692583127699872_1545731674232083,1692583127699872,21 Jul 2026 10:27:42 AM,video,La llamada que hará mas PRO tu negocio,2,1,0,0,0,1,0,0,649,,https://www.facebook.com/reel/3982437231886149/,4
1692583127699872_1544835114321739,https://facebook.com/1692583127699872_1544835114321739,1692583127699872,20 Jul 2026 09:37:48 AM,photo,La plataforma más completa pensado para los PROfesionales ??,4,0,0,0,0,1,0,0,307,,https://www.facebook.com/photo.php?fbid=1544835080988409&set=a.504567235015204&type=3,5
1692583127699872_1544834577655126,https://facebook.com/1692583127699872_1544834577655126,1692583127699872,20 Jul 2026 09:36:52 AM,photo,"Tenemos todo para ti, cobrar, operar y crecer ? lleva tu negocio a lo más PRO.",1,0,0,0,0,1,0,0,245,,https://www.facebook.com/photo.php?fbid=1544834567655127&set=a.504567235015204&type=3,2
1692583127699872_1544833817655202,https://facebook.com/1692583127699872_1544833817655202,1692583127699872,20 Jul 2026 09:35:34 AM,photo,Algo nuevo comienza aquí ? #qpaypro,2,0,0,0,0,1,0,0,254,,https://www.facebook.com/photo.php?fbid=1544833800988537&set=a.504567235015204&type=3,3
1692583127699872_1544200844385166,https://facebook.com/1692583127699872_1544200844385166,1692583127699872,19 Jul 2026 03:05:00 PM,photo,"Tu tienda ya existe. Ahora hazla cobrar. ⚙️?
QPayPro se integra con Shopify, WooCommerce y las principales plataformas de ecommerce en minutos. ? www.qpaypro.com",2,0,0,0,0,1,0,0,347,,https://www.facebook.com/photo.php?fbid=1544200814385169&set=a.504567235015204&type=3,3
1692583127699872_1542647907873793,https://facebook.com/1692583127699872_1542647907873793,1692583127699872,17 Jul 2026 04:23:13 PM,album,"¿Tu tienda ya está en Shopify, WooCommerce o VTEX? Perfecto. Solo le falta una cosa: cobrar con tarjeta. ? Conecta nuestro plugin y empieza a recibir pagos sin cambiar nada de tu tienda. 
? www.qpaypro.com",2,0,0,0,0,1,0,0,303,,https://www.facebook.com/504840204987907/posts/1542647907873793,3
1692583127699872_1541815187957065,https://facebook.com/1692583127699872_1541815187957065,1692583127699872,16 Jul 2026 05:05:20 PM,video,"Conecta, vende y cobra. QPayPro tiene integraciones con las plataformas de eCommerce más usadas en Guatemala y El Salvador. Ya contamos con cientos de tiendas activas. La tuya puede ser la siguiente.",1,0,0,0,0,1,0,0,374,,https://www.facebook.com/reel/1549915606580110/,2
1692583127699872_1540975468041037,https://facebook.com/1692583127699872_1540975468041037,1692583127699872,15 Jul 2026 06:00:00 PM,photo,"Todo tu negocio, en una sola pantalla. ?✨
Con QPay Pro, crear y gestionar tu tienda en línea es así de simple.
? www.qpaypro.com",2,0,0,0,0,1,0,0,356,,https://www.facebook.com/photo.php?fbid=1540975438041040&set=a.504567235015204&type=3,3
1692583127699872_1539884404816810,https://facebook.com/1692583127699872_1539884404816810,1692583127699872,14 Jul 2026 11:55:31 AM,video,"Tu tienda abierta mientras duermes, mientras desayunas y mientras trabajas en otra cosa. Así viven nuestros clientes con su tienda en línea en QPayPro. La tuya puede estar lista hoy.",3,0,0,0,0,1,0,0,465,,https://www.facebook.com/reel/2038837180852003/,4
1692583127699872_1539234248215159,https://facebook.com/1692583127699872_1539234248215159,1692583127699872,13 Jul 2026 06:00:06 PM,album,"Tu negocio no tiene límites. Tu tienda tampoco debería. ?
Crea tu tienda en línea con QPayPro y vende mientras duermes, viajas o atiendes a otro cliente.
? www.qpaypro.com",4,0,0,0,0,1,0,0,275,,https://www.facebook.com/504840204987907/posts/1539234248215159,5
1692583127699872_1536752985129952,https://facebook.com/1692583127699872_1536752985129952,1692583127699872,10 Jul 2026 06:33:00 PM,photo,"Un mensaje. Un link. Una venta cerrada. ??
Cobra por WhatsApp, Instagram o donde estén tus clientes. Sin esperar transferencias, sin perder ventas. ? www.qpaypro.com",1,0,0,0,0,1,0,0,297,,https://www.facebook.com/photo.php?fbid=1536752955129955&set=a.504567235015204&type=3,2
1692583127699872_1535674135237837,https://facebook.com/1692583127699872_1535674135237837,1692583127699872,09 Jul 2026 10:55:28 AM,video,"Cobra por Instagram, WhatsApp, correo o donde quieras ? Solo creas tu link, lo compartes y listo. Ya contamos con miles de negocios en Guatemala que dejaron de cobrar en efectivo gracias a esto.",4,1,0,0,0,1,0,0,438,,https://www.facebook.com/reel/1051806250839503/,6
1692583127699872_1535024468636137,https://facebook.com/1692583127699872_1535024468636137,1692583127699872,08 Jul 2026 05:31:05 PM,album,"¿Sigues persiguiendo capturas de transferencia? ?‍?
Mejor envía un link y deja que el pago llegue solo. 
? www.qpaypro.com",3,0,0,0,0,1,0,0,291,,https://www.facebook.com/504840204987907/posts/1535024468636137,4
1692583127699872_1534152245390026,https://facebook.com/1692583127699872_1534152245390026,1692583127699872,07 Jul 2026 05:30:44 PM,video,"Olvídate de los ""te hago la transferencia ahorita"" que nunca llegan ? Con QPayPro envías un link de pago y tu cliente paga con tarjeta en segundos. Nuestros clientes ya cobran así todos los días.",1,0,0,0,0,1,0,0,402,,https://www.facebook.com/reel/2243515733147100/,2
1692583127699872_1531128439025740,https://facebook.com/1692583127699872_1531128439025740,1692583127699872,04 Jul 2026 11:00:00 AM,photo,"Muestra el código. Recibe el pago. Así de simple. ⚡
Con QPay Pro, tu QR es tu caja registradora. Llévalo a donde vaya tu negocio. 
? www.qpaypro.com",1,0,0,0,0,1,0,0,200,,https://www.facebook.com/photo.php?fbid=1531128269025757&set=a.504567235015204&type=3,2
1692583127699872_1530213909117193,https://facebook.com/1692583127699872_1530213909117193,1692583127699872,03 Jul 2026 10:50:25 AM,video,"Ponlo en tu mostrador, en tu menú o en tu stand de feria. Tus clientes escanean el QR y pagan con tarjeta en segundos. Nuestros clientes ya lo usan y sus filas vuelan.",2,0,0,0,0,1,0,0,532,,https://www.facebook.com/reel/1651804209211764/,3
1692583127699872_1529489889189595,https://facebook.com/1692583127699872_1529489889189595,1692583127699872,02 Jul 2026 05:06:09 PM,album,"Tu cliente ya tiene el celular en la mano. Solo falta que tú tengas el QR. ?
Genera tu código QR con QPay Pro y empieza a cobrar en segundos: sin enredos, sin excusas.
? www.qpaypro.com",1,0,0,0,0,1,0,0,252,,https://www.facebook.com/504840204987907/posts/1529489889189595,2
1692583127699872_1528582399280344,https://facebook.com/1692583127699872_1528582399280344,1692583127699872,01 Jul 2026 05:30:21 PM,video,"¿Sabías que puedes conectar Qpaypro a tu tienda sin saber programar? ? Ya contamos con plugins listos para instalar en las plataformas más populares del mercado. Más ventas, menos complicaciones.",2,0,0,0,0,1,0,0,427,,https://www.facebook.com/reel/1557679549475555/,3
1692583127699872_1527640946041156,https://facebook.com/1692583127699872_1527640946041156,1692583127699872,30 Jun 2026 05:30:03 PM,album,"Tener una tienda en Shopify o WooCommerce y no cobrar bien es como tener un Ferrari sin gasolina. ⚡
? www.qpaypro.com",1,0,0,0,0,1,0,0,228,,https://www.facebook.com/504840204987907/posts/1527640946041156,2
1692583127699872_1524841956321055,https://facebook.com/1692583127699872_1524841956321055,1692583127699872,27 Jun 2026 05:10:26 PM,video,"Cobra con tarjeta en Shopify en 3 simples pasos
#shopify #integracion #ventas",1,0,0,0,0,1,0,0,329,,https://www.facebook.com/reel/1333400591563959/,2
1692583127699872_1523094813162436,https://facebook.com/1692583127699872_1523094813162436,1692583127699872,25 Jun 2026 06:00:05 PM,album,"Los negocios que escalan no tienen tiempo de perseguir pagos. ? Configura una vez y el sistema hace el resto. ??
? www.qpaypro.com",2,0,0,0,0,1,0,0,278,,https://www.facebook.com/504840204987907/posts/1523094813162436,3
1692583127699872_1522119699926614,https://facebook.com/1692583127699872_1522119699926614,1692583127699872,24 Jun 2026 05:00:22 PM,video,"¿Alguna vez te preguntaste cómo Netflix cobra solo cada mes sin perseguir a nadie? ? Eso se llama cobro automático por suscripción, y tu negocio ya puede hacer lo mismo con QPayPro ?",3,0,0,0,0,1,0,0,424,,https://www.facebook.com/reel/1507170954542176/,4
1692583127699872_1520388513433066,https://facebook.com/1692583127699872_1520388513433066,1692583127699872,22 Jun 2026 05:40:33 PM,video,"Nuestros clientes conectaron su propio dominio, subieron su catálogo y empezaron a vender en línea el mismo día ? Tú también puedes. Crea tu tienda con QPayPro",1,0,0,0,0,1,0,0,365,,https://www.facebook.com/reel/1650309776259545/,2
1692583127699872_1519387353533182,https://facebook.com/1692583127699872_1519387353533182,1692583127699872,21 Jun 2026 02:30:00 PM,photo,"Esa tensión de buscar la tarjeta, escribir los datos, esperar... ?‍? Ya no tiene que existir. Qoiin lo resuelve de una vez. ??
? www.qpaypro.com",1,0,0,0,0,1,1,0,403,,https://www.facebook.com/photo.php?fbid=1519387286866522&set=a.504567235015204&type=3,2
1692583127699872_1518588006946450,https://facebook.com/1692583127699872_1518588006946450,1692583127699872,20 Jun 2026 06:01:23 PM,video,"Shopify, WooCommerce, VTEX, Prestashop, Ecwid... ya contamos con integraciones para las plataformas más populares del mercado ? Conecta QPayPro a tu tienda y empieza a cobrar con tarjeta hoy mismo. 
#shopify #woocommerce #pagos",1,0,0,0,0,1,1,0,401,,https://www.facebook.com/reel/1391206982848544/,2
1692583127699872_1517657523706165,https://facebook.com/1692583127699872_1517657523706165,1692583127699872,19 Jun 2026 04:00:00 PM,photo,"No tienes que empezar de cero ni cambiar lo que ya construiste. ? Qpaypro se conecta a lo que ya tienes. ?️?
? www.qpaypro.com",1,0,0,0,0,1,0,0,267,,https://www.facebook.com/photo.php?fbid=1517657500372834&set=a.504567235015204&type=3,2
1692583127699872_1516578113814106,https://facebook.com/1692583127699872_1516578113814106,1692583127699872,18 Jun 2026 11:00:33 AM,video,"Links de Pago, Tienda en Linea y toda una plataforma integrada ahora con nuestro POS en El Salvador ??",2,0,0,0,0,1,0,0,371,,https://www.facebook.com/reel/4222486588001662/,3
1692583127699872_1515892797215971,https://facebook.com/1692583127699872_1515892797215971,1692583127699872,17 Jun 2026 04:30:05 PM,album,"Imaginate despertar con pedidos nuevos sin haber hecho nada. ? Así se siente tener una tienda en línea que trabaja por ti. ??️
? www.qpaypro.com",0,0,0,0,0,1,0,0,170,,https://www.facebook.com/504840204987907/posts/1515892797215971,1
1692583127699872_1515880813883836,https://facebook.com/1692583127699872_1515880813883836,1692583127699872,17 Jun 2026 04:06:26 PM,photo,"Les deseamos a toda esos padres, que luchan cada día por sus sueños y las de sus familias ? #FelizDiaDelPadre ??",1,0,0,0,0,1,0,0,194,,https://www.facebook.com/photo.php?fbid=1515880793883838&set=a.504567235015204&type=3,2
1692583127699872_1515062197299031,https://facebook.com/1692583127699872_1515062197299031,1692583127699872,16 Jun 2026 07:00:04 PM,album,"Nuestros clientes en El Salvador,  ya confían en nosotros. ¿Y tú que esperás? para formar parte del ecosistema de cobro más completo ???",1,3,0,0,0,1,1,0,278,,https://www.facebook.com/504840204987907/posts/1515062197299031,5
1692583127699872_1513851707420080,https://facebook.com/1692583127699872_1513851707420080,1692583127699872,15 Jun 2026 10:30:25 AM,video,"Nuestros clientes abrieron su tienda en línea sin saber de tecnología y hoy venden todos los días ? Con QPayPro armas tu catálogo, configuras envíos y cobras con tarjeta, todo desde un solo lugar.",0,0,0,0,0,1,0,0,361,,https://www.facebook.com/reel/3931149777015436/,1
1692583127699872_1512069050931679,https://facebook.com/1692583127699872_1512069050931679,1692583127699872,13 Jun 2026 11:00:00 AM,photo,"En El Salvador hay negocios que todavía pierden ventas porque no tienen cómo cobrar con tarjeta. ?️ Eso tiene solución y está más cerca de lo que crees.
? www.qpaypro.com",0,1,0,0,0,1,0,0,226,,https://www.facebook.com/photo.php?fbid=1512069030931681&set=a.504567235015204&type=3,2
1692583127699872_1511110454360872,https://facebook.com/1692583127699872_1511110454360872,1692583127699872,12 Jun 2026 10:01:27 AM,video,"Conoce nuestro nuevo POS en El Salvador ??
#pos #ventas #tiendafisica",1,0,0,0,0,1,0,0,452,,https://www.facebook.com/reel/2970351420023585/,2
1692583127699872_1510488714423046,https://facebook.com/1692583127699872_1510488714423046,1692583127699872,11 Jun 2026 04:00:00 PM,photo,La plataforma más completa de Guate ?? ¡Compruébalo  hoy! ?,2,1,0,0,0,1,0,0,251,,https://www.facebook.com/photo.php?fbid=1510488697756381&set=a.504567235015204&type=3,4
1692583127699872_1509359727869278,https://facebook.com/1692583127699872_1509359727869278,1692583127699872,10 Jun 2026 10:00:27 AM,video,"¿Sabías que ya contamos con miles de tiendas en línea activas en Guatemala y El Salvador? ???? Tu tienda abierta 24/7, con pedidos, pagos y seguimiento en un solo lugar. Empieza en https://zurl.co/NyHoZ

#tiendaenlinea #ventas #pasareladepagos",2,0,0,0,0,1,0,0,304,,https://www.facebook.com/reel/2803423156687979/,3
1692583127699872_1508750701263514,https://facebook.com/1692583127699872_1508750701263514,1692583127699872,09 Jun 2026 06:00:00 PM,photo,"Mientras dormías, alguien quería comprarte. ¿Tu tienda estaba lista? ? La tuya puede estarlo siempre.
? www.qpaypro.com",1,0,0,0,0,1,0,0,211,,https://www.facebook.com/photo.php?fbid=1508750664596851&set=a.504567235015204&type=3,2
1692583127699872_1506910584780859,https://facebook.com/1692583127699872_1506910584780859,1692583127699872,07 Jun 2026 05:00:00 PM,photo,"No todos los negocios funcionan igual y sus herramientas tampoco deberían. ? En Qpaypro tienes todas las opciones, tú eliges la que más te conviene.
? www.qpaypro.com",4,0,0,0,0,1,0,0,269,,https://www.facebook.com/photo.php?fbid=1506910541447530&set=a.504567235015204&type=3,5
1692583127699872_1505073058297945,https://facebook.com/1692583127699872_1505073058297945,1692583127699872,05 Jun 2026 05:40:29 PM,video,"Nuestros clientes ya no persiguen transferencias ni pagos pendientes ? Con QPayPro envías un link, tu cliente paga con tarjeta y tú recibes tu dinero. Así de simple. 
#ventas #whatsapp #emprendimiento",4,0,0,0,0,1,0,0,374,,https://www.facebook.com/reel/1712249819788816/,5
1692583127699872_1503849635086954,https://facebook.com/1692583127699872_1503849635086954,1692583127699872,04 Jun 2026 10:25:04 AM,album,"Seguimos normalizando procesos que nos hacen perder tiempo y dinero. ? Hay una forma mejor y es más fácil de lo que piensas. ⚡
? www.qpaypro.com",2,0,0,0,0,1,0,0,240,,https://www.facebook.com/504840204987907/posts/1503849635086954,3
1692583127699872_1502865695185348,https://facebook.com/1692583127699872_1502865695185348,1692583127699872,03 Jun 2026 09:00:42 AM,video,"¿Tienes un servicio mensual? Ya contamos con cientos de negocios, escuelas y académias que automatizaron sus cobros con QPayPro ⚡ Menos tiempo persiguiendo pagos, más tiempo creciendo. Empieza hoy en qpaypro.com

#mensualidad #suscripciones #automatizacion",4,0,0,0,0,1,0,0,381,,https://www.facebook.com/reel/898827083240302/,5
1692583127699872_1502226948582556,https://facebook.com/1692583127699872_1502226948582556,1692583127699872,02 Jun 2026 05:30:00 PM,photo,"Mandar recordatorios, esperar respuesta, volver a preguntar... ?‍? Eso no es administrar un negocio, eso es desgaste. Hay una mejor forma.
? www.qpaypro.com",5,0,0,0,0,1,0,1,347,,https://www.facebook.com/photo.php?fbid=1502226925249225&set=a.504567235015204&type=3,6
1692583127699872_1501024948702756,https://facebook.com/1692583127699872_1501024948702756,1692583127699872,01 Jun 2026 10:37:33 AM,album,"¿Sabías que nuestros links de pagos son rápidos, fáciles y seguros. ? ¡Comienza ahora! ?",6,1,0,0,0,1,0,2,447,,https://www.facebook.com/504840204987907/posts/1501024948702756,8
1692583127699872_1499414208863830,https://facebook.com/1692583127699872_1499414208863830,1692583127699872,30 May 2026 07:00:32 PM,video,"¿Tienes tienda en Shopify? Ya contamos con cientos de tiendas integradas a QPayPro en Guatemala ?️ En minutos activas los pagos con tarjeta y empiezas a vender más. Sin código, sin complicaciones. 
#shopify #ventasonline #paginaweb",7,0,0,0,0,1,0,1,603,,https://www.facebook.com/reel/3328057527395581/,8
1692583127699872_1497281809077070,https://facebook.com/1692583127699872_1497281809077070,1692583127699872,28 May 2026 10:00:25 AM,video,"Ahora cobrar con tarjeta en bazares, ferias y eventos es tan fácil con tu QR.",3,0,0,0,0,1,0,0,440,,https://www.facebook.com/reel/1294184086206377/,4
1692583127699872_1485217356950182,https://facebook.com/1692583127699872_1485217356950182,1692583127699872,14 May 2026 08:43:49 PM,link,??,3,0,0,0,0,1,1,0,456,,https://l.facebook.com/l.php?u=https%3A%2F%2Fempresarialperiodismo.blogspot.com%2F2026%2F05%2Fqpaypro-la-pasarela-que-impulsa-el.html&h=AUCuSSRMJc0CKP8dXWGXhejPMsVoF7aEqU2R4vparsl19ROkh24ObbRmBkPxq85MoH7xQ-31_xsqiBxYla-YAbI76m-8JMWyoiRtwhtVmNM2gn3svJAOEgR2j8dcbOCj&s=1,4
1692583127699872_1485079576963960,https://facebook.com/1692583127699872_1485079576963960,1692583127699872,14 May 2026 04:05:08 PM,album,"✨ ¡Qué inspiradora fue la historia que compartimos ayer! ??

Gracias a todos los participantes por acompañarnos . Y un agradecimiento especial a Ana Cecilia por compartir su experiencia personal y profesional, dejando valiosas enseñanzas para todos. ?",3,1,0,0,0,1,0,0,448,,https://www.facebook.com/504840204987907/posts/1485079576963960,5
1692583127699872_1482303347241583,https://facebook.com/1692583127699872_1482303347241583,1692583127699872,11 May 2026 12:38:22 PM,photo,Aún estás a tiempo de participar en nuestro próximo Taller Historias que venden.??. Enlace de inscripción en enlace de nuestra bio.,1,0,0,0,0,1,0,0,497,,https://www.facebook.com/photo.php?fbid=1482303327241585&set=a.504567235015204&type=3,2
1692583127699872_1481364587335459,https://facebook.com/1692583127699872_1481364587335459,1692583127699872,10 May 2026 11:02:03 AM,video,"Feliz Día a las mamás que aman, cuidan y nunca se rinden.
#diadelamadre #emprendedora #mama",4,0,0,0,0,1,1,0,538,,https://www.facebook.com/reel/910470032035029/,5
1692583127699872_1479856704152914,https://facebook.com/1692583127699872_1479856704152914,1692583127699872,08 May 2026 07:10:03 PM,album,"Si aún no tienes el regalo de mamá, aún estás a tiempo, te compartimos esta guía de regalos ?✨ #díadelamadre #emprendimientos",2,1,0,0,0,1,0,1,605,,https://www.facebook.com/504840204987907/posts/1479856704152914,4
1692583127699872_1479568594181725,https://facebook.com/1692583127699872_1479568594181725,1692583127699872,08 May 2026 10:19:04 AM,video,Ser mamá es amar. Conoce mas sobre @maria_belen_coach,2,0,0,0,0,1,0,0,489,,https://www.facebook.com/reel/4422261954729896/,3
1692583127699872_1478963464242238,https://facebook.com/1692583127699872_1478963464242238,1692583127699872,07 May 2026 05:45:16 PM,video,?,8,0,0,0,0,1,0,0,836,,https://www.facebook.com/reel/957325983677746/,9
1692583127699872_1477894064349178,https://facebook.com/1692583127699872_1477894064349178,1692583127699872,06 May 2026 10:14:46 AM,video,Detrás de cada marca exitosa hay una estrategia. Conoce la historia de @byanaceci,3,0,0,0,0,1,0,2,456,,https://www.facebook.com/reel/1904526983551236/,4
1692583127699872_1477283601076891,https://facebook.com/1692583127699872_1477283601076891,1692583127699872,05 May 2026 04:27:13 PM,video,"Detrás de cada emprendedora, hay una mamá que le enseño a no rendirse. Conoce la historia de @afectogt",4,0,0,0,0,1,1,0,507,,https://www.facebook.com/reel/991666126703916/,5
1692583127699872_1476233231181928,https://facebook.com/1692583127699872_1476233231181928,1692583127699872,04 May 2026 10:24:16 AM,album,"??‍?Nuestras emprendedoras, aprendieron de sus propias madres. Conoce la Historia de Ana Lucia y Lalúh. ?",0,1,0,0,0,1,1,0,406,,https://www.facebook.com/504840204987907/posts/1476233231181928,2
1692583127699872_1474608138011104,https://facebook.com/1692583127699872_1474608138011104,1692583127699872,02 May 2026 12:04:48 PM,video,Detrás de cada emprendimiento hay una madre poderosa. ?➡️Conoce la historia de  Lalúh?,2,1,0,0,0,1,0,0,408,,https://www.facebook.com/reel/1543981657050054/,4
1692583127699872_1473017874836797,https://facebook.com/1692583127699872_1473017874836797,1692583127699872,30 Apr 2026 04:54:32 PM,photo,¡No te pierdas de nuestro próximo encuentro! Con nuestra emprendedora @anaceciliaguerra de @byanaceci ✨✨,0,0,0,0,0,1,0,0,398,,https://www.facebook.com/photo.php?fbid=1473017861503465&set=a.504567235015204&type=3,1
1692583127699872_1471974571607794,https://facebook.com/1692583127699872_1471974571607794,1692583127699872,29 Apr 2026 12:00:29 PM,video,La diferencia entre una empresa que crece y una que solo gasta. En El Salvador ya se cobra como un PRO ??,1,0,0,0,0,1,0,0,322,,https://www.facebook.com/reel/1259731162993169/,2
1692583127699872_1467360542069197,https://facebook.com/1692583127699872_1467360542069197,1692583127699872,24 Apr 2026 10:00:23 AM,video,Herramientas gratuitas que harán mas pro tu negocio,5,0,0,0,0,1,0,0,242,,https://www.facebook.com/reel/35435614386052135/,6
1692583127699872_1465862655552319,https://facebook.com/1692583127699872_1465862655552319,1692583127699872,22 Apr 2026 03:00:34 PM,video,¿ Tu negocio es grande en El Salvador? ?? que tu forma de cobrar también lo sea.,6,0,0,0,0,1,0,0,453,,https://www.facebook.com/reel/1555073879371947/,7
1692583127699872_1465102932294958,https://facebook.com/1692583127699872_1465102932294958,1692583127699872,21 Apr 2026 05:03:05 PM,photo,"¿Una idea sin capital puede llegar a 90K seguidores? Ana Ceci lo hizo. ? 

Ven a escuchar su historia en #HistoriasQueVenden

? 13 mayo · 8:30 a.m.
? AGEXPORT, zona 13
?️ Inscripción : https://zurl.co/8Ly5V",2,0,0,0,0,1,0,0,514,,https://www.facebook.com/photo.php?fbid=1465102872294964&set=a.504567235015204&type=3,3
1692583127699872_1464095295729055,https://facebook.com/1692583127699872_1464095295729055,1692583127699872,20 Apr 2026 11:27:00 AM,photo,"? Existen mucha historias, pero muy pocas... Historias que  Venden.✨

?? Save the date  13.05.2026",4,1,0,0,0,1,0,0,367,,https://www.facebook.com/photo.php?fbid=1464095259062392&set=a.504567235015204&type=3,6
1692583127699872_1460673296071255,https://facebook.com/1692583127699872_1460673296071255,1692583127699872,16 Apr 2026 08:30:00 AM,photo,Hoy celebramos a todos los emprendedores. Aquellos que inspiran a otros a ser más grandes ✨,4,0,0,0,0,1,1,1,533,,https://www.facebook.com/photo.php?fbid=1460673162737935&set=a.504567235015204&type=3,5
1692583127699872_1460110136127571,https://facebook.com/1692583127699872_1460110136127571,1692583127699872,15 Apr 2026 05:30:23 PM,video,"Ahora más fácil que nunca, cobra en segundos con nuestro POS",5,2,0,0,0,1,1,0,471,,https://www.facebook.com/reel/3495499160625579/,8
1692583127699872_1459104306228154,https://facebook.com/1692583127699872_1459104306228154,1692583127699872,14 Apr 2026 11:58:00 AM,photo,?Un nuevo capítulo de grandes historias está por comenzar... No te lo pierdas muy pronto mayor información. ✨,4,0,0,0,0,0,0,0,425,,https://www.facebook.com/photo.php?fbid=1459104286228156&set=a.504567235015204&type=3,4
1692583127699872_1455211079950810,https://facebook.com/1692583127699872_1455211079950810,1692583127699872,09 Apr 2026 05:10:24 PM,video,"Cada segundo es una venta, no pierdas más tiempo y eleva tu forma de cobrar",2,0,0,0,0,0,0,0,575,,https://www.facebook.com/reel/34818633367785200/,2
1692583127699872_1446913230780595,https://facebook.com/1692583127699872_1446913230780595,1692583127699872,30 Mar 2026 04:36:47 PM,photo,"? Qpaypro llega a El Salvador y lo hace con fuerza.

Tras 9 años transformando los pagos digitales en Guatemala y más de 800,000 usuarios, hacemos oficial nuestra expansión a El Salvador, de la mano de Banco Atlántida El Salvador y Serfinsa.

? Lee la nota de prensa completa:
?? https://zurl.co/BgqK8",26,6,0,0,0,0,2,1,4186,,https://www.facebook.com/photo.php?fbid=1446912400780678&set=a.504567245015203&type=3,32
1692583127699872_1443595811112337,https://facebook.com/1692583127699872_1443595811112337,1692583127699872,26 Mar 2026 04:30:17 PM,album,?Este mes estuvo lleno de historias inspiradoras y de mujeres emprendedoras. Conoce la historia de Karina y su emprendimiento ?? Kalhena Accesorios Karina Munoz,6,7,0,0,0,0,1,1,1052,,https://www.facebook.com/504840204987907/posts/1443595811112337,13
1692583127699872_1441750371296881,https://facebook.com/1692583127699872_1441750371296881,1692583127699872,24 Mar 2026 03:17:35 PM,video,Estamos a pocos de nuestro webinar junto a @soymipagina,2,1,0,0,0,0,0,0,538,,https://www.facebook.com/reel/904140182620253/,3
1692583127699872_1437183431753575,https://facebook.com/1692583127699872_1437183431753575,1692583127699872,19 Mar 2026 04:34:02 PM,video,"Creer en el proceso para emprender
#emprendedora #qpaypro #emprendedoresexitosos #emprendiendoconganas",9,2,0,0,0,0,0,4,802,,https://www.facebook.com/reel/2042439650030212/,11
1692583127699872_1434567972015121,https://facebook.com/1692583127699872_1434567972015121,1692583127699872,16 Mar 2026 11:39:16 AM,album,Conoce la historia detrás de Glowing ?? 2 mujeres emprendedoras que aportan a la economía del país. #sueñaengrande #mujeresqueinspiran #diadelamujer,2,2,0,0,0,0,0,0,745,,https://www.facebook.com/504840204987907/posts/1434567972015121,4
1692583127699872_1430640782407840,https://facebook.com/1692583127699872_1430640782407840,1692583127699872,11 Mar 2026 04:27:41 PM,video,"La historia que dio vida a Glowing
#mujeres #emprendedora #motivacion #inspirateyemprende",1,0,0,0,0,0,0,0,496,,https://www.facebook.com/reel/904756355739056/,1
1692583127699872_1428991532572765,https://facebook.com/1692583127699872_1428991532572765,1692583127699872,09 Mar 2026 04:02:00 PM,photo,"? No te pierdas de nuestro próximo webinar: Construyendo tu Imperio Digital.  Inscripción: https://zurl.co/Cic3f    

@JuniorAchievementGuatemala",7,0,0,0,0,0,0,0,627,,https://www.facebook.com/photo.php?fbid=1428991495906102&set=a.504567235015204&type=3,7
1692583127699872_1427917656013486,https://facebook.com/1692583127699872_1427917656013486,1692583127699872,08 Mar 2026 08:39:13 AM,photo,"Hoy conmemoramos el día de la mujer a todas aquellas emprendedoras y las que tienen metas grandes. A las que trabajan día a día por cumplir un sueño. A las que con esfuerzo, valentía y pasión construyen su propio camino. ✨",2,1,0,0,0,0,0,0,610,,https://www.facebook.com/photo.php?fbid=1427917639346821&set=a.504567235015204&type=3,3
1692583127699872_1427074219431163,https://facebook.com/1692583127699872_1427074219431163,1692583127699872,07 Mar 2026 08:38:06 AM,album,?? Najelee es más que inspiración es una mujer emprendedora llena de metas y sueños.? #mujeremprededora #díadelamujer,3,1,0,0,0,0,0,0,625,,https://www.facebook.com/504840204987907/posts/1427074219431163,4
1692583127699872_1424900469648538,https://facebook.com/1692583127699872_1424900469648538,1692583127699872,04 Mar 2026 04:08:40 PM,video,"Emprender no sólo fue abrir un negocio
#mujeremprededora #díadelamujer #emprendedoresexitosos #motivacion",8,1,0,0,0,0,0,1,542,,https://www.facebook.com/reel/1472960274543630/,9
1692583127699872_1423275333144385,https://facebook.com/1692583127699872_1423275333144385,1692583127699872,02 Mar 2026 04:31:46 PM,video,"Como cobrar en Shopify
#qpaypro #shopify #vender",3,0,0,0,0,0,0,0,465,,https://www.facebook.com/reel/4371976783034155/,3
1692583127699872_1421419566663295,https://facebook.com/1692583127699872_1421419566663295,1692583127699872,28 Feb 2026 01:00:00 PM,photo,"?¡La solución a todos tus problemas, comienza a cobrar con tarjeta ahora!? #qpaypro #emprendimiento #negocios",1,0,0,0,0,0,2,0,700,,https://www.facebook.com/photo.php?fbid=1421419539996631&set=a.504567235015204&type=3,1
1692583127699872_1417978403674078,https://facebook.com/1692583127699872_1417978403674078,1692583127699872,24 Feb 2026 04:57:22 PM,video,"Pelea en CAES
#qpaypro #humor #motivacion",2,0,0,0,0,0,0,0,949,,https://www.facebook.com/reel/1627606498274450/,2
1692583127699872_1414470254024893,https://facebook.com/1692583127699872_1414470254024893,1692583127699872,20 Feb 2026 05:00:22 PM,video,??‍♀️¡Continúa con tus actividades preferidas! Y recibí tus pagos a toda hora con Qpayshop. ?,3,0,0,0,0,0,0,0,593,,https://www.facebook.com/reel/933827325735300/,3
1692583127699872_1412705244201394,https://facebook.com/1692583127699872_1412705244201394,1692583127699872,18 Feb 2026 04:54:35 PM,photo,¡Nada mejor que tu tienda en línea trabaje para tí! Conoce más de como integrar esta herramienta a tu empresa.???‍? #qpaypro #qpayshop #ventasonline,0,0,0,0,0,0,0,0,460,,https://www.facebook.com/photo.php?fbid=1412705204201398&set=a.504567235015204&type=3,0
1692583127699872_1410834827721769,https://facebook.com/1692583127699872_1410834827721769,1692583127699872,16 Feb 2026 04:54:02 PM,video,"Crea tu tienda en línea sin excusas

#qpaypro #negocios #emprendimiento",6,1,0,0,0,0,1,0,1234,,https://www.facebook.com/reel/1109796214558081/,7
1692583127699872_1407932904678628,https://facebook.com/1692583127699872_1407932904678628,1692583127699872,13 Feb 2026 04:41:59 PM,video,"Como empezar desde cero
#qpaypro #emprendimiento #negocios",4,0,0,0,0,0,1,0,631,,https://www.facebook.com/reel/936540575604029/,4
1692583127699872_1406968241441761,https://facebook.com/1692583127699872_1406968241441761,1692583127699872,12 Feb 2026 04:27:38 PM,video,"IT al rescate
#humor #fyp #trend #humoroficina",7,2,0,3,0,0,0,1,1684,,https://www.facebook.com/reel/1578341993376242/,12
1692583127699872_1406961638109088,https://facebook.com/1692583127699872_1406961638109088,1692583127699872,12 Feb 2026 04:13:53 PM,album,"??Nuestro servicio nos caracteriza, conoce lo que opinan nuestros clientes ?.",1,0,0,0,0,0,0,0,500,,https://www.facebook.com/504840204987907/posts/1406961638109088,1
1692583127699872_1404914904980428,https://facebook.com/1692583127699872_1404914904980428,1692583127699872,10 Feb 2026 09:20:35 AM,video,"Mejora tu pagina con estos tips
#qpaypro #emprendimiento #negocios",3,0,0,0,0,0,0,0,332,,https://www.facebook.com/reel/1670300840797053/,3
1692583127699872_1404175125054406,https://facebook.com/1692583127699872_1404175125054406,1692583127699872,09 Feb 2026 01:15:26 PM,video,"¿Y quién te dijo que cobrar en línea es difícil? ?

Durante años nos hicieron creer que para cobrar en línea era complicado. Pero la realidad es otra ?",1,0,0,0,0,0,0,1,439,,https://www.facebook.com/reel/896153076392733/,1
1692583127699872_1402190961919489,https://facebook.com/1692583127699872_1402190961919489,1692583127699872,07 Feb 2026 10:00:22 AM,video,Los links de pago son los favoritos de nuestros clientes. ¿Qué esperas para probarlos? ??? www.qpaypro.com #qpaypro #emprendimiento #negocios,3,1,0,0,0,0,0,1,664,,https://www.facebook.com/reel/1417285200137970/,4
1692583127699872_1400256685446250,https://facebook.com/1692583127699872_1400256685446250,1692583127699872,05 Feb 2026 09:42:29 AM,video,Cuando el equipo de MK de #Qpaypro se acerca entra el temor al grupo ?? #teamqpaypro #humor,5,0,1,10,0,0,0,0,779,,https://www.facebook.com/reel/1426440625846539/,16
1692583127699872_1399287955543123,https://facebook.com/1692583127699872_1399287955543123,1692583127699872,04 Feb 2026 09:45:00 AM,photo,? ¿Ya conoces nuestra nueva página web? Explorala ahora ? en: www.qpaypro.com,2,0,0,0,0,0,0,0,558,,https://www.facebook.com/photo.php?fbid=1399287908876461&set=a.504567235015204&type=3,2
1692583127699872_1398659595605959,https://facebook.com/1692583127699872_1398659595605959,1692583127699872,03 Feb 2026 05:18:23 PM,video,"Si cobrar se vuelve complicado, el cliente se va ? Evita errores comunes y dale a tu negocio una experiencia de pago profesional.?

??Con Qpaypro puedes cobrar en línea de forma segura, simple y sin enredos.",7,1,0,0,0,0,0,1,1009,,https://www.facebook.com/reel/2003704860496393/,8
1692583127699872_1398648335607085,https://facebook.com/1692583127699872_1398648335607085,1692583127699872,03 Feb 2026 04:55:09 PM,video,"Esto algo que a casi nadie le gusta escuchar
#qpaypro #emprendimiento #negocios",5,0,0,0,0,0,0,0,469,,https://www.facebook.com/reel/25933800949584515/,5
1692583127699872_1392609609544291,https://facebook.com/1692583127699872_1392609609544291,1692583127699872,27 Jan 2026 05:14:58 PM,video,✨Nuestro Kick Off estuvo lleno de nuevas metas y proyectos para este 2026 ¡Somos más que una pasarela de pagos! Somos un equipo lleno de creatividad y metas claras ?,1,1,0,0,0,0,0,1,283,,https://www.facebook.com/reel/1554876512404067/,2
1692583127699872_1388942973244288,https://facebook.com/1692583127699872_1388942973244288,1692583127699872,23 Jan 2026 04:40:52 PM,video,¡Más PRO que nunca! Qpaypro se expande a El Salvador ?? Más oportunidades de ser un PROfesional ? síguenos en nuestra cuenta oficial.,3,0,0,0,0,0,0,0,266,,https://www.facebook.com/reel/898862476192874/,3
1692583127699872_1388870936584825,https://facebook.com/1692583127699872_1388870936584825,1692583127699872,23 Jan 2026 02:00:23 PM,video,? Abre las puertas de tu clínica al mundo entero. Cobra internacionalmente sin rollos y atrae pacientes de todas partes ?✨,0,0,0,0,0,0,0,0,246,,https://www.facebook.com/reel/2451278038661241/,0
1692583127699872_1387144090090843,https://facebook.com/1692583127699872_1387144090090843,1692583127699872,21 Jan 2026 12:00:36 PM,video,Tu tienda de beauty lista en minutos con QPayShop ?✨ Vende 24/7 créenos tus ventas se van a duplicar ??,0,0,0,0,0,0,0,0,243,,https://www.facebook.com/reel/1264151782280283/,0
1692583127699872_1385600560245196,https://facebook.com/1692583127699872_1385600560245196,1692583127699872,19 Jan 2026 04:00:18 PM,video,¿Salón lleno pero sin POS? ? Manda tu link de pago Free por WhatsApp y cobra al toque ?? Problema resuelto en 2 segundos ✨,2,0,0,0,0,0,0,1,302,,https://www.facebook.com/reel/1696218815088933/,2
1692583127699872_1381472907324628,https://facebook.com/1692583127699872_1381472907324628,1692583127699872,14 Jan 2026 11:30:06 AM,photo,"Emprendedores esto es para ustedes ✨ Arranca con Free, crece con Shop y recibe tu dinero en 24-48h ? Así de rápido, así de real ?",0,0,0,0,0,0,0,1,407,,https://www.facebook.com/photo.php?fbid=1381472887324630&set=a.504567235015204&type=3,0
1692583127699872_1379913664147219,https://facebook.com/1692583127699872_1379913664147219,1692583127699872,12 Jan 2026 10:30:00 AM,photo,"? Decidí PROfesionalizar mis cobros desde el día 1 con el Plan Free de Qpaypro ? Cero excusas, cero complicaciones ?✨ conoce más: https://zurl.co/TeRqA",0,0,0,0,0,0,0,0,373,,https://www.facebook.com/photo.php?fbid=1379913624147223&set=a.504567235015204&type=3,0
1692583127699872_1377772111028041,https://facebook.com/1692583127699872_1377772111028041,1692583127699872,09 Jan 2026 01:30:01 PM,photo,"Qpaypro Premium no es un plan, es un power-up ⚡  Integraciones que sí funcionan, cobros  en automático y clientes de todo el mundo pagándote ??",2,0,0,0,0,0,0,0,376,,https://www.facebook.com/photo.php?fbid=1377772081028044&set=a.504567235015204&type=3,2
1692583127699872_1376075567864362,https://facebook.com/1692583127699872_1376075567864362,1692583127699872,07 Jan 2026 10:30:23 AM,video,"Plot twist: tu carrito siempre lleno, notificaciones de venta sin parar ?? Spoiler: todo empieza creando tu tienda en línea ?",0,0,0,0,0,0,0,0,263,,https://www.facebook.com/reel/1263022415637863/,0
1692583127699872_1375363311268921,https://facebook.com/1692583127699872_1375363311268921,1692583127699872,06 Jan 2026 12:00:01 PM,photo,? Conoce más sobre nuestro plan free. Comienza a cobrar de forma diferente este 2026 aquí: https://zurl.co/4ftKT ✨,0,0,0,0,0,0,0,0,402,,https://www.facebook.com/photo.php?fbid=1375363277935591&set=a.504567235015204&type=3,0
1692583127699872_1374438924694693,https://facebook.com/1692583127699872_1374438924694693,1692583127699872,05 Jan 2026 09:18:37 AM,video,"??Este 2026, proponte una meta que impulse tu negocio: brindar a tus clientes una plataforma de pagos segura y confiable. ? 

#emprendeconconfianza #qpaypro",0,0,0,0,0,0,0,0,270,,https://www.facebook.com/reel/1894751781404030/,0
1692583127699872_1370739825064603,https://facebook.com/1692583127699872_1370739825064603,1692583127699872,31 Dec 2025 12:00:29 PM,video,"Que este año esté lleno de nuevas metas y grandes logros.  

Gracias a cada uno de nuestros clientes por su confianza  y a nuestro equipo por hacer posible todo lo que vivimos en 2025.  

¡Vamos por un 2026 lleno de nuevos retos, crecimiento y sorpresas para todos! ??",1,1,0,0,0,0,0,0,300,,https://www.facebook.com/reel/1442526940763064/,2
1692583127699872_1369075168564402,https://facebook.com/1692583127699872_1369075168564402,1692583127699872,29 Dec 2025 08:30:00 AM,photo,"Meta 2026:  aumentar las ventas x2, comienza hoy mismo con una tienda online. ¡Rápida, Segura y Completa! ??",0,0,0,0,0,0,0,1,356,,https://www.facebook.com/photo.php?fbid=1369075145231071&set=a.504567235015204&type=3,0
1692583127699872_1368584235280162,https://facebook.com/1692583127699872_1368584235280162,1692583127699872,28 Dec 2025 04:00:33 PM,video,??Conoce el mejor plan para ti y tu negocio. ¡Nosotros nos encargamos de asesorarte! Comienza a cobrar como un Pro.,0,0,0,0,0,0,0,1,215,,https://www.facebook.com/reel/3015563148638057/,0
1692583127699872_1365552278916691,https://facebook.com/1692583127699872_1365552278916691,1692583127699872,24 Dec 2025 12:00:04 PM,photo,"¡Feliz Navidad! ?✨

En QPayPro les deseamos a todos nuestros clientes y seguidores una Navidad llena de unión familiar, paz y muchos momentos especiales. ???",0,0,0,0,0,0,0,0,260,,https://www.facebook.com/photo.php?fbid=1365552262250026&set=a.504567235015204&type=3,0
1692583127699872_1363987725739813,https://facebook.com/1692583127699872_1363987725739813,1692583127699872,22 Dec 2025 10:30:00 AM,photo,"¡Qué mejor manera de comenzar el 2026 que con tu propia tienda en línea! ?  

¿Te interesa? Comentanos “Info” y uno de nuestros asesores se pondrá en contacto contigo. ???",0,0,0,0,0,0,0,0,263,,https://www.facebook.com/photo.php?fbid=1363987709073148&set=a.504567235015204&type=3,0
1692583127699872_1361628202642432,https://facebook.com/1692583127699872_1361628202642432,1692583127699872,19 Dec 2025 10:30:41 AM,video,Escuchamos a nuestros clientes Pro's y esto fue lo que nos compartieron ?,0,0,0,0,0,0,0,0,176,,https://www.facebook.com/reel/744538294744511/,0
1692583127699872_1360821186056467,https://facebook.com/1692583127699872_1360821186056467,1692583127699872,18 Dec 2025 10:00:43 AM,video,"??La interfaz más Pro, ya está disponible en tu panel. Comienza a probarla en www.qpaypro.com ¿Quieres usarla al máximo? Nosotros te asesoramos. ?",0,0,0,0,0,0,0,0,181,,https://www.facebook.com/reel/25193745760251948/,0
1692583127699872_1360262526112333,https://facebook.com/1692583127699872_1360262526112333,1692583127699872,17 Dec 2025 04:30:39 PM,video,"¿Listo para unirte a una plataforma moderna, segura y fácil de usar? ? Empieza hoy a cobrar como un Pro. ¡Déjanos tus datos y te contactamos! ?✨",2,1,0,0,0,0,0,0,187,,https://www.facebook.com/reel/1190144119922681/,3
1692583127699872_1359393389532580,https://facebook.com/1692583127699872_1359393389532580,1692583127699872,16 Dec 2025 12:30:21 PM,video,Hemos subido de nivel ? conoce las nuevas funcionalidades de nuestra nueva interfaz. ¿Necesitas ayuda? Nosotros te asesoramos.,1,0,0,0,0,0,0,0,194,,https://www.facebook.com/reel/2287446948426037/,1
1692583127699872_1358709166267669,https://facebook.com/1692583127699872_1358709166267669,1692583127699872,15 Dec 2025 03:32:12 PM,link,"? ¡El futuro de los pagos digitales está aquí!
Qpaypro se renueva para impulsar tu negocio con tecnología de vanguardia. ? Con el lanzamiento de su nueva versión 3, la plataforma ofrece una experiencia más intuitiva, potente y segura, 

? Lee la nota completa aquí: https://zurl.co/VwHOo",0,1,0,0,0,0,0,0,224,,https://l.facebook.com/l.php?u=https%3A%2F%2Fwww.qpaypro.com%2Fqpaypro-busca-modernizarse-estar-a-la-vanguardia-de-la-tecnologia%2F&h=AUB-a3hXs1EO8UMorRhIT8im8zN788WexrJ8mGZOPZGqSZQlqqAO6fhL_I0nR-d5y95QOiDMmayN79Vptn8kj5Udtkpi_KjOgTBq1OFKTwHN5TAij8F-lcg1eR4iUtXl&s=1,1
1692583127699872_1358515769620342,https://facebook.com/1692583127699872_1358515769620342,1692583127699872,15 Dec 2025 09:30:00 AM,photo,"?Qpaypro más Pro que nunca, conoce los cambios que realizamos para tí! Ya disponible en tu panel ¿Necesitas asesoría? Nosotros te contactamos. ?✨",0,0,0,0,0,0,0,0,206,,https://www.facebook.com/photo.php?fbid=1358515736287012&set=a.504567235015204&type=3,0
1692583127699872_1357693843035868,https://facebook.com/1692583127699872_1357693843035868,1692583127699872,14 Dec 2025 08:00:00 AM,photo,?¿Ya lo notaste? hicimos cambios en nuestra interfaz. Inscríbete a nuestro próximo webinar y conoce los cambios mas significativos de nuestra plataforma inscríbete ahora: https://zurl.co/vZDg1,0,0,0,0,0,0,0,0,242,,https://www.facebook.com/photo.php?fbid=1357693816369204&set=a.504567235015204&type=3,0
1692583127699872_1357212749750644,https://facebook.com/1692583127699872_1357212749750644,1692583127699872,13 Dec 2025 04:30:00 PM,photo,!Comienza a cobrar esta navidad totalmente gratis! ?? Cierra el año como un Pro. Conoce más en: www.qpaypro.com afíliate este fin de semana.,1,0,0,0,0,0,0,0,258,,https://www.facebook.com/photo.php?fbid=1357212729750646&set=a.504567235015204&type=3,1
1692583127699872_1356163503188902,https://facebook.com/1692583127699872_1356163503188902,1692583127699872,12 Dec 2025 08:00:16 AM,album,Te dejamos unos tips para esta temporada alta para que cobres de manera segura. ??✨?,0,0,0,0,0,0,0,0,195,,https://www.facebook.com/504840204987907/posts/1356163503188902,0
1692583127699872_1355562086582377,https://facebook.com/1692583127699872_1355562086582377,1692583127699872,11 Dec 2025 12:43:00 PM,photo,Comienza a cobrar  como los Pro's no pierdas más ventas en esta temporada alta ???? #vendeonline #cobrosenguatemala,0,0,0,0,0,0,0,0,167,,https://www.facebook.com/photo.php?fbid=1355562039915715&set=a.504567235015204&type=3,0
1692583127699872_1354733113331941,https://facebook.com/1692583127699872_1354733113331941,1692583127699872,10 Dec 2025 11:10:43 AM,photo,"Convierte tus DMs en tu tienda online ?✨  

Con QPayShop armas tu tienda en menos de 24 horas y cobras con Visa y Mastercard en segundos.  

Deja de perder ventas en los mensajes y mándales tu tienda en línea al instante. ?  ¡Contáctanos!",0,0,0,0,0,0,0,0,162,,https://www.facebook.com/photo.php?fbid=1354733096665276&set=a.504567235015204&type=3,0
1692583127699872_1353287793476473,https://facebook.com/1692583127699872_1353287793476473,1692583127699872,08 Dec 2025 04:11:59 PM,album,¿Aún no vendes online? ? Es momento de crecer.#qpaypro te asesora y acompaña en cada paso.  #emprendeconconfianza #vendeenlinea,0,0,0,0,0,0,0,0,182,,https://www.facebook.com/504840204987907/posts/1353287793476473,0
1692583127699872_1350028860469033,https://facebook.com/1692583127699872_1350028860469033,1692583127699872,04 Dec 2025 10:10:37 AM,video,"✨Así vivimos nuestro Taller de 0 a éxito, agradecemos a todos nuestros clientes que fueron parte de esta experiencia. Y a nuestro Speaker José René de Webifica por compartir su conocimiento con todos nosotros. ? 

Atentos a nuestras redes sociales para participar en más eventos Pro's? #Qpaypro #TiendasOnline",1,0,0,0,0,0,0,0,164,,https://www.facebook.com/reel/1859922188226677/,1
1692583127699872_1350024803802772,https://facebook.com/1692583127699872_1350024803802772,1692583127699872,04 Dec 2025 10:09:25 AM,video,"✨Así vivimos nuestro Taller de 0 a éxito, agradecemos a todos nuestros clientes que fueron parte de esta experiencia. Y a nuestro Speaker José René de Webifica por compartir su conocimiento con todos nosotros. ? 

Atentos a nuestras redes sociales para participar en más eventos Pro's? #Qpaypro #TiendasOnline",1,0,0,0,0,0,0,0,135,,https://www.facebook.com/reel/4353961234891137/,1
1692583127699872_1344602061011713,https://facebook.com/1692583127699872_1344602061011713,1692583127699872,27 Nov 2025 09:57:19 AM,photo,"Black Friday llegó a Qpayshop ?

Si estabas esperando el momento perfecto para lanzar tu tienda en línea… es este.

Aprovecha el 50% de descuento en los planes Bronce y Silver y empieza a vender como un pro por solo Q925 al año.

? Promo válida solo para nuevos clientes y hasta el 28 de noviembre.

No lo dejés pasar… tu tienda podría estar funcionando hoy mismo. ??",1,1,0,0,0,0,1,0,340,,https://www.facebook.com/photo.php?fbid=1344601561011763&set=a.504567235015204&type=3,2
1692583127699872_1340004348138151,https://facebook.com/1692583127699872_1340004348138151,1692583127699872,21 Nov 2025 04:33:31 PM,photo,"? ¡Últimos cupos disponibles!

Aprende cómo construir una tienda online rentable, desde cero y con estrategias reales que sí funcionan.

? 26 de noviembre
? AGEXPORT, Zona 13
⏰ 8:30 AM – 12:00 PM

Si quieres llevar tu negocio al siguiente nivel, este taller es para ti.
? Asegura tu espacio hoy: https://zurl.co/4hERk",2,0,0,0,0,0,1,0,377,,https://www.facebook.com/photo.php?fbid=1340004321471487&set=a.504567235015204&type=3,2
1692583127699872_1339063444898908,https://facebook.com/1692583127699872_1339063444898908,1692583127699872,20 Nov 2025 03:02:06 PM,video,"✨No te pierdas de nuestro webinar ""Cómo crear y adquirir tu propia tienda online"".  Este próximo 25 de noviembre a las 11:00 a. m  inscríbete ??aquí: https://zurl.co/h7Me5",2,0,0,0,0,0,0,0,268,,https://www.facebook.com/reel/836313199255341/,2
1692583127699872_1338268708311715,https://facebook.com/1692583127699872_1338268708311715,1692583127699872,19 Nov 2025 05:03:23 PM,video,"? Construí tu tienda online rentable

Aprende las claves para pasar de 0 a éxito en nuestro taller exclusivo junto a Webifica y Qpaypro.

? Además, participa para ganar QpayMerch edición limitada.
? Regístrate hoy:  https://zurl.co/tADoo",2,0,0,0,0,0,0,0,202,,https://www.facebook.com/reel/1463893854710531/,2
1692583127699872_1334080592063860,https://facebook.com/1692583127699872_1334080592063860,1692583127699872,14 Nov 2025 10:27:12 AM,photo,"? ¡De 0 a ÉXITO! Construye una tienda online rentable en 2025

Únete a nuestro taller exclusivo donde aprenderás, de la mano del CEO de Webifica José René Barneond, cómo crear una tienda online que realmente venda.

? BONUS ESPECIAL: ¡Participa en la rifa de 5 tiendas online totalmente GRATIS! ??

? 26 de noviembre
? 8:30 AM - 12 PM
? AGEXPORT | 15 Avenida 14-72 Zona 13
? Cupo limitado — Regístrate ahora y asegura tu espacio.
? Inscríbete aquí: [ https://zurl.co/tADoo",3,0,0,0,0,0,0,0,378,,https://www.facebook.com/photo.php?fbid=1334080558730530&set=a.504567235015204&type=3,3
1692583127699872_1332608762211043,https://facebook.com/1692583127699872_1332608762211043,1692583127699872,12 Nov 2025 03:32:10 PM,video,"? El 42% de las personas prefiere pagar con crédito y el 59% con débito. ¿Vas a seguir dejando ventas sobre la mesa?

? Activa tu método de cobro hoy mismo.",811,14,1,3,0,5,8,14,248081,,https://www.facebook.com/reel/849333220919382/,834
1692583127699872_1331537722318147,https://facebook.com/1692583127699872_1331537722318147,1692583127699872,11 Nov 2025 10:21:59 AM,video,"Los emprendedores en Guatemala ya están ganando miles de quetzales  diarios vendiendo en redes sociales ?

¿Y tú, qué esperas para ser el próximo? Haz crecer tu negocio con el método de pago más seguro y confiable del país.

#EmprendeConConfianza #VendeOnline #Qpaypro",85,2,0,0,1,0,0,1,25033,,https://www.facebook.com/reel/2431567103907484/,88
1692583127699872_1331529995652253,https://facebook.com/1692583127699872_1331529995652253,1692583127699872,11 Nov 2025 10:10:00 AM,link,"?️ Pasar de una tienda física a una digital suena fácil… pero hay cosas que nadie te cuenta. Descubre los retos reales y cómo superarlos en esta guía práctica ? 

Lee el blog completo y prepárate para vender online sin sorpresas?

https://zurl.co/1Vxsd",2,0,0,0,0,0,0,0,228,,https://l.facebook.com/l.php?u=https%3A%2F%2Fwww.qpaypro.com%2Fcomo-generar-confianza-en-linea-sin-tener-una-gran-marca%2F&h=AUCcPZPzxyRFx0j9-MOk5IMb-ee0MhGQRg7WQO6FBZuP8un8JY7MxrAUpSMryLB8htVoy-5-l65b_kmK5qAsUQlJDzcGXYbg-VO-m0wh95A2j9MuEdyThEObOx244i9O&s=1,2
1692583127699872_1330650959073490,https://facebook.com/1692583127699872_1330650959073490,1692583127699872,10 Nov 2025 10:19:57 AM,video,"Las ventas en redes sociales crecieron 30% en Guatemala… Y tú, ¿sigues cobrando por inbox o esperando transferencias? ? Es momento de hacerlo bien.

Te mostramos cómo vender fácil, rápido y con confianza en redes sociales. 

?Haz clic en el enlace y conoce cómo: https://zurl.co/JmamY",21,1,0,0,0,1,0,1,16816,,https://www.facebook.com/reel/1356881802478364/,23
1692583127699872_1326171366188116,https://facebook.com/1692583127699872_1326171366188116,1692583127699872,05 Nov 2025 10:43:46 AM,video,? Conoce la mejor pasarela de pagos en Guatemala ?? #qpaypro  #pagosgt #ventasgt,1,0,0,0,0,0,0,1,177,,https://www.facebook.com/reel/1496147544982120/,1
1692583127699872_1325345292937390,https://facebook.com/1692583127699872_1325345292937390,1692583127699872,04 Nov 2025 12:50:00 PM,photo,"? ¡Cupo limitado!

Aprende a construir una tienda online rentable, de 0 a éxito, junto al CEO de Webifica, José René Barneond.
Descubre las estrategias y secretos para crear un e-commerce exitoso en este taller exclusivo.

? 26 de noviembre | 8:30 AM – 12 PM
? AGEXPORT | 15 Avenida 14-72, Zona 13
? ¡No te quedes fuera!

? Regístrate ahora: https://zurl.co/tADoo",2,0,0,0,0,0,1,1,268,,https://www.facebook.com/photo.php?fbid=1325345276270725&set=a.504567235015204&type=3,2
1692583127699872_1320106090127977,https://facebook.com/1692583127699872_1320106090127977,1692583127699872,29 Oct 2025 01:45:00 PM,link,"? No necesitas ser una gran marca para vender online. Aprende cómo generar confianza en tu sitio web con pequeños cambios que marcan la diferencia? 

Descubre todos los consejos en el blog y empieza a aplicarlos hoy?
",1,0,0,0,0,0,0,0,288,,https://l.facebook.com/l.php?u=https%3A%2F%2Fzurl.co%2FXcrak&h=AUDsDdIepq3snDbdgpPuSgpTndaYWJt4NLbmHyBcJX_Y5UA-qk4Tmzo_L4DNH0oPhgZaeTLIQc8WH7NhsRfSMQGcSBIRmGwm2RQTVu0RDXKWna-bG17qgV2_CIYYvPHY&s=1,1
1692583127699872_1320054760133110,https://facebook.com/1692583127699872_1320054760133110,1692583127699872,29 Oct 2025 12:02:45 PM,photo,"? ¡CUPO LIMITADO! Descubre cómo construir tu tienda online rentable de 0 a éxito

El CEO de Webifica, José René Barneond, revelará las claves para crear un e-commerce exitoso en este taller exclusivo.

? 26 de noviembre | 8:30 AM - 12 PM
? AGEXPORT - 15 Avenida 14-72 Zona 13
¡No te quedes fuera! Regístrate ahora ?
 https://zurl.co/tADoo",3,0,0,0,0,0,0,0,279,,https://www.facebook.com/photo.php?fbid=1320054740133112&set=a.504567235015204&type=3,3
1692583127699872_1319158773556042,https://facebook.com/1692583127699872_1319158773556042,1692583127699872,28 Oct 2025 09:09:13 AM,photo,¡Nuestro plan Free incluye TODO! comienza hoy mismo a elevar tus ventas. Y tú ¿Ya cobras como un pro? ? inscríbete aquí: https://zurl.co/8dgZ1,1,1,0,0,0,0,1,0,298,,https://www.facebook.com/photo.php?fbid=1319158700222716&set=a.504567235015204&type=3,2
1692583127699872_1313984504073469,https://facebook.com/1692583127699872_1313984504073469,1692583127699872,22 Oct 2025 04:48:26 PM,video,"?De 0 a Éxito: Cómo construir una tienda en línea rentable

¿Querés aprender a llevar tu negocio al siguiente nivel?En este seminario exclusivo para clientes de Qpaypro,descubrirás:

✅ Cómo elegir la logística ideal para tu e-commerce.
✅ Cómo integrar tu tienda con tu sistema de inventario.

? ¡Aprendé con los expertos de Webifica y llevá tu tienda al siguiente nivel!

? Inscribite aquí*: https://zurl.co/tADoo

#Qpaypro #EcommerceGT #PagosDigitales #EmprendedoresGT #De0AÉxito",1,0,0,0,0,0,0,0,193,,https://www.facebook.com/reel/1379655083582485/,1
1692583127699872_1312000987605154,https://facebook.com/1692583127699872_1312000987605154,1692583127699872,20 Oct 2025 10:00:09 AM,photo,"¡Transforma tu negocio en la era digital! ? Descubre cómo dar el siguiente paso. Muy pronto te contamos más.

#qpaypro #eventosgt #ecommerce #ventasgt",0,0,0,0,0,0,0,0,330,,https://www.facebook.com/photo.php?fbid=1312000950938491&set=a.504567235015204&type=3,0
1692583127699872_1310354727769780,https://facebook.com/1692583127699872_1310354727769780,1692583127699872,18 Oct 2025 01:00:01 PM,photo,"Algo grande está por llegar para tu negocio ? La transformación digital comienza aquí. 
#qpaypro #eventosgt #ecommerce #ventasgt",0,0,0,0,0,0,0,0,254,,https://www.facebook.com/photo.php?fbid=1310354704436449&set=a.504567235015204&type=3,0
1692583127699872_1307637871374799,https://facebook.com/1692583127699872_1307637871374799,1692583127699872,15 Oct 2025 12:35:00 PM,link,"? ¿Tus ventas online bajaron sin razón aparente? Tu sitio web podría estar enviando señales de alerta. Descubre cuáles son y cómo solucionarlas antes de perder más clientes? 

Lee el blog completo y toma acción hoy?

https://zurl.co/jCRjH",0,0,0,0,0,0,0,0,240,,https://l.facebook.com/l.php?u=https%3A%2F%2Fwww.qpaypro.com%2Ftu-sitio-web-esta-vendiendo-menos-estas-senales-podrian-ser-la-razon%2F&h=AUDPDcIlW_aDcVqepFObKXgbt05Tb2RW72ogxh1BnCtdK4KSQJK-OfT7wtiaQb16Zim9gDy-KTWKHwrLPHbC5rfmhUAr3yfcKDYWKt92L-w6PfW4Mt14DVOZmMjpwMbt&s=1,0
1692583127699872_1306877004784219,https://facebook.com/1692583127699872_1306877004784219,1692583127699872,14 Oct 2025 04:12:13 PM,album,"No pierdas la oportunidad de tener tu Tienda en Línea con nosotros, conoce más sobre los múltiples beneficios que Qpayshop trae para tí y tu negocio. ? #qpaypro #qpayshop #tiendaonline #tiendaenlinea #ecommerce",2,0,0,0,0,0,0,0,261,,https://www.facebook.com/504840204987907/posts/1306877004784219,2
1692583127699872_1303274075144512,https://facebook.com/1692583127699872_1303274075144512,1692583127699872,10 Oct 2025 06:00:01 PM,photo,?Ofrece pagos en cuotas y vende hasta 3x más. Tus clientes compran más cuando pueden pagar poco a poco. ? #qpaypro #cuotasgt #ecommerce,4,0,0,0,0,0,0,0,312,,https://www.facebook.com/photo.php?fbid=1303274021811184&set=a.504567235015204&type=3,4
1692583127699872_1301216118683641,https://facebook.com/1692583127699872_1301216118683641,1692583127699872,08 Oct 2025 04:30:34 PM,video,"?Vende más, cobra fácil. Tu pasarela de pagos lista en minutos ⌚️ #qpaypro #emprendedoresgt",0,0,0,0,0,0,0,0,177,,https://www.facebook.com/reel/801373099297511/,0
1692583127699872_1298951725576747,https://facebook.com/1692583127699872_1298951725576747,1692583127699872,06 Oct 2025 10:39:42 AM,video,¡Gracias por confiar en nosotros! ✨ Cada comentario positivo nos impulsa a seguir mejorando. Estamos orgullosos de ser parte de tu sistema de pagos electrónicos. Únete a nuestra comunidad de clientes satisfechos. ?? #qpaypro #emprendedoresgt #PagosElectrónicosgt,1,0,0,0,0,0,0,0,172,,https://www.facebook.com/reel/1357042469350190/,1
1692583127699872_1296255999179653,https://facebook.com/1692583127699872_1296255999179653,1692583127699872,03 Oct 2025 12:45:17 PM,album,"En Qpaypro creemos en el potencial de los negocios guatemaltecos✨

Por eso creamos el programa #Partners, diseñado para impulsar tu crecimiento profesional y empresarial. ?

??Descubre los beneficios de unirte a #QpayproPartners:

✅ Capacitaciones y soporte constante
✅ Genera ingresos recurrentes
✅ Tecnología que impulsa

Sé parte de la mejor plataforma de cobros en línea de la región y lleva tu negocio al siguiente nivel. ??

#QpayproPartners #EmprenderEsPosible #PagosEnLínea #NegociosGT #CrecimientoEmpresarial #AlianzasEstratégicas",0,0,0,0,0,0,0,0,275,,https://www.facebook.com/504840204987907/posts/1296255999179653,0
1692583127699872_1294594449345808,https://facebook.com/1692583127699872_1294594449345808,1692583127699872,01 Oct 2025 09:30:04 PM,photo,"? Haz crecer tu negocio con alianzas estratégicas. 

Con Qpaypro Partners puedes impulsar el comercio electrónico en Guatemala y acceder a:
? Comisiones atractivas
? Alianzas estratégicas
? Crecimiento garantizado

? Únete hoy y transforma la forma de hacer negocios ?  www.qpaypro.com

#QpayproPartners #ComercioElectrónicoGT #EmprendedoresGuatemala #AlianzasEstratégicas #CrecimientoEmpresarial #PagosEnLínea #Qpaypro",1,0,0,0,0,0,0,0,305,,https://www.facebook.com/photo.php?fbid=1294594412679145&set=a.504567235015204&type=3,1
1692583127699872_1293402969464956,https://facebook.com/1692583127699872_1293402969464956,1692583127699872,30 Sep 2025 01:40:00 PM,status,"? El ecommerce en Latinoamérica está cambiando rápido. Descubre las tendencias que están marcando el futuro de las ventas online y cómo tu negocio puede aprovecharlas ? 

? Lee la guía completa y moderniza tu negocio hoy.",0,0,0,0,0,0,0,0,302,,,0
1692583127699872_1292342306237689,https://facebook.com/1692583127699872_1292342306237689,1692583127699872,29 Sep 2025 10:30:28 AM,video,"¡Respondemos tus dudas! ?

Contestamos las preguntas más frecuentes de nuestro programa Partners para que no te pierdas la oportunidad de ser parte de un sistema de cobros en línea rápido, seguro y confiable. ?⚡
? Contáctanos y recibe la asesoría que necesitas para impulsar tu negocio. ???

#PartnersGT #PagosEnLínea #EmprendedoresGuatemala #NegociosGT #CrecimientoEmpresarial #Qpaypro",0,0,0,0,0,0,0,0,196,,https://www.facebook.com/504840204987907/videos/1342027674254627,0
1692583127699872_1287988183339768,https://facebook.com/1692583127699872_1287988183339768,1692583127699872,24 Sep 2025 10:30:01 AM,photo,"? Vender en digital nunca fue tan fácil

Con #Qpayshop creas tu tienda online en minutos, ofreces comodidad a tus clientes y haces crecer tu negocio.

✅ Fácil de usar
✅ Accesible para emprendedores
✅ Vendes 24/7 en todo el país
✅ Cobros automáticos y seguros

? Empieza hoy mismo y lleva tu emprendimiento al siguiente nivel.

#Qpayshop #VendeEnLínea #NegociosGT #EmprendedoresGT #EcommerceGT",1,0,0,0,0,0,0,0,283,,https://www.facebook.com/photo.php?fbid=1287988140006439&set=a.504567235015204&type=3,1
1692583127699872_829104822877191,https://facebook.com/1692583127699872_829104822877191,1692583127699872,22 Sep 2025 05:02:11 PM,photo,,0,0,0,0,0,0,0,0,254,,https://www.facebook.com/qpaypro,0
1692583127699872_1284592067012713,https://facebook.com/1692583127699872_1284592067012713,1692583127699872,20 Sep 2025 01:30:24 PM,video,"? ¡Sé parte de nuestra red de Partners! ?

Ayudemos juntos a que más empresas guatemaltecas cuenten con un ecosistema de cobros en línea rápido, seguro y confiable. ?✨

? Contáctanos hoy y únete a este movimiento que impulsa el crecimiento de empresas de Guatemala.

#qpaypro #emprendedoresgt #ventasgt #Partners",1,0,0,0,0,0,0,0,174,,https://www.facebook.com/504840204987907/videos/1839834310245795,1
1692583127699872_1282689503869636,https://facebook.com/1692583127699872_1282689503869636,1692583127699872,18 Sep 2025 09:30:01 AM,photo,"? #Qpayfel: Cómo nació la revolución de la facturación en Guatemala
Desde una simple observación de las necesidades del cliente y convertirse en un sistema para transformar empresas en todo el país.

? Descubre la historia completa aquí: https://zurl.co/0kxg2 

#Qpaypro #FacturaElectrónica #FacturaciónGT #Ecommerce #Productividad",2,0,0,0,0,0,0,0,314,,https://www.facebook.com/photo.php?fbid=1282689410536312&set=a.504567235015204&type=3,2
1692583127699872_1281238917348028,https://facebook.com/1692583127699872_1281238917348028,1692583127699872,16 Sep 2025 05:30:24 PM,video,"? Hey emprendedor, ¿listo para simplificar tu facturación?

Te preparamos este video súper práctico donde te guiamos de la mano para que:
✨ Crees facturas como un experto 
✨ Las envíes sin complicaciones 
✨ Impresiones a tus clientes con tu profesionalismo

? Estamos aquí para ti: Cualquier duda que tengas, solo comenta. Nuestro equipo te responderá pronto.

#Qpaypro #Qpayfel #FacturaElectrónica #FacturaciónGT #Ecommerce #Productividad",2,0,0,0,0,0,0,1,188,,https://www.facebook.com/504840204987907/videos/1408730626887257,2
1692583127699872_1280013877470532,https://facebook.com/1692583127699872_1280013877470532,1692583127699872,15 Sep 2025 08:00:02 AM,photo,"? 204 años de independencia 

En Guatemala nacen los sueños más grandes, y en Qpaypro los ayudamos a hacerse realidad.

Gracias por permitirnos ser parte de la historia de tantos emprendedores chapines.
¡Feliz Independencia! ??

#Guatemala #EmprendedoresChapines #IndependenciaGT #Qpaypro #SueñosChapines",1,0,0,0,0,0,0,0,260,,https://www.facebook.com/photo.php?fbid=1280013810803872&set=a.504567235015204&type=3,1
1692583127699872_1275862087885711,https://facebook.com/1692583127699872_1275862087885711,1692583127699872,10 Sep 2025 01:00:22 PM,video,"QPayFel llegó para cambiar tu historia empresarial. Descubre cómo estos beneficios transformarán tu día a día ?

¿Conoces a alguien que necesita esta solución? ? ¡Comparte este video y ayúdale a evolucionar!

#Qpaypro #Qpayfel #FacturaElectrónica #FacturaciónGT #Ecommerce #Productividad",2,1,0,0,0,0,0,0,380,,https://www.facebook.com/504840204987907/videos/787251400912524,3
1692583127699872_1274201501385103,https://facebook.com/1692583127699872_1274201501385103,1692583127699872,08 Sep 2025 02:00:19 PM,album,"Facturación empresarial, simplicidad personal, hemos creado para tí Qpayfel, un nuevo módulo de facturación a un clic. ??????

? Comenta ""QUIERO SABER MÁS"" para recibir información exclusiva.

#Qpaypro #Qpayfel #FacturaElectrónica #FacturaciónGT #Ecommerce #Productividad",1,1,0,0,0,0,0,0,274,,https://www.facebook.com/504840204987907/posts/1274201501385103,2
1692583127699872_1272500551555198,https://facebook.com/1692583127699872_1272500551555198,1692583127699872,06 Sep 2025 10:30:28 AM,video,"? ¿Cansado de perder tiempo con la facturación?

Cada factura en tu empresa es importante, por eso estamos desarrollando algo revolucionario que cambiará para siempre la forma en que facturas.

#Qpaypro #Qpayfel #FacturaElectrónica #FacturaciónGT #Ecommerce #Productividad",0,0,0,0,0,0,0,0,213,,https://www.facebook.com/504840204987907/videos/1434558841165197,0
1692583127699872_1268393691965884,https://facebook.com/1692583127699872_1268393691965884,1692583127699872,01 Sep 2025 09:00:35 AM,video,"¿Sigues complicándote con transferencias, efectivo y ""te pago después""? los Links de Pago de Qpaypro lo resuelven TODO en un solo paso.

? Si no los usas, estás perdiendo dinero AHORA MISMO
? Comenta y te enseñamos cómo en 10 minutos

#Qpaypro #CobrosFáciles #VentasGt #EmprendedoresGt",2,0,0,0,0,0,0,0,265,,https://www.facebook.com/504840204987907/videos/730684813201873,2
1692583127699872_1266100748861845,https://facebook.com/1692583127699872_1266100748861845,1692583127699872,29 Aug 2025 12:35:00 PM,link,"? El cambio ya empezó: descubre cómo pasar de cobrar en efectivo a aceptar pagos digitales en tu negocio, fácil y sin complicaciones.

 Lee la guía completa y empieza hoy ?

https://zurl.co/A04xf",0,0,0,0,0,0,0,0,313,,https://l.facebook.com/l.php?u=https%3A%2F%2Fwww.qpaypro.com%2Ftemporadas-altas-sin-perdidas-la-guia-para-cobrar-sin-errores%2F&h=AUBbtXr6Ai9rvdJftRcTz1JecD8RDZRWJg0Zzg2N1Q8vA0KfrMmAgkeCe1eUmCOHl6hIdEtZbTDxzlbC8IAU9KpXI46qKMxpxI3LQwq2sowquIEbZb_-QNJ0SMRMdtw1&s=1,0
1692583127699872_1265313998940520,https://facebook.com/1692583127699872_1265313998940520,1692583127699872,28 Aug 2025 01:15:00 PM,photo,"✨ Con Qpaypro, tu negocio crece. Tu plan ideal te está esperando, solo necesitamos conocerte.

? Comenta abajo y un experto te ayuda a crecer MÁS RÁPIDO.

#Qpaypro #CobrosFáciles #VentasGt #EmprendedoresGt",0,0,0,0,0,0,1,0,328,,https://www.facebook.com/photo.php?fbid=1265313982273855&set=a.504567235015204&type=3,0
1692583127699872_1251767980295122,https://facebook.com/1692583127699872_1251767980295122,1692583127699872,12 Aug 2025 01:35:00 PM,link,"? Estás listo para vender, pero… ¿tu negocio lo está? Hay errores silenciosos que pueden espantar a tus clientes antes de pagar.

Conocé los más comunes y cómo evitarlos para no perder ventas ni credibilidad.

? Leé el artículo completo

https://zurl.co/SHno4",0,0,0,0,0,0,1,0,374,,https://l.facebook.com/l.php?u=https%3A%2F%2Fwww.qpaypro.com%2Fantes-de-vender-evita-estos-errores%2F&h=AUC4zWYk35okOTDWVG6Frci_JyUPFgsEAvDsuFnSYgwvquz5CAeDXC7Wn74RTfrbBzVSkiKC0WK1J3zehIHFlqgpc6Bdu7tmzVpviky0nITEQ4M80HXx8T985aqM7wtm&s=1,0
1692583127699872_1240709831400937,https://facebook.com/1692583127699872_1240709831400937,1692583127699872,30 Jul 2025 01:30:00 PM,link,"? No necesitás más productos, más publicidad ni más descuentos. A veces, el cambio está en algo tan simple como cómo cobras en tu negocio ?  Conoce las estrategias que podés aplicar hoy mismo para vender más usando lo que ya tenés.

? Leé el artículo completo 

https://zurl.co/JLpSI",3,0,0,0,0,0,1,2,569,,https://l.facebook.com/l.php?u=https%3A%2F%2Fwww.qpaypro.com%2Festrategias-simples-para-vender-mas-con-lo-que-tiene-tu-negocio%2F&h=AUDrG5j5Ndh0QCBxpeX7ad4RgoN4sKtjSY3DBMgh-jz2zyN-qKR9qX3EtChXEliFxPoQCS7_q73NCLNaueRdERef9PqfQOxE5jC6YfhPfn6Swln9RAzKKd57ioToxJ60&s=1,3
1692583127699872_1230972189041368,https://facebook.com/1692583127699872_1230972189041368,1692583127699872,18 Jul 2025 10:35:00 AM,photo,"? Tu tienda en línea lista para vender las 24 horas, los 7 días de la semana. Sin complicaciones, sin horarios, solo ventas!",1,0,0,0,0,0,0,1,547,,https://www.facebook.com/photo.php?fbid=1230972169041370&set=a.504567235015204&type=3,1
1692583127699872_1230169352454985,https://facebook.com/1692583127699872_1230169352454985,1692583127699872,17 Jul 2025 10:30:29 AM,video,Convierte tu comercio digital en una máquina de resultados. Estas claves te ayudarán a vender más y perder menos oportunidades ?,1,0,0,0,0,0,0,0,279,,https://www.facebook.com/504840204987907/videos/1336128238071306,1
1692583127699872_1225436492928271,https://facebook.com/1692583127699872_1225436492928271,1692583127699872,11 Jul 2025 01:45:21 PM,video,"Todo lo que tu negocio necesita para vender en línea, en un solo lugar ?⚙️ Con Qpaypro impulsas tus ventas y simplificas tus cobros ??",0,0,0,0,0,0,0,0,251,,https://www.facebook.com/504840204987907/videos/1302367104795383,0
1692583127699872_1225303486274905,https://facebook.com/1692583127699872_1225303486274905,1692583127699872,11 Jul 2025 10:15:00 AM,photo,"? Más de 8 años impulsando pagos seguros y rápidos para tu negocio. Confianza y tecnología que hacen la diferencia, de la mano de expertos!",1,0,0,0,0,0,0,0,332,,https://www.facebook.com/photo.php?fbid=1225303459608241&set=a.504567235015204&type=3,1
1692583127699872_1224637529674834,https://facebook.com/1692583127699872_1224637529674834,1692583127699872,10 Jul 2025 01:25:00 PM,link,"? El bono 14 ya está aquí... ¿y tu negocio, está listo para vender más sin enredos?
Evita filas, cobros lentos y ventas perdidas. Sigue estos 3 pasos y prepárate  para una temporada sin complicaciones ? 

? Leé el artículo completo aquíhttps://zurl.co/ELx5S",0,0,0,0,0,0,0,0,298,,https://l.facebook.com/l.php?u=https%3A%2F%2Fwww.qpaypro.com%2F3-claves-para-multiplicar-tus-ventas-durante-el-bono-14%2F&h=AUCVfMmZkGpLomj6R2V0tlbY54mumNt7Kwp2TVklAb5zuLXUtEP6zVLVMMas9EClsK6RWdh2hplEfnVDzClyMp0LMCidHNs4mkbTNg7PbLRvSkwolDBuscMh11MfZv-p&s=1,0
1692583127699872_1224608933011027,https://facebook.com/1692583127699872_1224608933011027,1692583127699872,10 Jul 2025 12:34:22 PM,video,"? Haz crecer tu negocio con el Plan Enterprise! Más funciones, más control y soporte personalizado.
Lleva tus pagos al siguiente nivel con Qpaypro ??",0,0,0,0,0,0,0,0,206,,https://www.facebook.com/504840204987907/videos/1241097707758850,0
1692583127699872_1223768689761718,https://facebook.com/1692583127699872_1223768689761718,1692583127699872,09 Jul 2025 10:20:41 AM,video,"La IA no es el futuro, es el presente ?✨ Aprende cómo integrarla a tu equipo de servicio al cliente ??? y marca la diferencia desde hoy ??",0,0,0,0,0,0,0,0,177,,https://www.facebook.com/504840204987907/videos/1854784185098986,0
1692583127699872_1219778933494027,https://facebook.com/1692583127699872_1219778933494027,1692583127699872,04 Jul 2025 10:15:00 AM,photo,"? ¡Más de 5,000 negocios ya confían en Qpaypro! Sumate a la comunidad que crece día a día y simplifica tus cobros con la mejor pasarela de pagos de Guatemala

? Fácil, rápido y seguro. ¿Qué esperas?",1,0,0,0,0,0,0,0,244,,https://www.facebook.com/photo.php?fbid=1219778910160696&set=a.504567235015204&type=3,1
1692583127699872_1214789610659626,https://facebook.com/1692583127699872_1214789610659626,1692583127699872,28 Jun 2025 02:15:25 PM,video,"En 2025, vender en línea ya no es una opción, es una necesidad ?? Llega a más clientes, cobra 24/7 y crece sin límites ??",1,0,0,0,0,0,2,0,232,,https://www.facebook.com/504840204987907/videos/1415080379694593,1
1692583127699872_1213977434074177,https://facebook.com/1692583127699872_1213977434074177,1692583127699872,27 Jun 2025 02:05:25 PM,video,"Evita caer en fraudes ?? Activa alertas, verifica pagos y usa plataformas seguras ? ¡Protege tu negocio en cada transacción! ?️?",0,0,0,0,0,0,0,0,161,,https://www.facebook.com/504840204987907/videos/1277745740714354,0
1692583127699872_1213840540754533,https://facebook.com/1692583127699872_1213840540754533,1692583127699872,27 Jun 2025 10:20:00 AM,photo,"? Afiliate con Qpaypro y empieza a recibir pagos en menos de 24 horas. Cobra fácil, seguro y sin complicaciones",0,0,0,0,0,0,1,1,194,,https://www.facebook.com/photo.php?fbid=1213840517421202&set=a.504567235015204&type=3,0
1692583127699872_1203597265112194,https://facebook.com/1692583127699872_1203597265112194,1692583127699872,14 Jun 2025 10:45:00 AM,photo,"Maximiza tus ventas con tu propia tienda en línea ?? Adquiere todas las herramientas necesarias para gestionar y optimizar tu negocio digital con Qpayshop

#linksdepago #pagosonline #guatemala #pagosseguros #pagosonline #plataformadepago #ventasonline #comprasonline #empresa #emprendimieto #tiendaonline #sitioweb",0,0,0,0,0,0,0,0,299,,https://www.facebook.com/photo.php?fbid=1203597231778864&set=a.504567235015204&type=3,0
1692583127699872_1201975115274409,https://facebook.com/1692583127699872_1201975115274409,1692583127699872,12 Jun 2025 10:00:03 AM,photo,"Simplifica tus cobros con un QR hecho para tu marca ?
Con QpayPro puedes aceptar pagos en línea con un código QR personalizado que puedes usar en tu tienda, redes sociales o envíos a domicilio.

? Tus clientes escanean.
? Pagan como prefieran.
? Tú recibes el pago al instante.

Más fácil, más rápido, más profesional.
Activa tu QR hoy y empieza a cobrar sin complicaciones.",0,0,0,0,0,0,0,0,295,,https://www.facebook.com/photo.php?fbid=1201975081941079&set=a.504567235015204&type=3,0
1692583127699872_1201175455354375,https://facebook.com/1692583127699872_1201175455354375,1692583127699872,11 Jun 2025 09:15:09 AM,album,"Impulsa tu negocio al siguiente nivel con soluciones diseñadas para empresas en crecimiento. ?? Con el plan Enterprise de QpayPro, tendrás todo lo que necesitas para operar de manera eficiente y segura ??, mientras adaptas tu negocio a un mercado global ?. Escala sin límites, ofrece nuevas opciones de pago a tus clientes ?? y lleva el control total de tus transacciones ??. ¡Haz que cada paso hacia el crecimiento cuente! ✨",0,0,0,0,0,0,0,0,311,,https://www.facebook.com/504840204987907/posts/1201175455354375,0
1692583127699872_1200365685435352,https://facebook.com/1692583127699872_1200365685435352,1692583127699872,10 Jun 2025 08:45:00 AM,photo,"Con Qpaypro, podrás ofrecer a tus clientes una amplia variedad de opciones de pago, desde tarjetas de crédito y débito hasta criptomonedas ? ¡Afíliate a la mejor plataforma de pagos en Guatemala! ?

#linksdepago #pagosonline #guatemala #pagosseguros #pagosonline #plataformadepago #ventasonline #comprasonline #empresa #emprendimieto",3,0,0,0,0,0,0,1,477,,https://www.facebook.com/photo.php?fbid=1200365672102020&set=a.504567235015204&type=3,3
1692583127699872_1199551695516751,https://facebook.com/1692583127699872_1199551695516751,1692583127699872,09 Jun 2025 08:15:00 AM,photo,"Aceptar criptomonedas no es solo una opción moderna, es una ventaja.
Destaca frente a tu competencia y ofrece más formas de pago con QpayPro.

El mercado evoluciona… tu negocio también debe hacerlo ??",0,0,0,0,0,0,0,0,289,,https://www.facebook.com/photo.php?fbid=1199551668850087&set=a.504567235015204&type=3,0
1692583127699872_1198030379002216,https://facebook.com/1692583127699872_1198030379002216,1692583127699872,07 Jun 2025 09:41:00 AM,photo,"¿Estás cansado de los cobros manuales y los retrasos en los pagos? ?? ¡Qpaybilling es la solución que necesitas! Nuestra innovadora plataforma te permite automatizar por completo tus cobros recurrentes? ¡Afíliate hoy!

#linksdepago #pagosonline #guatemala #pagosseguros #pagosonline #plataformadepago #cobrosrecurrentes #automatico #pagosautomaticos",0,0,0,0,0,0,0,0,309,,https://www.facebook.com/photo.php?fbid=1198030345668886&set=a.504567235015204&type=3,0
1692583127699872_1197332062405381,https://facebook.com/1692583127699872_1197332062405381,1692583127699872,06 Jun 2025 11:41:00 AM,photo,"En Qpaypro, creemos que tu éxito es lo primero?? Es por eso que te ofrecemos una comisión por transacción del 4.5% (IVA incluido) al afiliarte a nuestros planes anuales ¡Maximiza tus ganancias en línea sin preocupaciones! ?

#linksdepago #pagosonline #guatemala #pagosseguros #pagosonline #plataformadepago",0,0,0,0,0,0,0,0,252,,https://www.facebook.com/photo.php?fbid=1197332015738719&set=a.504567235015204&type=3,0
1692583127699872_1196661995805721,https://facebook.com/1692583127699872_1196661995805721,1692583127699872,05 Jun 2025 03:00:00 PM,photo,"Imagina que cada proceso de cobro y gestión de pagos fuera automático, sin necesidad de intervención manual. Con QpayBilling, puedes optimizar tus operaciones, reducir errores y ofrecer una experiencia de pago rápida y fluida para tus clientes.

Menos tiempo gestionando, más tiempo vendiendo.
Automatiza y lleva tus ventas al siguiente nivel con Qapypro??",0,0,0,0,0,0,0,0,262,,https://www.facebook.com/photo.php?fbid=1196661975805723&set=a.504567235015204&type=3,0
1692583127699872_1194945352644052,https://facebook.com/1692583127699872_1194945352644052,1692583127699872,03 Jun 2025 09:40:01 AM,photo,"¿Estás listo para llevar tu negocio al siguiente nivel? Con Qpayshop, podrás tener tu propia tienda en línea lista para vender en cuestión de minutos. Olvídate de las complicaciones técnicas y enfócate en lo que realmente importa: ¡impulsar tus ventas! ??

#linksdepago #pagosonline #guatemala #pagosseguros #pagosonline #tiendaenlinea #tiendaonline #integraciones #web #sitioweb",0,0,0,0,0,0,0,0,215,,https://www.facebook.com/photo.php?fbid=1194945332644054&set=a.504567235015204&type=3,0
1692583127699872_1194089862729601,https://facebook.com/1692583127699872_1194089862729601,1692583127699872,02 Jun 2025 08:00:05 AM,photo,"Cuando un negocio quiere crecer, necesita más que intención: necesita herramientas que impulsen cada paso.
Con QpayPro, cobras más rápido, vendes con más opciones y gestionas tus ingresos desde cualquier lugar.
Es tecnología que se adapta a ti, no al revés.
Da el siguiente paso con una solución que entiende lo que tu negocio necesita para avanzar ?⚡?",1,0,0,0,0,0,0,1,280,,https://www.facebook.com/photo.php?fbid=1194089826062938&set=a.504567235015204&type=3,1
1692583127699872_1192637616208159,https://facebook.com/1692583127699872_1192637616208159,1692583127699872,31 May 2025 10:45:00 AM,photo,"? ¡Haz crecer tu negocio internacionalmente con Qpaypro! Con el Plan Enterprise, puedes aceptar pagos de cualquier parte del mundo, brindando a tus clientes una experiencia de compra fluida y segura?

#linksdepago #pagosonline #guatemala #pagosseguros #pagosonline #plataformadepago #ventasonline #comprasonline #empresa #emprendimieto",0,0,0,0,0,0,0,0,236,,https://www.facebook.com/photo.php?fbid=1192637589541495&set=a.504567235015204&type=3,0
1692583127699872_1191826286289292,https://facebook.com/1692583127699872_1191826286289292,1692583127699872,30 May 2025 10:00:36 AM,video,"?️ En Qpaypro entendemos que cada cliente tiene necesidades únicas. Por eso, vamos más allá de ser solo una pasarela de pago ? somos aliados reales en tus metas de negocio ?

? Creamos soluciones personalizadas que marcan la diferencia de forma genuina, ayudándote a vender, crecer y cumplir a tiempo ⏰

✅ Porque cuando tu evento, tu tienda o tu idea necesita respuesta rápida, nosotros respondemos",2,0,0,0,0,0,0,0,234,,https://www.facebook.com/504840204987907/videos/1407308083861922,2
1692583127699872_1191210596350861,https://facebook.com/1692583127699872_1191210596350861,1692583127699872,29 May 2025 03:00:00 PM,photo,"Hoy, el cliente que necesitas puede estar en otro país, y eso no debería ser un obstáculo. Qpaypro te permite cobrar sin importar la ubicación, el horario o la distancia. Tus ventas no tienen por qué detenerse solo porque el mapa dice “lejos” ?✈️",0,0,0,0,0,0,0,0,311,,https://www.facebook.com/photo.php?fbid=1191210576350863&set=a.504567235015204&type=3,0
1692583127699872_1190169366454984,https://facebook.com/1692583127699872_1190169366454984,1692583127699872,28 May 2025 08:00:19 AM,album,"¿Y si pudieras tener el control de tu negocio en el bolsillo?

Con Qpaypro, la forma de vender, cobrar y crecer está cambiando… y tú puedes estar un paso adelante. ?

No se trata solo de digitalizarte, se trata de hacerlo fácil, rápido ⚡ y sin complicaciones.
Tu negocio merece herramientas que te acompañen donde vayas? 

#pagosdigitales #ecommerce#negociosinteligentes#emprendedores #pagosonline#ventas247 #negociosabiertos#solucionesdepago",0,0,0,0,0,0,1,0,281,,https://www.facebook.com/504840204987907/posts/1190169366454984,0
1692583127699872_1189520913186496,https://facebook.com/1692583127699872_1189520913186496,1692583127699872,27 May 2025 11:25:23 AM,video,"?️ Hablamos sobre cómo ayudamos a un cliente que organizaba eventos de negocios ? a integrar rápidamente un método de pago ? para vender entradas ?️ a tiempo ⏰ y evitar que su evento fuera un fracaso ❌

? Una solución rápida puede marcar toda la diferencia",0,0,0,0,0,0,0,0,152,,https://www.facebook.com/504840204987907/videos/2502196970122228,0
1692583127699872_1188629913275596,https://facebook.com/1692583127699872_1188629913275596,1692583127699872,26 May 2025 08:15:00 AM,photo,"El comercio digital no duerme… y tus ingresos tampoco deberían.
Con Qpaypro, recibe pagos online en cualquier momento y lugar, de forma segura y continua. ??
Una solución hecha para negocios que quieren crecer sin fronteras. ?? 

#pagosdigitales #ecommerce#negociosinteligentes#emprendedores #pagosonline#ventas247 #negociosabiertos#solucionesdepago",0,0,0,0,0,0,0,0,167,,https://www.facebook.com/photo.php?fbid=1188629886608932&set=a.504567235015204&type=3,0
1692583127699872_1186544626817458,https://facebook.com/1692583127699872_1186544626817458,1692583127699872,23 May 2025 02:00:04 PM,link,"? Si estás comenzando en eCommerce, ¡esto es para ti!
Descubre los errores más comunes que cometen los nuevos negocios al vender en línea y cómo evitarlos desde el día uno.
? Lee el blog y empieza con el pie derecho:https://zurl.co/jIxOm",1,0,0,0,0,0,0,1,195,,https://l.facebook.com/l.php?u=https%3A%2F%2Fwww.qpaypro.com%2Flos-principales-errores-de-los-negocios-que-estan-iniciando-en-ecommerce%2F&h=AUCojPKEEwnsbJ-lOY9MwhJPa32jdHr5L3On5AmxhueeyEYwMcfWjvi2Qbej5qLJSrOh3YtazoaoJ39bUrBKRn9J1m-OpLfb0n-_RVkW50UahMKEOuLaVAqEU5Ge5OzK&s=1,1
1692583127699872_1186531890152065,https://facebook.com/1692583127699872_1186531890152065,1692583127699872,23 May 2025 01:35:32 PM,video,"Las grandes ideas se construyen en equipo, detectando necesidades reales y teniendo la perseverancia para convertirlas en soluciones ? Lo que comenzó como una idea, hoy es una de las pasarelas de pago líderes en Guatemala: Qpaypro⚡",3,0,0,0,0,0,0,0,268,,https://www.facebook.com/504840204987907/videos/1903170450418688,3
1692583127699872_1185797616892159,https://facebook.com/1692583127699872_1185797616892159,1692583127699872,22 May 2025 03:00:02 PM,photo,"¿Sabías que hoy tener tu tienda en línea ya no es opcional?
Con Qpaypro, dar el salto al mundo digital es fácil, seguro y rápido.
Integra tu negocio, ofrece pagos flexibles y protege cada venta. ?️
Tu tienda online puede ser mucho más que un canal: puede ser el motor de tu crecimiento ?",0,0,0,0,0,0,0,0,129,,https://www.facebook.com/photo.php?fbid=1185797586892162&set=a.504567235015204&type=3,0
1692583127699872_1184837406988180,https://facebook.com/1692583127699872_1184837406988180,1692583127699872,21 May 2025 09:30:10 AM,album,"¿Tu negocio está listo para crecer sin límites? ?
Con Qpaypro, ofrece pagos con tarjeta, QR, link o efectivo desde un solo lugar.
Una plataforma activa 24/7, segura y lista para escalar contigo. ?
Más formas de cobrar = más ventas y más clientes. 

#pagosdigitales #ecommerce#negociosinteligentes#emprendedores #pagosonline#ventas247 #negociosabiertos#solucionesdepago",1,0,0,0,0,0,0,1,189,,https://www.facebook.com/504840204987907/posts/1184837406988180,1
1692583127699872_1183243180480936,https://facebook.com/1692583127699872_1183243180480936,1692583127699872,19 May 2025 08:15:00 AM,photo,"Más de 5,000 negocios no solo eligieron una plataforma de pagos. Eligieron seguridad, innovación y crecimiento constante ???
En Qpaypro sabemos que cuando tantos negocios confían en ti, el compromiso es aún mayor: procesos seguros, cobros automáticos, integración ágil y soporte que impulsa cada etapa de tu crecimiento ⚙️??

Estamos listos para llevar tu negocio al siguiente nivel??",0,0,0,0,0,0,0,0,149,,https://www.facebook.com/photo.php?fbid=1183243160480938&set=a.504567235015204&type=3,0
1692583127699872_1181177320687522,https://facebook.com/1692583127699872_1181177320687522,1692583127699872,16 May 2025 03:00:40 PM,video,"Nadie te dice lo difícil que es cobrar cuando estás empezando. Ni lo caro que puede salir no automatizar. Emprender no es solo vender… es hacerlo bien desde el día uno ? Con Qpaypro, todo fluye desde el primer cobro ?",5,0,0,0,0,0,0,0,413,,https://www.facebook.com/504840204987907/videos/8449192948538780,5
1692583127699872_1181153194023268,https://facebook.com/1692583127699872_1181153194023268,1692583127699872,16 May 2025 02:00:02 PM,link,"?️ ¿Tu tienda en línea está realmente protegida?
El comercio digital crece rápido… y los ciberataques también. Si tienes un eCommerce, es vital que reconozcas las señales de alerta antes de que sea tarde. En este blog te contamos los indicios más comunes de un posible ataque, cómo proteger tu negocio y por qué contar con una plataforma segura como Qpaypro hace toda la diferencia.
? Lee el artículo completo y fortalece la seguridad de tu tienda hoy.https://zurl.co/i5Uh0",1,0,0,0,0,0,0,1,139,,https://l.facebook.com/l.php?u=https%3A%2F%2Fwww.qpaypro.com%2Fmaximizar-ventas-en-temporadas-de-festividades-copy-copy-copy%2F&h=AUCWv6PDq4iNdxbrzU7sqtfR11rPln9Szhh3SH22VipFvFlPyQb52eSyp9G2Gkb8MRsh8nL9MpjUXFiDrRJ1YBIChZ-m7uf22aguNJ25I5rVWW-FQJbQVV69xX61a3Le&s=1,1
1692583127699872_1180480797423841,https://facebook.com/1692583127699872_1180480797423841,1692583127699872,15 May 2025 03:00:01 PM,photo,"¿Otro proveedor te sorprende con cargos extras? ?? Mejor elige Qpaypro: solo 4.5% de comisión con IVA incluido. Sin vueltas. Solo resultados ? ✅ 

#pagosdigitales #ecommerce#negociosinteligentes#emprendedores #pagosonline#ventas247 #negociosabiertos#solucionesdepago",0,0,0,0,0,0,0,0,141,,https://www.facebook.com/photo.php?fbid=1180480774090510&set=a.504567235015204&type=3,0
1692583127699872_1179576934180894,https://facebook.com/1692583127699872_1179576934180894,1692583127699872,14 May 2025 09:30:14 AM,album,"En Qpaypro creemos que automatizar tus cobros debería ser fácil, seguro y rentable. ⚙️??
Nuestra plataforma te permite recibir tus ingresos de forma automática, sin esfuerzo manual y con la tranquilidad de saber que cada transacción está protegida desde el primer clic ?✅?️
Dale a tu negocio el impulso que merece ??

#pagosdigitales #ecommerce#negociosinteligentes#emprendedores #pagosonline#ventas247 #negociosabiertos#solucionesdepago",1,0,0,0,0,0,0,1,208,,https://www.facebook.com/504840204987907/posts/1179576934180894,1
1692583127699872_1178167867655134,https://facebook.com/1692583127699872_1178167867655134,1692583127699872,12 May 2025 08:15:01 AM,photo,"El mundo es un mercado. Vende donde quieras con solo un link de pago ??
Con Qpaypro, puedes ofrecer una forma fácil, rápida y segura de pagar a tus clientes internacionales ?⚡?
¡Haz crecer tu negocio globalmente! ?",0,0,0,0,0,0,0,0,216,,https://www.facebook.com/photo.php?fbid=1178167717655149&set=a.504567235015204&type=3,0
1692583127699872_1176106631194591,https://facebook.com/1692583127699872_1176106631194591,1692583127699872,09 May 2025 11:40:30 AM,video,"Los principales errores de los negocios que están iniciando incluyen no tener un plan claro de pagos ⚡ ignorar la seguridad online ?️ no ofrecer suficientes opciones de pago ? descuidar la experiencia móvil ? y no automatizar procesos clave ⏱️ Evita estos fallos y lleva tu negocio al siguiente nivel con Qpaypro ? 

#pagosdigitales #ecommerce #negociosinteligentes #crecimientodigital #pagosonline #aceptatarjetas #emprendedores #ventasdigitales #solucionesdepago",6,1,0,0,0,0,0,0,207,,https://www.facebook.com/504840204987907/videos/9900405776688347,7
1692583127699872_1175497247922196,https://facebook.com/1692583127699872_1175497247922196,1692583127699872,08 May 2025 03:00:00 PM,photo,"¿Estás buscando formas de aumentar tus ventas sin complicaciones? ?
Con Qpaypro, puedes ofrecer pagos en cuotas y así mejorar la accesibilidad de tus productos ??️
La flexibilidad que Qpaypro ofrece no solo facilita la compra a tus clientes, sino que también te ayuda a aumentar las oportunidades de venta?
¡Aprovecha la oportunidad de llevar tu negocio al siguiente nivel! ?",1,0,0,0,0,0,0,0,174,,https://www.facebook.com/photo.php?fbid=1175497214588866&set=a.504567235015204&type=3,1
1692583127699872_1174626758009245,https://facebook.com/1692583127699872_1174626758009245,1692583127699872,07 May 2025 09:00:12 AM,album,"La clave para hacer crecer tu tienda online está en la automatización? 
Con Qpaypro, puedes gestionar cobros automáticos, ofrecer opciones de pago flexibles e integrar todo de forma rápida ? ? 
✅ Simplifica cada transacción y lleva tu negocio al siguiente nivel ? con facilidad",1,0,0,0,0,0,1,0,205,,https://www.facebook.com/504840204987907/posts/1174626758009245,1
1692583127699872_1173076141497640,https://facebook.com/1692583127699872_1173076141497640,1692583127699872,05 May 2025 09:00:03 AM,photo,"Sí, leíste bien: más de 1 BILLÓN de transacciones procesadas. Pero más allá de las cifras, esto refleja lo que realmente nos importa: ayudar a tu negocio a escalar de manera fácil, segura y confiable ??En Qpaypro, estamos construidos para acompañarte en cada paso del camino, siempre con tecnología sólida y accesible. ¡Vamos por más! ?",0,0,0,0,0,0,0,0,208,,https://www.facebook.com/photo.php?fbid=1173076084830979&set=a.504567235015204&type=3,0
1692583127699872_1158778059594115,https://facebook.com/1692583127699872_1158778059594115,1692583127699872,17 Apr 2025 11:21:01 AM,photo,"? ¿Link de pago ?? ¿POS virtual ?? ¿Cobros con tarjeta ??
Tú eliges cómo cobrar y nosotros lo hacemos posible ?
Con Qpaypro, tu negocio tiene el control total sobre sus ingresos ?

? Da el siguiente paso con herramientas digitales que se adaptan a ti.
#pagosdigitales #ecommerce#negociosinteligentes#emprendedores #pagosonline#ventas247 #negociosabiertos#solucionesdepago",3,0,0,0,0,0,0,2,655,,https://www.facebook.com/photo.php?fbid=1158778032927451&set=a.504567235015204&type=3,3
1692583127699872_1157908399681081,https://facebook.com/1692583127699872_1157908399681081,1692583127699872,16 Apr 2025 10:19:01 AM,photo,"Tu negocio merece una solución de cobros ? que esté a tu altura.
Con Qpaypro puedes cobrar de forma segura ?, rápida ⚡ y sin complicaciones.
Haz crecer tu emprendimiento ? con tecnología que te acompaña en cada paso.

#pagosdigitales #ecommerce#negociosinteligentes#emprendedores #pagosonline#ventas247 #negociosabiertos#solucionesdepago",0,0,0,0,0,0,0,0,366,,https://www.facebook.com/photo.php?fbid=1157908373014417&set=a.504567235015204&type=3,0
1692583127699872_1157006916437896,https://facebook.com/1692583127699872_1157006916437896,1692583127699872,15 Apr 2025 08:05:01 AM,photo,"Así es Qpaypro está revolucionando los pagos digitales en Guatemala, ofreciendo soluciones diseñadas para facilitar el crecimiento de tu negocio de forma segura, rápida y confiable ? 

¿Qué puedes hacer con Qpaypro?

? Aceptar pagos con tarjeta de crédito y débito
?️ Crear tu tienda online en minutos con Qpayshop
? Cobrar membresías o suscripciones con Qpaybilling
? Generar links de pago, códigos QR y usar POS virtual con QpayApp
? Recibir pagos en efectivo en agencias autorizadas con Qpaycash 

Es momento de dar el siguiente paso con Qpaypro ??",2,0,0,0,0,0,1,0,422,,https://www.facebook.com/photo.php?fbid=1157006869771234&set=a.504567235015204&type=3,2
1692583127699872_1156347196503868,https://facebook.com/1692583127699872_1156347196503868,1692583127699872,14 Apr 2025 12:46:09 PM,photo,"? ¡Atención! Tenemos nuevo número PBX ☎️
En Qpaypro, seguimos mejorando para brindarte el mejor servicio posible.
Ahora puedes contactarnos de forma más rápida y eficiente al ? 2355-6000.

? Nuevo número, misma atención de calidad.
? ¡Estamos aquí para ayudarte!",0,0,0,0,0,0,0,0,403,,https://www.facebook.com/photo.php?fbid=1156347173170537&set=a.504567235015204&type=3,0
1692583127699872_1153615840110337,https://facebook.com/1692583127699872_1153615840110337,1692583127699872,11 Apr 2025 09:23:00 AM,photo,"Sí, leíste bien: efectivo… pero sin manejar efectivo.
Con Qpaycash, tus clientes pagan desde miles de puntos autorizados, y tú recibes el dinero directamente en digital, sin moverte y sin complicarte ??

Olvídate del efectivo en mano, riesgos o trámites innecesarios.
Comparte un link, cobra fácil y sigue vendiendo por donde quieras: redes, WhatsApp o tienda en línea.

? Con QpayPro, cobrar en efectivo nunca fue tan simple y seguro. 
#pagosdigitales #ecommerce#negociosinteligentes#emprendedores #pagosonline#ventas247 #negociosabiertos#solucionesdepago",1,0,0,0,0,0,0,0,437,,https://www.facebook.com/photo.php?fbid=1153615786777009&set=a.504567235015204&type=3,1
1692583127699872_1152754900196431,https://facebook.com/1692583127699872_1152754900196431,1692583127699872,10 Apr 2025 11:39:00 AM,photo,"¿Quieres cobrar en efectivo sin manejar efectivo? Sí, suena raro… pero es posible ?
Con Qpaycash, lo único que necesitas es compartir un link.
Tu cliente paga como prefiera (sí, incluso en efectivo) y tú recibes el dinero sin mover un dedo ??

Es la forma más práctica, segura y moderna de cobrar.
Desde redes sociales, WhatsApp o donde sea que vendas.

? Da el salto con Qpaypro y empieza a cobrar sin complicaciones. 
#pagosdigitales #ecommerce#negociosinteligentes#emprendedores #pagosonline#ventas247 #negociosabiertos#solucionesdepago",0,0,0,0,0,0,0,0,369,,https://www.facebook.com/photo.php?fbid=1152754876863100&set=a.504567235015204&type=3,0
1692583127699872_1151813663623888,https://facebook.com/1692583127699872_1151813663623888,1692583127699872,09 Apr 2025 10:08:01 AM,photo,"Haz que el efectivo se convierta en un pago digital constante ?➡️?
Con Qpaycash, tus clientes pagan en efectivo desde un simple link ?
Tú cobras fácil, seguro y sin complicaciones ?
Convierte lo tradicional en digital y mantén tu negocio activo 24/7 ⏰✨

Es momento de transformar la forma en que cobras con Qpaypro ? 

#pagosdigitales #ecommerce#negociosinteligentes#emprendedores #pagosonline#ventas247 #negociosabiertos#solucionesdepago",0,0,0,0,0,0,1,0,357,,https://www.facebook.com/photo.php?fbid=1151813633623891&set=a.504567235015204&type=3,0
1692583127699872_1150867630385158,https://facebook.com/1692583127699872_1150867630385158,1692583127699872,08 Apr 2025 09:15:01 AM,photo,"Con solo un link, puedes cobrar de manera rápida, segura y sin complicaciones ??. 
Desde tarjetas, transferencias, QR hasta efectivo, todo al alcance de tus manos. 
Simplifica tu cobro y optimiza tu negocio 24/7. 

Optimiza tu negocio ?, simplifica tus cobros ? y lleva la experiencia de pago al siguiente nivel ?.
Es momento de evolucionar con Qpaypro y transformar la forma en que recibes pagos ?. 

#pagosdigitales #ecommerce#negociosinteligentes#emprendedores #pagosonline#ventas247 #negociosabiertos#solucionesdepago",0,1,0,0,0,0,0,0,376,,https://www.facebook.com/photo.php?fbid=1150867577051830&set=a.504567235015204&type=3,1
1692583127699872_1138906078247980,https://facebook.com/1692583127699872_1138906078247980,1692583127699872,27 Mar 2025 11:05:00 AM,photo,"?? Muchos compradores agregan productos al carrito, pero no completan la compra. ¿Sabías que una de las principales razones es la falta de opciones de pago rápidas y confiables? ?

Optimizar este proceso es clave para reducir el abandono del carrito y aumentar tus conversiones. Con los links de pago de Qpaypro, ¡el proceso de pago es rápido y sin complicaciones! ?

Haz que tus clientes paguen de forma fácil y segura, y aumenta tus ventas con nosotros? 

#pagosdigitales #ecommerce #negociosinteligentes #crecimientodigital #pagosonline #aceptatarjetas #emprendedores #ventasdigitales #solucionesdepago",0,0,0,0,0,0,0,0,502,,https://www.facebook.com/photo.php?fbid=1138906044914650&set=a.504567235015204&type=3,0
1692583127699872_1137904475014807,https://facebook.com/1692583127699872_1137904475014807,1692583127699872,26 Mar 2025 10:35:00 AM,photo,"Con QPaypro, tu negocio no tiene límites. Acepta pagos desde cualquier país, sin preocuparte por conversiones o procesos complicados. ?✨ Vende sin fronteras y haz crecer tu negocio sin barreras. ? 

#pagosdigitales #ecommerce #negociosinteligentes#emprendedores #pagosonline #ventas247 #negociosabiertos#solucionesdepago",2,0,0,0,0,0,1,0,505,,https://www.facebook.com/photo.php?fbid=1137904391681482&set=a.504567235015204&type=3,2
1692583127699872_1137007375104517,https://facebook.com/1692583127699872_1137007375104517,1692583127699872,25 Mar 2025 11:32:08 AM,album,"Aceptar pagos en línea tiene más ventajas de las que imaginas. Con QPayPro, tu negocio puede vender sin límites, procesar transacciones al instante y ofrecer la seguridad que tus clientes necesitan. Además, recibir pagos en cualquier momento te permite crecer sin restricciones. ?? 

#pagosdigitales #ecommerce #negociosinteligentes#emprendedores #pagosonline #ventas247 #negociosabiertos#solucionesdepago",1,1,0,0,0,0,0,0,443,,https://www.facebook.com/504840204987907/posts/1137007375104517,2
1692583127699872_1136118178526770,https://facebook.com/1692583127699872_1136118178526770,1692583127699872,24 Mar 2025 10:35:00 AM,photo,"? ¡Dale a tus clientes la libertad de pagar a su ritmo! ⏳✨

✅ Con cuotas de 3 a 18 meses, pueden adquirir lo que necesitan sin presiones. ?️?
✅ Ofrecer pagos en cuotas facilita el acceso a productos y servicios sin complicaciones. ??
✅ Demuestra que tu negocio entiende sus necesidades y les ayuda a alcanzar sus metas. ??

¡Haz crecer tus ventas y brinda más opciones con Qpaypro! ? 

#pagosdigitales #ecommerce #negociosinteligentes #crecimientodigital #pagosonline #aceptatarjetas #emprendedores #ventasdigitales #solucionesdepago",1,0,0,0,0,0,0,0,423,,https://www.facebook.com/photo.php?fbid=1136118148526773&set=a.504567235015204&type=3,1
1692583127699872_1133271955478059,https://facebook.com/1692583127699872_1133271955478059,1692583127699872,21 Mar 2025 12:29:00 AM,photo,"¿Tu negocio ya está listo? ?✅ 

✨ Los consumidores buscan comodidad y rapidez al pagar ?⚡ Los pagos digitales no solo cumplen estas expectativas, sino que también brindan seguridad y confianza ?✅

Con Qpaypro, ofrecerás una experiencia de pago digital confiable y adaptada a las necesidades de tus clientes ?? ¡Haz que pagar sea fácil y sin complicaciones! ? 

#pagosdigitales #ecommerce #negociosinteligentes #crecimientodigital #pagosonline #aceptatarjetas #emprendedores #ventasdigitales #solucionesdepago",2,0,0,0,0,0,0,1,472,,https://www.facebook.com/photo.php?fbid=1133271912144730&set=a.504567235015204&type=3,2
1692583127699872_1132715832200338,https://facebook.com/1692583127699872_1132715832200338,1692583127699872,20 Mar 2025 08:27:00 AM,photo,"El tiempo es oro, y en tu negocio cada minuto cuenta. Con QPayShop, automatiza tus cobros y olvídate de gestionar pagos manualmente. Recibe tu dinero sin complicaciones y enfócate en lo que realmente importa: hacer crecer tu negocio. ??

? Automatiza. ? Cobra sin esfuerzo. ? Crece más rápido.

#pagosdigitales #ecommerce #negociosinteligentes#emprendedores #pagosonline #ventas247 #negociosabiertos#solucionesdepago",1,0,0,0,0,0,1,1,455,,https://www.facebook.com/photo.php?fbid=1132715805533674&set=a.504567235015204&type=3,1
1692583127699872_1131944628944125,https://facebook.com/1692583127699872_1131944628944125,1692583127699872,19 Mar 2025 10:30:00 AM,photo,"? ¿Sabías que el 60% de las ventas globales son ahora online? ??

En 2023, más del 60% de las compras a nivel global se realizaron en línea ?. ¡Y en Guatemala, el 52% de la población ya compra a través de plataformas digitales! ???

Si aún no estás vendiendo online, ¡es el momento perfecto para empezar este 2025! ? Con QpayPro, puedes afiliarte fácilmente y comenzar a aceptar pagos digitales de inmediato. ✅

¡No esperes más y lleva tu negocio al siguiente nivel! ?✨ 

#pagosdigitales #ecommerce #negociosinteligentes #crecimientodigital #pagosonline #aceptatarjetas #emprendedores #ventasdigitales #solucionesdepago",1,0,0,0,0,0,0,1,408,,https://www.facebook.com/photo.php?fbid=1131944592277462&set=a.504567235015204&type=3,1
1692583127699872_1131147495690505,https://facebook.com/1692583127699872_1131147495690505,1692583127699872,18 Mar 2025 12:30:01 PM,photo,"? ¡Ahora puedes aceptar pagos en efectivo con tu aliado Qpaycash! ?

Ofrece a tus clientes más opciones de pago y haz que las transacciones sean más fáciles y seguras. ¡No importa si el pago es en efectivo, con Qpaycash todo es posible! ?✨ 

#pagosdigitales #ecommerce #negociosinteligentes #crecimientodigital #pagosonline #aceptatarjetas #emprendedores #ventasdigitales #solucionesdepago",1,0,0,0,0,0,0,0,309,,https://www.facebook.com/photo.php?fbid=1131147475690507&set=a.504567235015204&type=3,1
1692583127699872_1130146075790647,https://facebook.com/1692583127699872_1130146075790647,1692583127699872,17 Mar 2025 09:23:08 AM,album,"? Con Qpaypro, tus cobros están protegidos con tecnología de seguridad avanzada como Qpayradar y QpayVerify ¡Cobra con confianza y afiliate a la mejor pasarela de pagos de Guatemala! ?

#pagosdigitales #ecommerce #negociosinteligentes#emprendedores #pagosonline #ventas247 #negociosabiertos#solucionesdepago",0,0,0,0,0,0,0,0,339,,https://www.facebook.com/504840204987907/posts/1130146075790647,0
1692583127699872_1127607849377803,https://facebook.com/1692583127699872_1127607849377803,1692583127699872,14 Mar 2025 09:35:00 AM,photo,"? 3 razones para aceptar pagos digitales con Qpaypro ?✨

1️⃣ Vende más: Acepta pagos con tarjetas ? y en efectivo con Qpaycash ? ¡Más opciones, más ventas! ?

2️⃣ Todo a tu alcance: Integraciones para tu página web ?, cuotas en línea ?, links de pago ?, pagos internacionales ? y mucho más. ¡Lo tienes todo! ?

3️⃣ Soporte 24/7: Nuestro equipo está disponible de lunes a domingo ?️ para ayudarte en cualquier momento. ¡Siempre a tu lado! ?

¡No esperes más! Con Qpaypro, simplifica tus pagos y lleva tu negocio al siguiente nivel ? 

#pagosdigitales #ecommerce #negociosinteligentes #crecimientodigital #pagosonline #aceptatarjetas #emprendedores #ventasdigitales #solucionesdepago",0,1,0,0,0,0,1,0,337,,https://www.facebook.com/photo.php?fbid=1127607829377805&set=a.504567235015204&type=3,1
1692583127699872_1126849876120267,https://facebook.com/1692583127699872_1126849876120267,1692583127699872,13 Mar 2025 12:18:00 PM,photo,"? ¿Sabías que las criptomonedas están revolucionando los pagos en línea? ??

Empresas de todo el mundo están adoptando esta forma de pago, ¡y Guatemala no es la excepción! ?? Las criptos permiten transacciones rápidas ⚡ y seguras ? sin intermediarios. En 2024, se esperaba que el 10% de las transacciones en línea fueran con criptomonedas ? ¡En Guatemala, el interés creció un 25%! ?

No te quedes atrás ⏳, con QpayPro puedes empezar a aceptar criptomonedas de manera fácil y segura ✅ ¡Ofrece más opciones de pago a tus clientes y prepárate para el futuro! ?? 

#pagosdigitales #ecommerce #negociosinteligentes #crecimientodigital #pagosonline #aceptatarjetas #emprendedores #ventasdigitales #solucionesdepago",2,0,0,0,0,0,0,0,332,,https://www.facebook.com/photo.php?fbid=1126849849453603&set=a.504567235015204&type=3,2
1692583127699872_1125969579541630,https://facebook.com/1692583127699872_1125969579541630,1692583127699872,12 Mar 2025 11:15:00 AM,photo,"¡Haz tus pagos más fáciles y rápidos!
Con nuestros códigos QR, pagar contra entrega nunca fue tan sencillo. Tu cliente solo escanea el código al recibir su pedido y listo, ¡sin complicaciones!

✅ Rápido
✅ Seguro
✅ Sin contacto

¡Es momento de simplificar tus pagos! 

#pagosdigitales #ecommerce #negociosinteligentes #crecimientodigital #pagosonline #aceptatarjetas #emprendedores #ventasdigitales #solucionesdepago",1,0,0,0,0,0,0,0,276,,https://www.facebook.com/photo.php?fbid=1125969559541632&set=a.504567235015204&type=3,1
1692583127699872_1125053979633190,https://facebook.com/1692583127699872_1125053979633190,1692583127699872,11 Mar 2025 10:30:00 AM,photo,"En Qpaypro, no solo ofrecemos una plataforma de pagos confiable, sino que también contamos con un equipo de expertos disponible para resolver cualquier duda o desafío. Nuestro soporte está siempre listo para ayudarte, asegurando que tengas la mejor experiencia en cada transacción. ? ¡Confía en nosotros, estamos aquí para apoyarte en todo momento! ?? 

#soportedeexpertos #qpayqro #ayuda24/7 #siemprecontigo",0,0,0,0,0,0,0,0,323,,https://www.facebook.com/photo.php?fbid=1125053962966525&set=a.504567235015204&type=3,0
1692583127699872_1124184886386766,https://facebook.com/1692583127699872_1124184886386766,1692583127699872,10 Mar 2025 09:10:00 AM,photo,"Con Qpaypro, tus clientes disfrutan de un proceso de pago ágil y seguro desde cualquier dispositivo. ¡Haz que tu negocio sea más accesible y brinda una experiencia sin complicaciones! ??

#pagosdigitales #ecommerce #clientesfelices #negociosinteligentes #pagosonline #experienciadepago #solucionesdepago",0,0,0,0,0,0,0,0,308,,https://www.facebook.com/photo.php?fbid=1124184866386768&set=a.504567235015204&type=3,0
1692583127699872_1121721646633090,https://facebook.com/1692583127699872_1121721646633090,1692583127699872,07 Mar 2025 11:23:10 AM,album,"¡No dejes que el 2025 te tome por sorpresa! Con Qpayshop, crea tu tienda online de manera fácil y rápida, y empieza a vender sin límites. ¡Es hora de dar el siguiente paso y expandir tu negocio al mundo digital! ??

#ecommerce #tiendaonline #negociosdigitales #emprendedores #ventas2025 #solucionesparanegocios #crececonqpayshop",1,0,0,0,0,0,1,0,357,,https://www.facebook.com/504840204987907/posts/1121721646633090,1
1692583127699872_1120841193387802,https://facebook.com/1692583127699872_1120841193387802,1692583127699872,06 Mar 2025 09:45:00 AM,photo,"En Qpaypro, tu satisfacción es nuestra prioridad. Si tienes preguntas o necesitas ayuda, no importa la hora ni el día, nuestro equipo está listo para responderte. ?? ¡Tu negocio siempre cuenta con nuestro apoyo! ¡Nunca estarás solo, estamos a un mensaje de distancia! ? 

#Soporte24/7 #SiempreContigo #QpayPro #AtenciónAlCliente",0,0,0,0,0,0,0,0,323,,https://www.facebook.com/photo.php?fbid=1120841153387806&set=a.504567235015204&type=3,0
1692583127699872_1120182440120344,https://facebook.com/1692583127699872_1120182440120344,1692583127699872,05 Mar 2025 02:47:21 PM,photo,"¿Tu negocio está aprovechando esto? ¡Con Qpaypro puedes escalar rápidamente tu negocio, afiliate hoy!??  

#crececonQpayPro #negociosdigitales #emprendedores #solucionesparanegocios #escala tu negocio #pagosdigitales",1,0,0,0,0,0,0,0,328,,https://www.facebook.com/photo.php?fbid=1120181406787114&set=a.504567235015204&type=3,1
1692583127699872_1119146770223911,https://facebook.com/1692583127699872_1119146770223911,1692583127699872,04 Mar 2025 10:49:00 AM,photo,"Crea tu tienda en línea en minutos y comienza a vender sin complicaciones. Ofrece a tus clientes una experiencia de compra fácil y segura, mientras gestionas tu tienda de manera sencilla. Con QpayShop, tu negocio estará siempre disponible, ¡listo para recibir pedidos en cualquier momento! ??

#tiendaonline #ecommerce #negociosdigitales #emprendedores #ventas24_7 #solucionesparanegocios #emprendeonline",2,0,0,0,0,0,0,0,278,,https://www.facebook.com/photo.php?fbid=1119146746890580&set=a.504567235015204&type=3,2
1692583127699872_1118255420313046,https://facebook.com/1692583127699872_1118255420313046,1692583127699872,03 Mar 2025 09:00:06 AM,photo,"Con QpayPro, tus transacciones ya no conocen fronteras. Recibe pagos de cualquier parte del mundo de forma rápida, segura y sin complicaciones. ? Aprovecha la flexibilidad de nuestra plataforma y lleva tu empresa a nuevos mercados sin preocuparte por las barreras de pago. ¡Tu negocio está listo para crecer globalmente! ? 

#PagosSinLímites #QpayPro #CrecimientoSinFronteras #NegociosGlobales",1,0,0,0,0,0,0,0,265,,https://www.facebook.com/photo.php?fbid=1118255376979717&set=a.504567235015204&type=3,1
1692583127699872_1116096533862268,https://facebook.com/1692583127699872_1116096533862268,1692583127699872,28 Feb 2025 11:20:00 AM,photo,"?? ¡Lleva tu tienda en línea a otro nivel por solo Q2,550! ??

Con Qpaypro, obtienes todo lo que necesitas para vender: métodos de pago incluidos y fácil integración. ¡Emprende sin límites y recibe pagos al instante! ?? 

#pagosdigitales #ecommerce #negociosinteligentes #crecimientodigital #pagosonline #aceptatarjetas #emprendedores #ventasdigitales #solucionesdepago",0,0,0,0,0,0,0,0,288,,https://www.facebook.com/photo.php?fbid=1116096503862271&set=a.504567235015204&type=3,0
1692583127699872_1115242510614337,https://facebook.com/1692583127699872_1115242510614337,1692583127699872,27 Feb 2025 10:33:09 AM,album,"Con pagos digitales, tus transacciones son instantáneas, seguras y sin necesidad de efectivo. Reduce el riesgo de fraude y mejora el control de tus ventas con alertas y notificaciones en tiempo real. Ofrece a tus clientes la conveniencia que buscan y lleva tu negocio a un nivel más seguro y eficiente. ??

#pagosdigitales #negociosseguros #transaccionesrápidas #ecommerce #controltotal #solucionesparanegocios #emprendedores",1,0,0,0,0,0,0,1,339,,https://www.facebook.com/504840204987907/posts/1115242510614337,1
1692583127699872_1114318840706704,https://facebook.com/1692583127699872_1114318840706704,1692583127699872,26 Feb 2025 08:05:00 AM,photo,"Disminuye riesgos, aumenta confianza con Qpaypro ?? Nuestra plataforma de pagos te ofrece seguridad y transparencia en cada transacción, para que tú y tus clientes puedan comprar y vender con total tranquilidad. ? Protege tus pagos, optimiza tu negocio y gana la confianza que necesitas para crecer. ¡Es el momento de dar el siguiente paso con QpayPro! ? 

#SeguridadEnPagos #ConfianzaQpayPro #NegociosSeguros #PagosSinRiesgos",1,0,0,0,0,0,0,0,287,,https://www.facebook.com/photo.php?fbid=1114318804040041&set=a.504567235015204&type=3,1
1692583127699872_1113597677445487,https://facebook.com/1692583127699872_1113597677445487,1692583127699872,25 Feb 2025 11:06:00 AM,photo,"?? Vende fácil en redes sociales con QpayPro ??

Genera Links de Pago y comparte con tus seguidores en segundos. ¡Recibe pagos al instante y haz crecer tu negocio sin complicaciones! ?✨ 

#pagosdigitales #ecommerce #negociosinteligentes #crecimientodigital #pagosonline #aceptatarjetas #emprendedores #ventasdigitales #solucionesdepago",0,0,0,0,0,0,0,0,246,,https://www.facebook.com/photo.php?fbid=1113597660778822&set=a.504567235015204&type=3,0
1692583127699872_1112803357524919,https://facebook.com/1692583127699872_1112803357524919,1692583127699872,24 Feb 2025 10:33:00 AM,photo,"Con QpayPro, tu negocio sigue funcionando sin pausas. Cobra fácil y rápido, sin importar si es de día o de noche. ¡Haz crecer tus ventas mientras duermes y ofrece a tus clientes una experiencia de pago ágil y segura! ??

#pagosdigitales #ecommerce #negociosinteligentes #emprendedores #pagosonline #ventas247 #negociosabiertos #solucionesdepago",1,0,0,0,0,0,0,1,346,,https://www.facebook.com/photo.php?fbid=1112803194191602&set=a.504567235015204&type=3,1
1692583127699872_1110529891085599,https://facebook.com/1692583127699872_1110529891085599,1692583127699872,21 Feb 2025 10:35:00 AM,photo,"¡Ya son más de 3,500 negocios que venden sin fronteras! ? Con QpayPro, tu negocio no tiene límites. Recibe pagos de cualquier parte del mundo de forma fácil, rápida y segura. ? Despídete de las barreras y haz crecer tu empresa globalmente con nuestra plataforma de pagos 24/7. ¡Aumenta tus ventas y lleva tu negocio al siguiente nivel! ?✨ 

#VendeSinFronteras #QpayPro #PagosGlobales #NegociosSinLímites",0,0,0,0,0,0,0,0,304,,https://www.facebook.com/photo.php?fbid=1110529871085601&set=a.504567235015204&type=3,0
1692583127699872_1109641011174487,https://facebook.com/1692583127699872_1109641011174487,1692583127699872,20 Feb 2025 08:35:00 AM,photo,"?✨ ¡Aumenta tus ventas aceptando pagos en cuotas! ✨?

Dale a tus clientes la facilidad de pagar en plazos y haz crecer tu negocio con QpayPro. Más opciones, más compras, más ingresos ?? 

#pagosdigitales #ecommerce #negociosinteligentes #crecimientodigital #pagosonline #aceptatarjetas #emprendedores #ventasdigitales #solucionesdepago",1,0,0,0,0,0,0,0,306,,https://www.facebook.com/photo.php?fbid=1109640987841156&set=a.504567235015204&type=3,1
1692583127699872_1108981484573773,https://facebook.com/1692583127699872_1108981484573773,1692583127699872,19 Feb 2025 11:25:08 AM,album,"?✨ Ofrece las opciones de pago que tus clientes buscan ✨?

Más opciones = más ventas ? Descubre cómo QpayPro te ayuda a recibir pagos de manera fácil y rápida, adaptándose a las necesidades de tus clientes ?? 

#pagosdigitales #ecommerce #negociosinteligentes #crecimientodigital #pagosonline #aceptatarjetas #emprendedores #ventasdigitales #solucionesdepago",0,0,0,0,0,0,0,0,296,,https://www.facebook.com/504840204987907/posts/1108981484573773,0
1692583127699872_1096373312501257,https://facebook.com/1692583127699872_1096373312501257,1692583127699872,03 Feb 2025 09:35:00 AM,photo,"? Haz que esta semana sea la más productiva! Acepta pagos digitales las 24/7, ¡sin complicaciones! ⏰ ? Afíliate con Qpaypro y brinda a tus clientes comodidad 

#pagosdigitales #ecommerce #negociosinteligentes #crecimientodigital #pagosonline #aceptatarjetas #emprendedores #ventasdigitales #solucionesdepago",2,0,0,0,0,0,0,0,489,,https://www.facebook.com/photo.php?fbid=1096373272501261&set=a.504567235015204&type=3,2
1692583127699872_1077615807710341,https://facebook.com/1692583127699872_1077615807710341,1692583127699872,09 Jan 2025 10:16:01 AM,photo,"? Tu sueño, nuestra misión! Qpaypro te ofrece soluciones de pago innovadoras para que hagas crecer tu negocio, cumplas tus metas y no dejes de expandir tu negocio? 

#ecommerce #pagosenlinea #tiendaonline #linkdepago #pagosinternacionales #pagosdigitales #comercioelectronico #negociosdigitales #solucionesdigitales #pagoseguros #automatizacion #emprendedoresdigitales #negociosonline #pagoconcriptomonedas #ventasacuotas #crecimientodigital #innovaciontecnologica #hazcrecertunegocio #transformaciondigital",1,0,0,0,0,0,1,0,840,,https://www.facebook.com/photo.php?fbid=1077615787710343&set=a.504567235015204&type=3,1
1692583127699872_1076226657849256,https://facebook.com/1692583127699872_1076226657849256,1692583127699872,07 Jan 2025 11:41:00 AM,photo,"? Qpaypro: más que una pasarela de pagos ?  Somos tu aliado en el mundo del eCommerce con herramientas avanzadas y soporte 24/7? 

#ecommerce #pagosenlinea #tiendaonline #linkdepago #pagosinternacionales #pagosdigitales #comercioelectronico #negociosdigitales #solucionesdigitales #pagoseguros #automatizacion #emprendedoresdigitales #negociosonline #pagoconcriptomonedas #ventasacuotas #crecimientodigital #innovaciontecnologica #hazcrecertunegocio #transformaciondigital",0,0,0,0,0,0,0,0,763,,https://www.facebook.com/photo.php?fbid=1076226617849260&set=a.504567235015204&type=3,0
1692583127699872_1072739931531262,https://facebook.com/1692583127699872_1072739931531262,1692583127699872,02 Jan 2025 03:05:00 PM,photo,"?️ El éxito está a un click de distancia ?  Con Qpaypro, transforma tu emprendimiento con soluciones de pago diseñadas para crecer contigo ? 

#ecommerce #pagosenlinea #tiendaonline #linkdepago #pagosinternacionales #pagosdigitales #comercioelectronico #negociosdigitales #solucionesdigitales #pagoseguros #automatizacion #emprendedoresdigitales #negociosonline #pagoconcriptomonedas #ventasacuotas #crecimientodigital #innovaciontecnologica #hazcrecertunegocio #transformaciondigital",1,0,0,0,0,0,0,1,795,,https://www.facebook.com/photo.php?fbid=1072739914864597&set=a.504567235015204&type=3,1
1692583127699872_1071315531673702,https://facebook.com/1692583127699872_1071315531673702,1692583127699872,31 Dec 2024 04:20:00 PM,photo,"? Haz que tu negocio sea inolvidable ? Con Qpaypro, potencia tus ventas y brinda una experiencia de pago impecable a tus clientes✨
 #ecommerce #pagosenlinea #tiendaonline #linkdepago #pagosinternacionales #pagosdigitales #comercioelectronico #negociosdigitales #solucionesdigitales #pagoseguros #automatizacion #emprendedoresdigitales #negociosonline #pagoconcriptomonedas #ventasacuotas #crecimientodigital #innovaciontecnologica #hazcrecertunegocio #transformaciondigital",1,0,0,0,0,0,0,0,417,,https://www.facebook.com/photo.php?fbid=1071315511673704&set=a.504567235015204&type=3,1
1692583127699872_1067676625370926,https://facebook.com/1692583127699872_1067676625370926,1692583127699872,26 Dec 2024 04:20:00 PM,photo,"? Tu emprendimiento merece lo mejor. Con Qpaypro, crea experiencias de pago seguras y multiplica tus ventas ¡Unamos fuerzas para alcanzar tus sueños! ? 

#ecommerce #pagosenlinea #tiendaonline #linkdepago #pagosinternacionales #pagosdigitales #comercioelectronico #negociosdigitales #solucionesdigitales #pagoseguros #automatizacion #emprendedoresdigitales #negociosonline #pagoconcriptomonedas #ventasacuotas #crecimientodigital #innovaciontecnologica #hazcrecertunegocio #transformaciondigital",1,0,0,0,0,0,0,1,267,,https://www.facebook.com/photo.php?fbid=1067676602037595&set=a.504567235015204&type=3,1
1692583127699872_1066005675538021,https://facebook.com/1692583127699872_1066005675538021,1692583127699872,24 Dec 2024 09:36:01 AM,photo,"?? ¡Cobrar en efectivo nunca fue tan seguro! Con nuestra solución, puedes recibir pagos en efectivo con total tranquilidad ¡Garantiza una experiencia de pago confiable para tus clientes y optimiza tus operaciones! 

#minimizarfraudes #seguridad #fraude #negocioonline #negociodigital #crecimientoydesarrollo #crecimientoprofesional #pagosonline #ventasonline #efectivo #dinero #cash",2,0,0,0,0,0,0,0,188,,https://www.facebook.com/photo.php?fbid=1066005632204692&set=a.504567235015204&type=3,2
1692583127699872_1062337639238158,https://facebook.com/1692583127699872_1062337639238158,1692583127699872,19 Dec 2024 10:06:00 AM,photo,"?✨ Facilita pagos en efectivo seguros y confiables para tus clientes. Nuestra plataforma está diseñada para que cobres sin complicaciones y verifiques cada transacción al instante ??

#minimizarfraudes #seguridad #fraude #negocioonline #negociodigital #crecimientoydesarrollo #crecimientoprofesional #pagosonline #ventasonline #efectivo #dinero #cash",1,0,0,0,0,0,0,0,171,,https://www.facebook.com/photo.php?fbid=1062337615904827&set=a.504567235015204&type=3,1
1692583127699872_1060833759388546,https://facebook.com/1692583127699872_1060833759388546,1692583127699872,17 Dec 2024 10:05:00 AM,photo,"? ¿Tus clientes prefieren pagar en efectivo? Con Qpaycash, acepta pagos en efectivo de manera rápida, segura y sin complicaciones  ? ¡Dale a tus clientes la flexibilidad que buscan! 

#minimizarfraudes #seguridad #fraude #negocioonline #negociodigital #crecimientoydesarrollo #crecimientoprofesional #pagosonline #ventasonline #efectivo #dinero #cash",0,0,0,0,0,0,0,0,219,,https://www.facebook.com/photo.php?fbid=1060833739388548&set=a.504567235015204&type=3,0
1692583127699872_1057374016401187,https://facebook.com/1692583127699872_1057374016401187,1692583127699872,12 Dec 2024 03:40:00 PM,photo,"? Vender y aceptar pagos en línea no tiene por qué ser complicado. Con nuestras soluciones, transforma la experiencia de pago para tus clientes ¡Conquista el mundo digital y haz que tus ventas crezcan! ?? 

#linksdepago #pagosonline #guatemala #pagosseguros #plataformadepago #ventasonline #comprasonline #empresa #emprendimieto #comercioelectronico #ecommerce #tiendaonline #paginaweb #comprasenlinea",2,0,0,0,0,0,0,1,174,,https://www.facebook.com/photo.php?fbid=1057374006401188&set=a.504567235015204&type=3,2
1692583127699872_1057269136411675,https://facebook.com/1692583127699872_1057269136411675,1692583127699872,12 Dec 2024 12:00:27 PM,video,"Más que vender, se trata de conectar. En Emprendiendo con Ganas te damos las claves para construir relaciones reales que te ayuden a crecer. ¡Sintoniza y aprende más! ? 

¡No te lo pierdas! Link en nuestro perfil ?️

#emprendiendoconganas #historiasdeexito #motivacion #emprendedora #emprendedoresexitosos #podcastdeemprendimiento #inspirateyemprende #podcast #guatemala502",2,0,0,0,0,0,0,0,84,,https://www.facebook.com/504840204987907/videos/927343242827994,2
1692583127699872_1055865236552065,https://facebook.com/1692583127699872_1055865236552065,1692583127699872,10 Dec 2024 11:17:00 AM,photo,"?? ¡Simplifica tus cobros! Con nuestra plataforma, crear y enviar links de pago desde tu celular es tan fácil como enviar un mensaje ¡Cobra donde estés y sin complicaciones! ?? 

#linksdepago #pagosonline #guatemala #pagosseguros #plataformadepago #ventasonline #comprasonline #empresa #emprendimieto #comercioelectronico #ecommerce #tiendaonline #paginaweb #comprasenlinea",1,0,0,0,0,0,0,1,159,,https://www.facebook.com/photo.php?fbid=1055865219885400&set=a.504567235015204&type=3,1
1692583127699872_1053020670169855,https://facebook.com/1692583127699872_1053020670169855,1692583127699872,06 Dec 2024 01:45:05 PM,link,"?✨ ¡Prepárate para la mejor temporada de ventas del año! ✨?

Las festividades ?? son el momento ideal para que tu negocio en línea despegue ?✨ Pero no basta con estar presente, ¡hay que estar listo! ?? Con una buena planificación ?✅ y ejecución, puedes aprovechar al máximo este pico de demanda ?? y multiplicar tus ventas ??

?? ¡Descubre cómo hacerlo ahora! ??",1,1,0,0,0,0,0,0,122,,https://l.facebook.com/l.php?u=https%3A%2F%2Fwww.qpaypro.com%2Fmaximizar-ventas-en-temporadas-de-festividades%2F&h=AUBg4gQvEgXbM5tu-T8V6Lp7_MAxby8FfRi1emFR335ibUJDNlQtdOEUhAC7HCK7j5yZMjvASMsKcamaPuDDuk20906W17jzUkD9lKL_WMAhCiV-m-JYO-AthhyFVL_M&s=1,2
1692583127699872_1052113656927223,https://facebook.com/1692583127699872_1052113656927223,1692583127699872,05 Dec 2024 10:21:00 AM,photo,"?️✨ Con Qpaypro, no estás solo. Nuestro equipo de soporte experto está preparado para acompañarte en cada paso, asegurando que cada aspecto de tu negocio funcione de manera óptima. Atención personalizada de lunes a domingo ?? 

#linksdepago #pagosonline #guatemala #pagosseguros #pagosonline #plataformadepago #ventasonline #comprasonline #empresa #emprendimieto #buenservicio",0,0,0,0,0,0,0,0,113,,https://www.facebook.com/photo.php?fbid=1052113630260559&set=a.504567235015204&type=3,0
1692583127699872_1050541393751116,https://facebook.com/1692583127699872_1050541393751116,1692583127699872,03 Dec 2024 08:15:00 AM,photo,"?? ¿Quieres aumentar tus ventas y llegar a más clientes? Con nuestro POS virtual, recibir pagos en línea es rápido, seguro y fácil. ¡Lleva tu tienda al mundo digital! 

#linksdepago #pagosonline #guatemala #pagosseguros #plataformadepago #ventasonline #comprasonline #empresa #emprendimieto #comercioelectronico #ecommerce #tiendaonline #paginaweb #comprasenlinea",2,0,0,0,0,0,0,1,174,,https://www.facebook.com/photo.php?fbid=1050541373751118&set=a.504567235015204&type=3,2
1692583127699872_1046871694118086,https://facebook.com/1692583127699872_1046871694118086,1692583127699872,28 Nov 2024 10:10:20 AM,photo,"¡Nunca pares de vender! Acepta pagos en línea las 24 horas del día con Qpaypro. Mantén tu negocio siempre activo y seguro??

#linksdepago #pagosonline #guatemala #pagosseguros #pagosonline #plataformadepago #ventasonline #comprasonline #empresa #emprendimieto",3,0,0,0,0,0,0,1,150,,https://www.facebook.com/photo.php?fbid=1046871670784755&set=a.504567235015204&type=3,3
1692583127699872_1046221700849752,https://facebook.com/1692583127699872_1046221700849752,1692583127699872,27 Nov 2024 12:58:22 PM,video,"? Con QPayBlack, obtén la pasarela de pago Enterprise que incluye múltiples métodos de pago y herramientas avanzadas. ?? Disfruta del 25% OFF en tu primer año y aprovecha al máximo la temporada alta. ?✨ ¡No dejes pasar esta promoción, válida hasta el 29 de noviembre! ? 

#integraciones #pagosonline #pasareladepago #tarjetadecredito #tarjetadedebito
#tiendaenlinea #ecommerce #emprendedoresonline #ventasdigitales #solucionesdepago #negociosonline #pagosenlinea #emprendimientoexitoso #ventasporinternet #pagoseguro #marketingdigital #creatutienda #emprendeguate #negociodigital #pagosencripto #tiendaonlinefacil #crecimientodigital",2,0,0,0,0,0,0,1,103,,https://www.facebook.com/504840204987907/videos/1291511252263177,2
1692583127699872_1045492394256016,https://facebook.com/1692583127699872_1045492394256016,1692583127699872,26 Nov 2024 01:35:00 PM,photo,"? ¡Olvídate de comisiones excesivas! Ahora puedes procesar tus pagos en línea con solo un 4.5% de comisión por transacción ?  Ahorra en cada venta y maximiza tus ganancias ?

#linksdepago #pagosonline #guatemala #pagosseguros #plataformadepago #ventasonline #comprasonline #empresa #emprendimieto #comercioelectronico #ecommerce #tiendaonline #paginaweb #comprasenlinea",1,0,0,0,0,0,0,0,134,,https://www.facebook.com/photo.php?fbid=1045492374256018&set=a.504567235015204&type=3,1
1692583127699872_1041723864632869,https://facebook.com/1692583127699872_1041723864632869,1692583127699872,21 Nov 2024 11:30:01 AM,photo,"¿Estás listo para llevar tu negocio al siguiente nivel? Con Qpayshop, podrás tener tu propia tienda en línea lista para vender en cuestión de minutos. Olvídate de las complicaciones técnicas y enfócate en lo que realmente importa: ¡impulsar tus ventas! ??

#linksdepago #pagosonline #guatemala #pagosseguros #pagosonline #tiendaenlinea #tiendaonline #integraciones #web #sitioweb",3,0,0,0,0,0,0,0,134,,https://www.facebook.com/photo.php?fbid=1041723841299538&set=a.504567235015204&type=3,3
1692583127699872_1040209521450970,https://facebook.com/1692583127699872_1040209521450970,1692583127699872,19 Nov 2024 10:05:01 AM,photo,"¡Impulsa tu negocio en línea al éxito! En Qpaypro, contamos con un equipo de expertos en eCommerce listos para elevar tus ventas ?? ¡Afíliate a la mejor plataforma de pagos en Guatemala!

#linksdepago #pagosonline #guatemala #pagosseguros #pagosonline #plataformadepago #ventasonline #comprasonline #empresa #emprendimieto #comercioelectronico #ecommerce #tiendaonline #paginaweb #comprasenlinea #ventasonline",3,0,0,0,0,0,0,1,155,,https://www.facebook.com/photo.php?fbid=1040209501450972&set=a.504567235015204&type=3,3
1692583127699872_1036537518484837,https://facebook.com/1692583127699872_1036537518484837,1692583127699872,14 Nov 2024 09:35:00 AM,photo,"¿Cansado de los cobros manuales y los retrasos en los pagos? ?? ¡Qpaybilling es la solución que estabas buscando! Nuestra innovadora plataforma te permite automatizar por completo tus cobros en línea, asegurando pagos rápidos y eficientes ?✨ 

#linksdepago #pagosonline #guatemala #pagosseguros #pagosonline #plataformadepago #cobrosrecurrentes #automatico #pagosautomaticos",2,0,0,0,0,0,0,0,132,,https://www.facebook.com/photo.php?fbid=1036537501818172&set=a.504567235015204&type=3,2
1692583127699872_1035957135209542,https://facebook.com/1692583127699872_1035957135209542,1692583127699872,13 Nov 2024 01:47:28 PM,video,"En este episodio de Emprendiendo con Ganas, te compartimos tips y técnicas de marketing que realmente funcionan en el mercado digital. ? 

Link en nuestro perfil, no te lo pierdas ??

#emprendiendoconganas #historiasdeexito #motivacion #emprendedora #emprendedoresexitosos #podcastdeemprendimiento #inspirateyemprende #podcast #guatemala502",2,0,0,0,0,0,0,0,98,,https://www.facebook.com/504840204987907/videos/3879775675683522,2
1692583127699872_1035136498624939,https://facebook.com/1692583127699872_1035136498624939,1692583127699872,12 Nov 2024 11:45:00 AM,photo,"¿Listo para optimizar tu tienda en línea? Con la integración de Qpaypro en Shopify, recibe pagos de manera fácil y segura sin complicaciones ?️? ¡La mejor pasarela de pagos, ahora al alcance de tu tienda! 

#minimizarfraudes #seguridad #fraude #negocioonline #negociodigital #crecimientoydesarrollo #crecimientoprofesional #pagosonline #ventasonline #shopify #tiendaenlinea #integracion #tecnologia",2,0,0,0,0,0,0,0,124,,https://www.facebook.com/photo.php?fbid=1035136475291608&set=a.504567235015204&type=3,2
1692583127699872_1031291305676125,https://facebook.com/1692583127699872_1031291305676125,1692583127699872,07 Nov 2024 01:35:00 PM,photo,"? ¡Dale a tu tienda Shopify una ventaja competitiva con Qpaypro! Acepta pagos de forma segura y eficiente con la mejor pasarela de pagos. ?✨ ¡Integración rápida y lista para vender más! 

#minimizarfraudes #seguridad #fraude #negocioonline #negociodigital #crecimientoydesarrollo #crecimientoprofesional #pagosonline #ventasonline #shopify #tiendaenlinea #integracion #tecnologia",2,0,0,0,0,0,0,1,192,,https://www.facebook.com/photo.php?fbid=1031291282342794&set=a.504567235015204&type=3,2
1692583127699872_1029661352505787,https://facebook.com/1692583127699872_1029661352505787,1692583127699872,05 Nov 2024 09:50:00 AM,photo,"? ¿Listo para llevar tu tienda Shopify al siguiente nivel? Acepta pagos con tarjeta de crédito y débito directamente desde tu plataforma. La facilidad y seguridad que necesitas para vender más con Qpaypro ? 

#minimizarfraudes #seguridad #fraude #negocioonline #negociodigital #crecimientoydesarrollo #crecimientoprofesional #pagosonline #ventasonline #shopify #tiendaenlinea #integracion #tecnologia",1,0,0,0,0,0,0,0,160,,https://www.facebook.com/photo.php?fbid=1029661335839122&set=a.504567235015204&type=3,1
1692583127699872_1026776732794249,https://facebook.com/1692583127699872_1026776732794249,1692583127699872,01 Nov 2024 12:50:00 PM,status,"Qpaypro se enorgullece en anunciar su nueva y emocionante integración con Shopify, una de las plataformas de eCommerce más populares del mundo ? Ahora, podrás aprovechar las avanzadas soluciones de pago de Qpaypro directamente en tu tienda en línea de Shopify

 ¡No dejes pasar esta oportunidad! Descubre cómo esta integración puede transformar tu negocio y ofrecer a tus clientes lo mejor en cada compra. ¡Infórmate más y lleva tu tienda en línea al siguiente nivel! 

https://zurl.co/rsGT",4,0,0,0,0,0,0,3,556,,,4
1692583127699872_1025882682883654,https://facebook.com/1692583127699872_1025882682883654,1692583127699872,31 Oct 2024 09:45:00 AM,photo,"?✨ ¡Haz que tus ventas en Shopify ?  sean más simples! Ahora puedes aceptar pagos con tarjeta de crédito y débito directamente en tu tienda ? Facilita las compras para tus clientes y aumenta tus ventas con Qpaypro

#minimizarfraudes #seguridad #negocioonline #negociodigital #crecimientoydesarrollo #crecimientoprofesional #pagosonline #ventasonline #shopify #tiendaenlinea #integracion #tecnologia",2,0,0,0,0,0,0,1,216,,https://www.facebook.com/photo.php?fbid=1025882662883656&set=a.504567235015204&type=3,2
1692583127699872_1024346653037257,https://facebook.com/1692583127699872_1024346653037257,1692583127699872,29 Oct 2024 10:15:00 AM,photo,"✨  Ahora puedes hacer cobros rápidos y seguros en tu tienda Shopify con la plataforma de pago de Qpaypro ? Simplifica tus ventas y mejora la experiencia de tus clientes con esta integración clave ?✨ 

#minimizarfraudes #seguridad #fraude #negocioonline #negociodigital #crecimientoydesarrollo #crecimientoprofesional #pagosonline #ventasonline #shopify #tiendaenlinea #integracion #tecnologia",1,0,0,0,0,0,0,1,173,,https://www.facebook.com/photo.php?fbid=1024346633037259&set=a.504567235015204&type=3,1
1692583127699872_1020637913408131,https://facebook.com/1692583127699872_1020637913408131,1692583127699872,24 Oct 2024 01:35:25 PM,video,"? ¿Sabías que ahora puedes aceptar pagos en efectivo con Qpaycash? Si quieres ofrecer más opciones a tus clientes, Qpaypro tiene la solución perfecta. ¡Sencillo, seguro y sin complicaciones! ?? PayCash Global 

#integraciones #paginaweb #qpaypro #pagosonline #ventasonline #redessociales #negocioonline #negociodigital #crecimientoydesarrollo #crecimientoprofesional #pagosonline #ventasonline #efectivo #dinero #cash",2,0,0,0,0,0,0,1,172,,https://www.facebook.com/504840204987907/videos/1336367880672965,2
1692583127699872_1020619090076680,https://facebook.com/1692583127699872_1020619090076680,1692583127699872,24 Oct 2024 01:00:16 PM,photo,"? Con Qpaycash, tus cobros en efectivo están más protegidos que nunca. Disfruta de seguridad avanzada en cada transacción, brindando confianza tanto para ti como para tus clientes ??

#minimizarfraudes #seguridad #fraude #negocioonline #negociodigital #crecimientoydesarrollo #crecimientoprofesional #pagosonline #ventasonline #efectivo #dinero #cash",0,0,0,0,0,0,0,0,197,,https://www.facebook.com/photo.php?fbid=1020619046743351&set=a.504567235015204&type=3,0
1692583127699872_1018973750241214,https://facebook.com/1692583127699872_1018973750241214,1692583127699872,22 Oct 2024 10:13:01 AM,photo,"? Con Qpaycash, ahora tus clientes pueden elegir cómo pagar. Ofrece pagos en efectivo o transferencia en banca digital y recibe el dinero en tiempo real. ¡Sin complicaciones, sin tarjetas! Descubre cómo Qpaycash puede revolucionar tus transacciones en colaboración con @paycashglobal  ??

#linksdepago #pagosonline #guatemala #pagosseguros #plataformadepago #ventasonline #comprasonline #empresa #emprendimieto #comercioelectronico #ecommerce #tiendaonline #paginaweb #comprasenlinea #efectivo #cash #dinero",3,0,0,0,0,0,0,1,208,,https://www.facebook.com/photo.php?fbid=1018973733574549&set=a.504567235015204&type=3,3
1692583127699872_1018971870241402,https://facebook.com/1692583127699872_1018971870241402,1692583127699872,22 Oct 2024 10:10:23 AM,video,"?? Con Qpaycash, olvídate de las preocupaciones al aceptar pagos en efectivo. Ahora tus clientes pueden pagar fácilmente en puntos PayCash, y la confirmación del pago se refleja automáticamente en tu plataforma de Qpaypro. ¡Simplicidad y seguridad para tu negocio en cada transacción! ??  PayCash Global 

#integraciones #paginaweb #qpaypro #pagosonline #ventasonline #redessociales #negocioonline #negociodigital #crecimientoydesarrollo #crecimientoprofesional #pagosonline #ventasonline #efectivo #dinero #cash",4,0,0,0,0,0,0,1,111,,https://www.facebook.com/504840204987907/videos/2393721254313813,4
1692583127699872_1018257626979493,https://facebook.com/1692583127699872_1018257626979493,1692583127699872,21 Oct 2024 12:15:42 PM,video,"? ¿Tu negocio ya cuenta con un departamento enfocado en canales digitales? En Emprendiendo con Ganas te contamos por qué es clave para el crecimiento de cualquier empresa en el mundo actual. ¡No te lo pierdas! ?? 

#emprendiendoconganas #historiasdeexito #motivacion #emprendedora #emprendedoresexitosos #podcastdeemprendimiento #inspirateyemprende #podcast #guatemala502",3,0,0,0,0,0,0,0,276,,https://www.facebook.com/504840204987907/videos/1475653626479029,3
1692583127699872_1015921463879776,https://facebook.com/1692583127699872_1015921463879776,1692583127699872,18 Oct 2024 01:25:29 PM,video,"? La construcción de marca y el mercadeo son clave para el éxito de cualquier negocio. No te pierdas del  episodio completo de Emprendiendo con Ganas, con nuestro invitado especial Molvu  , exploramos cómo impulsar tu marca al siguiente nivel ?? 

El link está en nuestro perfil ?? 

#emprendiendoconganas #historiasdeexito #motivacion #emprendedora #emprendedoresexitosos #podcastdeemprendimiento #inspirateyemprende #podcast #guatemala502",3,0,0,0,0,0,0,1,209,,https://www.facebook.com/504840204987907/videos/1343630363717810,3
1692583127699872_1015798540558735,https://facebook.com/1692583127699872_1015798540558735,1692583127699872,18 Oct 2024 10:00:32 AM,video,"? ¿Ya viste el episodio 5 de Emprendiendo con Ganas? ?️ Robín Shaw nos comparte su increíble historia emprendedora. ¡Dale play y déjate inspirar! ? 

? Link en nuestro perfil

#emprendiendoconganas #historiasdeexito #motivacion #emprendedora #emprendedoresexitosos #podcastdeemprendimiento #inspirateyemprende #podcast #guatemala502",4,0,0,0,0,0,0,0,132,,https://www.facebook.com/504840204987907/videos/1086053646503041,4
1692583127699872_1015082383963684,https://facebook.com/1692583127699872_1015082383963684,1692583127699872,17 Oct 2024 12:15:27 PM,video,"? Haz que pagar sea más fácil con Qpaycash. Acepta pagos en efectivo o transferencia en banca digital, sin complicaciones o uso de tarjetas. Dale a tus clientes la libertad de elegir cómo pagar. ¡Qpaycash está aquí para hacer crecer tu negocio! ?? 

#integraciones #paginaweb #qpaypro #pagosonline #ventasonline #redessociales #negocioonline #negociodigital #crecimientoydesarrollo #crecimientoprofesional #pagosonline #ventasonline #efectivo #dinero #cash",4,0,0,0,0,0,0,3,133,,https://www.facebook.com/504840204987907/videos/1606808470256706,4
1692583127699872_1014988540639735,https://facebook.com/1692583127699872_1014988540639735,1692583127699872,17 Oct 2024 10:01:20 AM,photo,"? Qpaycash ya está aquí. Facilita los pagos para tus clientes, permitiendo que paguen en efectivo o con transferencia bancaria en puntos autorizados como Super 24 y Akísi. Aumenta tus ventas ofreciendo más opciones de pago con Qpaycash. ¡Hazlo fácil para todos gracias a la colaboración con PayCash Global ! ?? 

#linksdepago #pagosonline #guatemala #pagosseguros #pagosonline #plataformadepago #ventasonline #comprasonline #empresa #emprendimieto #comercioelectronico #ecommerce #tiendaonline #paginaweb #comprasenlinea #ventasonline #efectivo #pagoscontraentrega #dinero #cash",2,0,0,0,0,0,0,1,223,,https://www.facebook.com/photo.php?fbid=1014988457306410&set=a.504567235015204&type=3,2
1692583127699872_1014220594049863,https://facebook.com/1692583127699872_1014220594049863,1692583127699872,16 Oct 2024 11:35:30 AM,video,"? ¡El episodio 5 de Emprendiendo con Ganas ya está disponible! ?️ En este episodio, tenemos como invitado a Robín Shaw, el visionario fundador de RS Corp - Ticket Box ?️. Descubre los secretos detrás de su éxito y cómo revolucionó el mundo del ticketing. ??

Si eres emprendedor o estás buscando llevar tu negocio al siguiente nivel, ¡no te puedes perder esta conversación llena de estrategias y motivación! ?? 

? Link en nuestro perfil

#emprendiendoconganas #historiasdeexito #motivacion #emprendedora #emprendedoresexitosos #podcastdeemprendimiento #inspirateyemprende #podcast #guatemala502",9,0,0,0,0,0,0,1,1362,,https://www.facebook.com/504840204987907/videos/1313948526684385,9
1692583127699872_1013519507453305,https://facebook.com/1692583127699872_1013519507453305,1692583127699872,15 Oct 2024 02:36:34 PM,photo,"? ¡Lanzamos Qpaycash! Ahora puedes aceptar pagos en efectivo o transferencia por banca digital en tu comercio de manera fácil y segura. Tus clientes podrán pagar en Super 24 o Akísi, y tú recibirás el pago al instante ¡Más opciones, más ventas! ?? Gracias a la colaboración con @paycashglobal 

#integraciones #paginaweb #qpaypro #pagosonline #ventasonline #redessociales #negocioonline #negociodigital #crecimientoydesarrollo #crecimientoprofesional #pagosonline #ventasonline #efectivo #dinero #cash",2,1,0,0,0,0,1,1,241,,https://www.facebook.com/photo.php?fbid=1013520794119843&set=a.504567235015204&type=3,3
1692583127699872_1012580867547169,https://facebook.com/1692583127699872_1012580867547169,1692583127699872,14 Oct 2024 10:45:41 AM,video,"? ¡Atención emprendedores! ? Este miércoles estrenamos el episodio 5 de Emprendiendo con Ganas y tenemos un invitado de lujo: Robín Shaw, fundador de RS Corp - Ticket Box ?️ No te puedes perder su historia llena de aprendizajes y estrategias de ventas para aplicar en tu negocio 

¡No te lo pierdas! ? Link en nuestro perfil

#emprendiendoconganas #historiasdeexito #motivacion #emprendedora #emprendedoresexitosos #podcastdeemprendimiento #inspirateyemprende #podcast #guatemala502",3,0,0,0,0,0,0,0,145,,https://www.facebook.com/504840204987907/videos/560845669836539,3
1692583127699872_1010091977796058,https://facebook.com/1692583127699872_1010091977796058,1692583127699872,11 Oct 2024 11:35:30 AM,video,"?️ ¡No te puedes perder el Episodio 4 de ""Emprendiendo con Ganas""! ? Este episodio está lleno de información clave y tips esenciales para emprendedores que quieren llevar su negocio al siguiente nivel. ?? 

? Link en nuestro perfil

#emprendiendoconganas #historiasdeexito #motivacion #emprendedora #emprendedoresexitosos #podcastdeemprendimiento #inspirateyemprende #podcast #guatemala502",6,0,0,0,0,0,0,4,177,,https://www.facebook.com/504840204987907/videos/513406324795544,6
1692583127699872_1009345937870662,https://facebook.com/1692583127699872_1009345937870662,1692583127699872,10 Oct 2024 02:35:36 PM,video,"? En el camino del emprendimiento, lo que realmente marca la diferencia es hacer cosas que tengan sentido y propósito a largo plazo. No se trata solo de resultados inmediatos, sino de construir una visión sólida y sostenible para el futuro? 

¡No te pierdas el episodio completo! ? Link en nuestro perfil

#emprendiendoconganas #historiasdeexito #motivacion #emprendedora #emprendedoresexitosos #podcastdeemprendimiento #inspirateyemprende #podcast #guatemala502",4,0,0,0,0,0,0,1,184,,https://www.facebook.com/504840204987907/videos/1084596753057922,4
1692583127699872_1009219051216684,https://facebook.com/1692583127699872_1009219051216684,1692583127699872,10 Oct 2024 11:00:10 AM,photo,"?️ ¿Listo para optimizar tu negocio? Acepta pagos con tarjeta directamente en tu sitio web con Qpaypro y disfruta de transacciones seguras y eficientes ¡Haz que comprar sea más fácil para tus clientes! ??

#integraciones #paginaweb #qpaypro #pagosonline #ventasonline #redessociales #negocioonline #negociodigital #crecimientoydesarrollo #crecimientoprofesional #pagosonline #ventasonline",1,0,0,0,0,0,1,0,203,,https://www.facebook.com/photo.php?fbid=1009219021216687&set=a.504567235015204&type=3,1
1692583127699872_1008332827971973,https://facebook.com/1692583127699872_1008332827971973,1692583127699872,09 Oct 2024 10:05:42 AM,video,"?️✨ ¡El Episodio 4 de ""Emprendiendo con Ganas"" ya está aquí! ? En esta ocasión, tenemos a Luis Cifuentes, fundador de La Electrónica y Los Instrumentos, quien nos comparte su experiencia y los secretos detrás de construir una empresa exitosa en la industria tecnológica ??.

No te lo pierdas! ? ¡Link en nuestro perfil! 

#emprendiendoconganas #historiasdeexito #motivacion #emprendedora #emprendedoresexitosos #podcastdeemprendimiento #inspirateyemprende #podcast #guatemala502",5,0,0,0,0,0,0,1,1434,,https://www.facebook.com/504840204987907/videos/8414215991994141,5
1692583127699872_1007664471372142,https://facebook.com/1692583127699872_1007664471372142,1692583127699872,08 Oct 2024 12:45:32 PM,video,"?️ ¡No te quedes a medias! Mira el episodio 2 de Emprendiendo con Ganas que está disponible en todas nuestras plataformas, un conversacionales llena de aprendizajes junto a el fundador de Webifica ✨ 

¡Haz clic en el link de nuestro perfil y disfruta del episodio completo! ??",8,0,0,0,0,0,0,3,210,,https://www.facebook.com/504840204987907/videos/1068002408168116,8
1692583127699872_1007635534708369,https://facebook.com/1692583127699872_1007635534708369,1692583127699872,08 Oct 2024 12:00:12 PM,photo,"Transforma tu tienda en línea con la tecnología avanzada de Qpayshop y ofrece a tus clientes una experiencia de compra fluida y eficiente ?✨ Desde pagos seguros hasta una integración fácil con tu plataforma, tenemos todo lo que necesitas para impulsar tu negocio ? 

#linksdepago #pagosonline #guatemala #pagosseguros #plataformadepago #ventasonline #comprasonline #empresa #emprendimieto #comercioelectronico #ecommerce #tiendaonline #paginaweb #comprasenlinea",1,0,0,0,0,0,0,1,198,,https://www.facebook.com/photo.php?fbid=1007635504708372&set=a.504567235015204&type=3,1
1692583127699872_1006963918108864,https://facebook.com/1692583127699872_1006963918108864,1692583127699872,07 Oct 2024 03:05:23 PM,video,"??️ ¡Prepárate! Este miércoles lanzamos el Episodio 4 de Emprendiendo con Ganas! ?✨ En esta ocasión, contamos con Luis Cifuentes, fundador de La Electrónica y Los Instrumentos, quien nos compartirá sus claves para emprender con éxito y superar los obstáculos en el camino ??

¡No te lo pierdas! Muy pronto disponible en todas nuestras plataformas ?? 

#emprendiendoconganas #historiasdeexito #motivacion #emprendedora #emprendedoresexitosos #podcastdeemprendimiento #inspirateyemprende #podcast #guatemala502",3,0,0,0,0,0,0,1,155,,https://www.facebook.com/504840204987907/videos/903125871754814,3
1692583127699872_1006348971503692,https://facebook.com/1692583127699872_1006348971503692,1692583127699872,06 Oct 2024 08:00:29 PM,video,"? Emprender no es un camino fácil, pero la perseverancia es lo que te llevará al éxito ? 

¡No te pierdas el episodio 3 de  Emprendiendo con Ganas, hablamos sobre cómo mantener el enfoque y no rendirse ante los desafíos✨  

? Link en nuestro perfil

#emprendiendoconganas #historiasdeexito #motivacion #emprendedora #emprendedoresexitosos #podcastdeemprendimiento #inspirateyemprende #podcast #guatemala502",4,0,0,0,0,0,0,0,247,,https://www.facebook.com/504840204987907/videos/1291149611891175,4
1692583127699872_1004544268350829,https://facebook.com/1692583127699872_1004544268350829,1692583127699872,04 Oct 2024 10:20:30 AM,video,"? Como emprendedores, iniciar un negocio puede parecer abrumador, enfrentándonos a desafíos constantes como la logística y la coordinación. En el Episodio 3 de Emprendiendo con Ganas, Jefferson Recinos, nos cuenta cómo superó estos retos y alcanzó el éxito en un mercado competitivo  ?

Descubre sus estrategias y consejos en el episodio completo, ¡No te lo pierdas! ? Link en nuestro perfil

#emprendiendoconganas #historiasdeexito #motivacion#emprendedora #emprendedoresexitosos #podcastdeemprendimiento #inspirateyemprende #podcast #guatemala502",5,0,0,0,0,0,0,1,137,,https://www.facebook.com/504840204987907/videos/907462024610979,5
1692583127699872_1003689345102988,https://facebook.com/1692583127699872_1003689345102988,1692583127699872,03 Oct 2024 10:00:20 AM,photo,"? ¡No te quedes atrás y adapta tu negocio a las nuevas tendencias de pago! Con Qpaypro, puedes empezar a aceptar pagos con tarjeta en línea de forma rápida y sencilla.

¡Afíliate a la mejor plataforma de pagos en Guatemala! 

#linksdepago #pagosonline #guatemala #pagosseguros #plataformadepago #ventasonline #comprasonline #empresa #emprendimieto #comercioelectronico #ecommerce #tiendaonline #paginaweb #comprasenlinea",1,0,0,0,0,0,1,0,223,,https://www.facebook.com/photo.php?fbid=1003689318436324&set=a.504567235015204&type=3,1
1692583127699872_1002857171852872,https://facebook.com/1692583127699872_1002857171852872,1692583127699872,02 Oct 2024 10:09:24 AM,video,"?️✨ ¡El Episodio 3 de ""Emprendiendo con Ganas"" ya está disponible! ? En esta edición, hablamos con Jefferson Recinos, fundador de Recipe Makeup, sobre cómo triunfar en un mercado competitivo y construir una marca auténtica ??

¡No te lo pierdas! ? Link en nuestro perfil

#emprendiendoconganas #historiasdeexito #motivacion #emprendedora #emprendedoresexitosos #podcastdeemprendimiento #inspirateyemprende #podcast #guatemala502",1,0,0,0,0,0,0,0,205,,https://www.facebook.com/504840204987907/videos/521046307307792,1
1692583127699872_1001973571941232,https://facebook.com/1692583127699872_1001973571941232,1692583127699872,01 Oct 2024 10:00:23 AM,photo,"Olvídate de los cobros manuales y optimiza tu tiempo ? Con Qpaybilling, automatiza todos tus pagos en línea de manera fácil y segura ?

#linksdepago #pagosonline #guatemala #pagosseguros #pagosonline #plataformadepago #cobrosrecurrentes #automatico #pagosautomaticos",1,0,0,0,0,0,0,1,273,,https://www.facebook.com/photo.php?fbid=1001973545274568&set=a.504567235015204&type=3,1
1692583127699872_997949919010264,https://facebook.com/1692583127699872_997949919010264,1692583127699872,26 Sep 2024 01:00:15 PM,photo,"Con Qpaypro, integrar soluciones de pago en tu tienda en línea es sencillo ? Usa nuestros plugins y APIs para ofrecer a tus clientes una compra fluida y segura ? ¡Impulsa tu negocio con tecnología avanzada!

#linksdepago #pagosonline #guatemala #pagosseguros #plataformadepago #ventasonline #comprasonline #empresa #emprendimieto #comercioelectronico #ecommerce #tiendaonline #paginaweb #comprasenlinea",1,0,0,0,0,0,1,0,168,,https://www.facebook.com/photo.php?fbid=997949892343600&set=a.504567235015204&type=3,1
1692583127699872_996237009181555,https://facebook.com/1692583127699872_996237009181555,1692583127699872,24 Sep 2024 12:00:15 PM,photo,"En Qpaypro, no estás solo ? Nuestro equipo de expertos está disponible para ofrecerte el soporte y la asistencia que necesitas, cuando lo necesitas ??

#linksdepago #pagosonline #guatemala #pagosseguros #plataformadepago #ventasonline #comprasonline #empresa #emprendimieto #comercioelectronico #ecommerce #tiendaonline #paginaweb #comprasenlinea",1,0,0,0,0,0,3,0,127,,https://www.facebook.com/photo.php?fbid=996236982514891&set=a.504567235015204&type=3,1
1692583127699872_995341835937739,https://facebook.com/1692583127699872_995341835937739,1692583127699872,23 Sep 2024 10:25:26 AM,video,"?️ ¡Este miércoles se estrena el episodio 2 de Emprendiendo con Ganas! ? Nuestro invitado especial es José René, fundador de Webifica, quien nos contará su inspiradora historia de éxito en el mundo digital. ¡No te lo pierdas y mantente atento! ? 

#emprendiendoconganas #historiasdeexito #motivacion #emprendedora #emprendedoresexitosos #podcastdeemprendimiento #inspirateyemprende #podcast #guatemala502",3,0,0,0,0,0,0,0,232,,https://www.facebook.com/504840204987907/videos/852535676986972,3
1692583127699872_993239946147928,https://facebook.com/1692583127699872_993239946147928,1692583127699872,20 Sep 2024 08:20:37 PM,video,"Continuamos con la segunda parte en donde hablamos sobre uno de los mayores miedos de los emprendedores: los gastos fijos ?  Aprende cómo manejarlos y evitar que se conviertan en un obstáculo para tu negocio

? ¡No te lo pierdas! Ve el episodio completo en nuestra página web ? 
https://zurl.co/cP6p

#emprendiendoconganas #historiasdeexito #motivacion #emprendedora #emprendedoresexitosos #podcastdeemprendimiento #inspirateyemprende #podcast #guatemala502",4,0,0,0,0,0,0,0,213,,https://www.facebook.com/504840204987907/videos/509423635124701,4
1692583127699872_992937479511508,https://facebook.com/1692583127699872_992937479511508,1692583127699872,20 Sep 2024 10:30:23 AM,video,"Hablamos sobre uno de los mayores miedos de los emprendedores: los gastos fijos ? Aprende cómo manejarlos y evitar que se conviertan en un obstáculo para tu negocio

? ¡No te lo pierdas! Ve el episodio completo en nuestra página web ? 
https://zurl.co/6Y2u
 
#emprendiendoconganas #historiasdeexito #motivacion #emprendedora #emprendedoresexitosos #podcastdeemprendimiento #inspirateyemprende #podcast #guatemala502",4,0,0,0,0,0,0,0,175,,https://www.facebook.com/504840204987907/videos/536227565462575,4
1692583127699872_992181989587057,https://facebook.com/1692583127699872_992181989587057,1692583127699872,19 Sep 2024 12:00:06 PM,photo,"Haz que pagar sea más fácil para tus clientes y aumenta tus ventas ?? Con Qpaypro, acepta tarjetas de crédito y débito en tu tienda en línea de forma rápida y segura ?

#linksdepago #pagosonline #guatemala #pagosseguros #plataformadepago #ventasonline #comprasonline #empresa #emprendimieto #comercioelectronico #ecommerce #tiendaonline #paginaweb #comprasenlinea",1,0,0,0,0,0,1,1,230,,https://www.facebook.com/photo.php?fbid=992181979587058&set=a.504567235015204&type=3,1
1692583127699872_990455749759681,https://facebook.com/1692583127699872_990455749759681,1692583127699872,17 Sep 2024 09:00:03 AM,photo,"Impulsa tus ventas y mejora la experiencia de tus clientes con las soluciones de pago más innovadoras del mercado ?  Con Qpaypro, tu negocio está preparado para crecer de manera rápida y segura ?

#linksdepago #pagosonline #guatemala #pagosseguros #plataformadepago #ventasonline #comprasonline #empresa #emprendimieto #comercioelectronico #ecommerce #tiendaonline #paginaweb #comprasenlinea",1,0,0,0,0,0,1,0,72,,https://www.facebook.com/photo.php?fbid=990455719759684&set=a.504567235015204&type=3,1
1692583127699872_987408743397715,https://facebook.com/1692583127699872_987408743397715,1692583127699872,13 Sep 2024 10:00:27 AM,photo,"Con Qpaypro, tus clientes disfrutan de una experiencia de pago fluida y protegida ? Cada transacción se procesa en segundos, garantizando la seguridad que tu tienda necesita ??

#linksdepago #pagosonline #guatemala #pagosseguros #plataformadepago #ventasonline #comprasonline #empresa #emprendimieto #comercioelectronico #ecommerce #tiendaonline #paginaweb #comprasenlinea",1,0,0,0,0,0,2,0,77,,https://www.facebook.com/photo.php?fbid=987408726731050&set=a.504567235015204&type=3,1
1692583127699872_986781733460416,https://facebook.com/1692583127699872_986781733460416,1692583127699872,12 Sep 2024 01:00:15 PM,photo,"No pierdas tiempo, con Qpaypro puedes tener tu tienda en línea lista en cuestión de minutos ? ¡Empieza a recibir pagos y a hacer crecer tu negocio hoy mismo! ?

#linksdepago #pagosonline #guatemala #pagosseguros #plataformadepago #ventasonline #comprasonline #empresa #emprendimieto #comercioelectronico #ecommerce #tiendaonline #paginaweb #comprasenlinea",2,0,0,0,0,0,3,0,70,,https://www.facebook.com/photo.php?fbid=986781713460418&set=a.504567235015204&type=3,2
1692583127699872_985417910263465,https://facebook.com/1692583127699872_985417910263465,1692583127699872,10 Sep 2024 02:00:18 PM,photo,"?️ Con Qpaypro, cada transacción en tu tienda en línea cuenta con un respaldo de seguridad avanzado, garantizando que tus ventas sean efectivas y seguras ?

#linksdepago #pagosonline #guatemala #pagosseguros #plataformadepago #ventasonline #comprasonline #empresa #emprendimieto #comercioelectronico #ecommerce #tiendaonline #paginaweb #comprasenlinea",1,0,0,0,0,0,1,0,65,,https://www.facebook.com/photo.php?fbid=985417886930134&set=a.504567235015204&type=3,1
1692583127699872_984651823673407,https://facebook.com/1692583127699872_984651823673407,1692583127699872,09 Sep 2024 12:00:09 PM,photo,"En Qpaypro te brindamos soporte para tu comercio durante toda la semana, con horarios operativos de lunes a domingo, de 7:00 a.m. a 8:00 p.m. ? ¡Un buen servicio y asistencia para nuestros afiliados es prioridad!

#linksdepago #pagosonline #guatemala #pagosseguros #pagosonline #plataformadepago #ventasonline #comprasonline #empresa #emprendimieto #buenservicio",0,0,0,0,0,0,0,0,62,,https://www.facebook.com/photo.php?fbid=984651767006746&set=a.504567235015204&type=3,0
1692583127699872_982373893901200,https://facebook.com/1692583127699872_982373893901200,1692583127699872,06 Sep 2024 10:00:17 AM,photo,"Estás dejando escapar ventas importantes? Con Qpaypro, afíliate en minutos y comienza a aceptar pagos con tarjeta de forma segura y sencilla. No pierdas más clientes, ¡haz crecer tu negocio hoy mismo! ??

#linksdepago #pagosonline #guatemala #pagosseguros #plataformadepago #ventasonline #comprasonline #empresa #emprendimieto #comercioelectronico #ecommerce #tiendaonline #paginaweb #comprasenlinea",1,0,0,0,0,0,0,0,56,,https://www.facebook.com/photo.php?fbid=982373853901204&set=a.504567235015204&type=3,1
1692583127699872_981787100626546,https://facebook.com/1692583127699872_981787100626546,1692583127699872,05 Sep 2024 02:00:14 PM,photo,"No pierdas más ventas ? Con Qpaypro, acepta pagos con tarjeta de crédito y débito en tu tienda en línea de manera fácil y segura. Da el siguiente paso y ofrece a tus clientes una experiencia de compra completa ? ?

#linksdepago #pagosonline #guatemala #pagosseguros #plataformadepago #ventasonline #comprasonline #empresa #emprendimieto #comercioelectronico #ecommerce #tiendaonline #paginaweb #comprasenlinea",0,0,0,0,0,0,0,0,51,,https://www.facebook.com/photo.php?fbid=981787067293216&set=a.504567235015204&type=3,0
1692583127699872_980132784125311,https://facebook.com/1692583127699872_980132784125311,1692583127699872,03 Sep 2024 12:00:10 PM,photo,"? Únete a la comunidad de comercios que confían en nosotros para recibir pagos de manera rápida, segura y eficiente. No te quedes atrás, lleva tu negocio al siguiente nivel con Qpaypro ?

#linksdepago #pagosonline #guatemala #pagosseguros #plataformadepago #ventasonline #comprasonline #empresa #emprendimieto #comercioelectronico #ecommerce #tiendaonline #paginaweb #comprasenlinea",0,0,0,0,0,0,0,0,49,,https://www.facebook.com/photo.php?fbid=980132740791982&set=a.504567235015204&type=3,0
1692583127699872_979381654200424,https://facebook.com/1692583127699872_979381654200424,1692583127699872,02 Sep 2024 10:00:03 AM,photo,"¿Cansado de los recordatorios y los pagos manuales? Con Qpaybilling, automatiza tus cobros y olvídate de las preocupaciones ? Asegura ingresos puntuales y disfruta de una gestión más sencilla y eficiente ?

#linksdepago #pagosonline #guatemala #pagosseguros #pagosonline #plataformadepago #cobrosrecurrentes #automatico #pagosautomaticos",0,0,0,0,0,0,0,0,47,,https://www.facebook.com/photo.php?fbid=979381630867093&set=a.504567235015204&type=3,0
1692583127699872_976586014479988,https://facebook.com/1692583127699872_976586014479988,1692583127699872,29 Aug 2024 12:00:14 PM,photo,"? ¡Activa tu tienda en línea demo GRATIS luego de afiliarte a Qpayshop y descubre lo fácil que es empezar a vender en línea! ?

#linksdepago #pagosonline #guatemala #pagosseguros #plataformadepago #ventasonline #comprasonline #empresa #emprendimieto #comercioelectronico #ecommerce #tiendaonline #paginaweb #comprasenlinea #cuotas",1,0,0,0,0,0,0,0,39,,https://www.facebook.com/photo.php?fbid=976585991146657&set=a.504567235015204&type=3,1
1692583127699872_975849427886980,https://facebook.com/1692583127699872_975849427886980,1692583127699872,28 Aug 2024 10:00:23 AM,link,"En el competitivo mundo del comercio electrónico, no solo se trata de captar nuevos clientes, sino de mantenerlos ? La retención de clientes es un factor crucial para el crecimiento sostenible de tu negocio en línea ? De hecho, algunos estudios muestran que aumentar la retención de clientes en un 5% puede incrementar las ganancias entre un 25% y un 95% ?

Conoce más en nuestro artículo",2,0,0,0,0,0,0,0,38,,https://l.facebook.com/l.php?u=https%3A%2F%2Fwww.qpaypro.com%2Faumentar-retencion-clientes-en-linea%2F&h=AUBMDe7MYijUq2oZwG6c5W9O_xinOW_A9rQI-mXYeVMn5Ubspbc9xCmuxuksRdTa93KBi1rKYe5xBmXmyLLdA1n_UFaMK4wLS2skycaL66KoxlVkstJk5tOkyKmqrsZ2&s=1,2
1692583127699872_975186434619946,https://facebook.com/1692583127699872_975186434619946,1692583127699872,27 Aug 2024 11:30:08 AM,photo,"? ¿Listo para vender en línea? Con Qpayshop, tu tienda puede estar en funcionamiento en solo 15 minutos, luego de realizar tu proceso de afiliación ¡No esperes más! ??

#linksdepago #pagosonline #guatemala #pagosseguros #plataformadepago #ventasonline #comprasonline #empresa #emprendimieto #comercioelectronico #ecommerce #tiendaonline #paginaweb #comprasenlinea",1,0,0,0,0,0,0,0,31,,https://www.facebook.com/photo.php?fbid=975186414619948&set=a.504567235015204&type=3,1
1692583127699872_974434004695189,https://facebook.com/1692583127699872_974434004695189,1692583127699872,26 Aug 2024 10:00:22 AM,photo,"?? ¡Llevemos tu negocio en línea al siguiente nivel! Con Qpaypro, el futuro de tu empresa está en las mejores manos de los expertos en eCommerce ?

#linksdepago #pagosonline #guatemala #pagosseguros #pagosonline #plataformadepago #cobrosrecurrentes #automatico",2,0,0,0,0,0,0,0,30,,https://www.facebook.com/photo.php?fbid=974433984695191&set=a.504567235015204&type=3,2
1692583127699872_972352434903346,https://facebook.com/1692583127699872_972352434903346,1692583127699872,23 Aug 2024 01:00:10 PM,photo,"✈️? ¡No importa dónde estén tus clientes! Envía links de pago a cualquier parte del mundo con Qpaypro y haz crecer tu negocio sin fronteras, con la mejor plataforma de pagos en Guatemala ?

#linksdepago #pagosonline #guatemala #pagosseguros #pagosonline #plataformadepago #cobrosrecurrentes #automatico #pagosautomaticos",2,0,0,0,0,0,0,0,32,,https://www.facebook.com/photo.php?fbid=972352408236682&set=a.504567235015204&type=3,2
1692583127699872_971569234981666,https://facebook.com/1692583127699872_971569234981666,1692583127699872,22 Aug 2024 11:30:09 AM,photo,"?✨ ¡No ignores las preferencias de tus clientes! El 56% de los usuarios prefiere pagar con cuotas. Asegúrate de ofrecer esta opción en tu negocio con Qpaypro y ofrece cuotas de 3 a 18 pagos ?

#linksdepago #pagosonline #guatemala #pagosseguros #pagosonline #plataformadepago #cobrosrecurrentes #automatico #pagosautomaticos",1,1,0,0,0,0,0,0,28,,https://www.facebook.com/photo.php?fbid=971569218315001&set=a.504567235015204&type=3,2
1692583127699872_970802465058343,https://facebook.com/1692583127699872_970802465058343,1692583127699872,21 Aug 2024 10:00:29 AM,link,"¿Sabías qué? ? El abandono del carrito de compras ? es uno de los mayores desafíos que enfrentan los negocios en línea. Según estudios, más del 70% de los carritos de compras son abandonados antes de que el cliente complete la transacción. ?

En este artículo te presentamos cinco estrategias clave, destacando cómo Qpaypro ? puede ayudarte a implementarlas de manera efectiva ??",1,1,0,0,0,0,0,0,25,,https://l.facebook.com/l.php?u=https%3A%2F%2Fwww.qpaypro.com%2Festrategias-abandono-de-carrito-en-linea%2F&h=AUAG2KXvNPqNPEDB3alYXTFgLuiOGwnylSWLpfzlfl5hofLYUycI3ow_R4v5N1-SxjQL3bSRZD18Dr--BxQXUSmAR9W-INWIY1eNbPlsw76nnQ4mD4nGpnPFZ3gpO2Fh&s=1,2
1692583127699872_970194488452474,https://facebook.com/1692583127699872_970194488452474,1692583127699872,20 Aug 2024 12:00:20 PM,photo,"? ¡Expande tus fronteras! Acepta pagos con tarjeta desde cualquier parte del mundo con Qpaypro y lleva tu negocio al siguiente nivel ? pregunta por nuestro Plan Enterprise ?

#linksdepago #pagosonline #guatemala #pagosseguros #pagosonline #plataformadepago #cobrosrecurrentes #automatico",1,1,0,0,0,0,0,0,23,,https://www.facebook.com/photo.php?fbid=970194451785811&set=a.504567235015204&type=3,2
1692583127699872_969403718531551,https://facebook.com/1692583127699872_969403718531551,1692583127699872,19 Aug 2024 10:00:30 AM,photo,"?✨ ¡Vender en línea nunca ha sido tan sencillo! Con Qpaypro, acepta pagos de manera rápida y segura. ¡Haz crecer tu negocio hoy mismo! ?

#linksdepago #pagosonline #guatemala #pagosseguros #pagosonline #plataformadepago #cobrosrecurrentes #automatico #pagosautomaticos",1,1,0,0,0,0,1,0,21,,https://www.facebook.com/photo.php?fbid=969403705198219&set=a.504567235015204&type=3,2
1692583127699872_967291465409443,https://facebook.com/1692583127699872_967291465409443,1692583127699872,16 Aug 2024 10:00:22 AM,photo,"Confía en Qpaypro para ofrecer a tus clientes una experiencia de pago segura y eficiente⚡  Acelera tus ventas sin comprometer la seguridad ? 

#linksdepago #pagosonline #guatemala #pagosseguros #plataformadepago #ventasonline #comprasonline #empresa #emprendimieto #comercioelectronico #ecommerce #tiendaonline #paginaweb #comprasenlinea",0,1,0,0,0,0,0,0,15,,https://www.facebook.com/photo.php?fbid=967291415409448&set=a.504567235015204&type=3,1
1692583127699872_966609708810952,https://facebook.com/1692583127699872_966609708810952,1692583127699872,15 Aug 2024 11:05:03 AM,photo,"Qpaypro te permite gestionar pagos en línea con tarjetas de crédito y débito sin dificultades ?  Mejora la experiencia de compra y aumenta tus ingresos?  

#linksdepago #pagosonline #guatemala #pagosseguros #plataformadepago #ventasonline #comprasonline #empresa #emprendimieto #comercioelectronico #ecommerce #tiendaonline #paginaweb #comprasenlinea",0,1,0,0,0,0,0,0,15,,https://www.facebook.com/photo.php?fbid=966609692144287&set=a.504567235015204&type=3,1
1692583127699872_965890398882883,https://facebook.com/1692583127699872_965890398882883,1692583127699872,14 Aug 2024 12:35:02 PM,photo,"El 80% de los usuarios prefieren usar su tarjeta para realizar sus compras en línea. Con Qpaypro, ofrece la opción de pago más demandada y aumenta tus ventas. Afíliate hoy mismo a la mejor pasarela de pagos en Guatemala! ? ? 

#linksdepago #pagosonline #guatemala #pagosseguros #plataformadepago #ventasonline #comprasonline #empresa #emprendimieto #comercioelectronico #ecommerce #tiendaonline #paginaweb #comprasenlinea",1,0,0,0,0,0,0,0,14,,https://www.facebook.com/photo.php?fbid=965890375549552&set=a.504567235015204&type=3,1
1692583127699872_965089565629633,https://facebook.com/1692583127699872_965089565629633,1692583127699872,13 Aug 2024 10:00:01 AM,photo,"Envía links ? de pago a tus clientes y haz que completar sus compras sea un proceso rápido y sencillo. Con Qpaypro, tus ventas están a un link de distancia. Afíliate hoy mismo a la mejor plataforma de pagos de Guatemala! ?

#linksdepago #pagosonline #guatemala #pagosseguros #plataformadepago #ventasonline #comprasonline #empresa #emprendimieto #comercioelectronico #ecommerce #tiendaonline #paginaweb #comprasenlinea",1,0,0,0,0,0,0,0,11,,https://www.facebook.com/photo.php?fbid=965089548962968&set=a.504567235015204&type=3,1
1692583127699872_964477269024196,https://facebook.com/1692583127699872_964477269024196,1692583127699872,12 Aug 2024 12:05:06 PM,photo,"Con Qpayshop, puedes aumentar tus canales de venta creando fácilmente tu tienda en línea. Amplía tu alcance y haz crecer tu negocio ? ? 

#linksdepago #pagosonline #guatemala #pagosseguros #plataformadepago #ventasonline #comprasonline #empresa #emprendimieto #comercioelectronico #ecommerce #tiendaonline #paginaweb #comprasenlinea",2,0,0,0,0,0,0,1,12,,https://www.facebook.com/photo.php?fbid=964477252357531&set=a.504567235015204&type=3,2
1692583127699872_962458932559363,https://facebook.com/1692583127699872_962458932559363,1692583127699872,09 Aug 2024 11:30:04 AM,photo,"Qpaybilling te ayuda a manejar suscripciones y cobros automáticos de manera eficiente. Enfócate en hacer crecer tu negocio mientras nosotros nos encargamos de brindarte las mejores soluciones de pagos ? 

#linksdepago #pagosonline #guatemala #pagosseguros #pagosonline #plataformadepago #cobrosrecurrentes #automatico #pagosautomaticos",0,0,0,0,0,0,1,0,12,,https://www.facebook.com/photo.php?fbid=962458889226034&set=a.504567235015204&type=3,0
1692583127699872_961814559290467,https://facebook.com/1692583127699872_961814559290467,1692583127699872,08 Aug 2024 12:30:10 PM,photo,"Con Qpaypro, puedes elegir tu banco local para recibir pagos, haciéndolo todo más cómodo y a tu medida. ¡Empieza a disfrutar de esta flexibilidad hoy mismo! ?

#linksdepago #pagosonline #guatemala #pagosseguros #plataformadepago #ventasonline #comprasonline #empresa #emprendimieto #comercioelectronico #ecommerce #tiendaonline #paginaweb #comprasenlinea",0,0,0,0,0,0,0,0,10,,https://www.facebook.com/photo.php?fbid=961814529290470&set=a.504567235015204&type=3,0
1692583127699872_961177192687537,https://facebook.com/1692583127699872_961177192687537,1692583127699872,07 Aug 2024 01:00:05 PM,photo,"? Expertos en crear tu tienda en línea para destacar y vender más. Diseño, integración y optimización todo en uno ¡Comienza hoy en Qpayshop! ?

#linksdepago #pagosonline #guatemala #pagosseguros #pagosonline #plataformadepago #ventasonline #comprasonline #empresa #emprendimieto #comercioelectronico #ecommerce #tiendaonline #paginaweb #comprasenlinea #ventasonline",0,0,0,0,0,0,0,0,7,,https://www.facebook.com/photo.php?fbid=961177146020875&set=a.504567235015204&type=3,0
1692583127699872_960547396083850,https://facebook.com/1692583127699872_960547396083850,1692583127699872,06 Aug 2024 01:30:03 PM,photo,"Con Qpaypro, haz que tus clientes paguen en cuotas? y recibe el monto total en tu liquidación. Simplifica tu negocio y maximiza tus ventas✨

#linksdepago #pagosonline #guatemala #pagosseguros #plataformadepago #ventasonline #comprasonline #empresa #emprendimieto #comercioelectronico #ecommerce #tiendaonline #paginaweb #comprasenlinea #cuotas",0,0,0,0,0,0,0,0,7,,https://www.facebook.com/photo.php?fbid=960547362750520&set=a.504567235015204&type=3,0
1692583127699872_959855412819715,https://facebook.com/1692583127699872_959855412819715,1692583127699872,05 Aug 2024 12:00:16 PM,photo,"¡Acepta pagos en quetzales y dólares! ?? Expande tus opciones de pago y brinda más comodidad a tus clientes con Qpaypro, con nuestro Plan Enterprise?

#linksdepago #pagosonline #guatemala #pagosseguros #pagosonline #plataformadepago #ventasonline #comprasonline #empresa #emprendimieto #comercioelectronico #ecommerce #tiendaonline #paginaweb #comprasenlinea #ventasonline",0,0,0,0,0,0,0,1,9,,https://www.facebook.com/photo.php?fbid=959855392819717&set=a.504567235015204&type=3,0
1692583127699872_957954156343174,https://facebook.com/1692583127699872_957954156343174,1692583127699872,02 Aug 2024 02:00:01 PM,photo,"Con Qpaypro, aceptar pagos en línea es sencillo y seguro. Ofrece a tus clientes una forma rápida y cómoda de pagar y mejora la experiencia de compra en tu tienda ✅ ?

#linksdepago #pagosonline #guatemala #pagosseguros #plataformadepago #ventasonline #comprasonline #empresa #emprendimieto #comercioelectronico #ecommerce #tiendaonline #paginaweb #comprasenlinea",1,0,0,0,0,0,0,0,6,,https://www.facebook.com/photo.php?fbid=957954139676509&set=a.504567235015204&type=3,1
1692583127699872_957226516415938,https://facebook.com/1692583127699872_957226516415938,1692583127699872,01 Aug 2024 10:45:01 AM,photo,"¡Expande tu negocio globalmente! ? Con Qpaypro, acepta pagos en línea con tarjeta desde cualquier parte del mundo? ¡Afíliate a nuestro Plan Enterprise!

#linksdepago #pagosonline #guatemala #pagosseguros #pagosonline #plataformadepago #ventasonline #comprasonline #empresa #emprendimieto #comercioelectronico #ecommerce #tiendaonline #paginaweb #comprasenlinea #ventasonline",0,0,0,0,0,0,0,0,6,,https://www.facebook.com/photo.php?fbid=957226493082607&set=a.504567235015204&type=3,0
1692583127699872_956551543150102,https://facebook.com/1692583127699872_956551543150102,1692583127699872,31 Jul 2024 11:11:01 AM,photo,"¡Impulsa tu negocio en línea al éxito! En Qpaypro, contamos con un equipo de expertos en eCommerce listos para elevar tus ventas ?? ¡Afíliate a la mejor plataforma de pagos en Guatemala!

#linksdepago #pagosonline #guatemala #pagosseguros #pagosonline #plataformadepago #ventasonline #comprasonline #empresa #emprendimieto #comercioelectronico #ecommerce #tiendaonline #paginaweb #comprasenlinea #ventasonline",0,0,0,0,0,0,0,0,6,,https://www.facebook.com/photo.php?fbid=956551499816773&set=a.504567235015204&type=3,0
1692583127699872_955974903207766,https://facebook.com/1692583127699872_955974903207766,1692583127699872,30 Jul 2024 01:00:06 PM,photo,"¡Haz que tu tienda en línea destaque! Acepta pagos con criptomonedas y brinda a tus clientes la flexibilidad que buscan?

#linksdepago #pagosonline #guatemala #pagosseguros #pagosonline #plataformadepago #ventasonline #comprasonline #empresa #emprendimieto #comercioelectronico #ecommerce #tiendaonline #paginaweb #comprasenlinea #ventasonline #criptomonedas",1,1,0,0,0,0,0,0,7,,https://www.facebook.com/photo.php?fbid=955974883207768&set=a.504567235015204&type=3,2
1692583127699872_955246109947312,https://facebook.com/1692583127699872_955246109947312,1692583127699872,29 Jul 2024 10:00:00 AM,photo,"¡Optimiza tu flujo de ingresos! Con Qpaybilling, establece ciclos de facturación y cobros recurrentes para mantener tu negocio en marcha sin complicaciones ??

#linksdepago #pagosonline #guatemala #pagosseguros #pagosonline #plataformadepago #cobrosrecurrentes #automatico #pagosautomaticos  #tiendaonline #paginaweb #comprasenlinea #ventasonline",1,1,0,0,0,0,0,0,7,,https://www.facebook.com/photo.php?fbid=955246073280649&set=a.504567235015204&type=3,2
1692583127699872_953426910129232,https://facebook.com/1692583127699872_953426910129232,1692583127699872,26 Jul 2024 01:35:01 PM,link,"?✨ ¡Revolución en Pagos Digitales! ✨?

La era digital está transformando cómo compramos y vendemos, con pagos más rápidos, seguros y cómodos?

Descubre las tendencias emergentes y cómo prepararte para el futuro con las soluciones de Qpaypro?",0,0,0,0,0,0,3,0,7,,https://l.facebook.com/l.php?u=https%3A%2F%2Fwww.qpaypro.com%2Ftendencias-pagos-digitales%2F&h=AUA1VxGAY4942CB21xS2SUw1SFz2G2tWP9V1cWdtQF0LA5sawnYpFQ4Uawv2EXPhusiOaHHE4nFediIPWX4BRpXS87W_fMeJfhemjTdhgLG6b4vLtgLfP5CUIsfgeMh8&s=1,0
1692583127699872_952711066867483,https://facebook.com/1692583127699872_952711066867483,1692583127699872,25 Jul 2024 12:30:16 PM,photo,"¡Olvídate de complicaciones! Con la  QpayApp puedes enviar links de pago directamente desde tu celular. Facilita las transacciones y haz crecer tu negocio ?? Disponible en App Store y Google Play, descárgala hoy!

#linksdepago #pagosonline #guatemala #pagosseguros #pagosonline #plataformadepago #ventasonline #comprasonline #empresa #emprendimieto #comercioelectronico #ecommerce #app #tiendaonline",1,0,0,0,0,0,0,0,7,,https://www.facebook.com/photo.php?fbid=952711046867485&set=a.504567235015204&type=3,1
1692583127699872_951899286948661,https://facebook.com/1692583127699872_951899286948661,1692583127699872,24 Jul 2024 08:31:46 AM,photo,"¡Transforma tu negocio con Qpayshop! ? Crea tu tienda en línea con métodos de pago integrados, ofrece una experiencia de compra fluida y segura a tus clientes, y haz que tu marca brille en el mundo digital ?✨

#linksdepago #pagosonline #guatemala #pagosseguros #pagosonline #plataformadepago #ventasonline #comprasonline #empresa #emprendimieto #comercioelectronico #ecommerce #tiendaonline #paginaweb #comprasenlinea #ventasonline",0,0,0,0,0,0,0,0,5,,https://www.facebook.com/photo.php?fbid=951897973615459&set=a.504567235015204&type=3,0
1692583127699872_950745517064038,https://facebook.com/1692583127699872_950745517064038,1692583127699872,22 Jul 2024 01:30:11 PM,photo,"En Qpaypro entendemos que cada negocio es único. Por eso, nuestros planes se adaptan a tu modelo de negocio? Descubre cómo podemos personalizar nuestras soluciones para satisfacer tus necesidades ✨?

#linksdepago #pagosonline #guatemala #pagosseguros #pagosonline #plataformadepago #ventasonline #comprasonline #empresa #emprendimieto #comercioelectronico #ecommerce",1,0,0,0,0,0,0,0,5,,https://www.facebook.com/photo.php?fbid=950745507064039&set=a.504567235015204&type=3,1
1692583127699872_948822927256297,https://facebook.com/1692583127699872_948822927256297,1692583127699872,19 Jul 2024 12:00:21 PM,photo,"Descubre por qué somos reconocidos como expertos en ecommerce y pagos en línea✨✨ Qpaypro ofrece soluciones innovadoras y seguras para impulsar tu negocio digital ?

#linksdepago #pagosonline #guatemala #pagosseguros #pagosonline #plataformadepago #ventasonline #comprasonline #empresa #emprendimieto #comercioelectronico #ecommerce",1,0,0,0,0,0,0,0,5,,https://www.facebook.com/photo.php?fbid=948822907256299&set=a.504567235015204&type=3,1
1692583127699872_948199160652007,https://facebook.com/1692583127699872_948199160652007,1692583127699872,18 Jul 2024 01:30:05 PM,photo,"En un mundo digital en constante evolución, la seguridad de tus cobros online es fundamental. Con Qpaypro, obtienes acceso a soluciones avanzadas que protegen cada pago con capas de seguridad robustas ?️✨

#linksdepago #pagosonline #guatemala #pagosseguros #pagosonline #plataformadepago #ventasonline #comprasonline #empresa #emprendimieto #comercioelectronico #ecommerce #seguirdad #cobrosonline",1,0,0,0,0,0,0,0,5,,https://www.facebook.com/photo.php?fbid=948199150652008&set=a.504567235015204&type=3,1
1692583127699872_947528317385758,https://facebook.com/1692583127699872_947528317385758,1692583127699872,17 Jul 2024 12:45:05 PM,photo,"Transforma tu negocio con Qpaybilling, automatiza procesos de pagos recurrentes y libera todo el potencial de tu equipo para alcanzar tus metas ??

#linksdepago #pagosonline #guatemala #pagosseguros #pagosonline #plataformadepago #cobrosrecurrentes #automatico #pagosautomaticos #comercioelectronico #ecommerce",0,0,0,0,0,0,0,0,6,,https://www.facebook.com/photo.php?fbid=947528287385761&set=a.504567235015204&type=3,0
1692583127699872_946832317455358,https://facebook.com/1692583127699872_946832317455358,1692583127699872,16 Jul 2024 11:45:04 AM,photo,"Impulsa tu negocio con la experiencia y el conocimiento de nuestros asesores expertos?No dejes pasar la oportunidad de recibir la mejor asesoría y ver tu empresa crecer ?

#linksdepago #pagosonline #guatemala #pagosseguros #pagosonline #plataformadepago #ventasonline #comprasonline #empresa #emprendimieto #asesoresdeventas #expertosenecommerce #comercioelectronico",1,0,0,0,0,0,0,0,6,,https://www.facebook.com/photo.php?fbid=946832300788693&set=a.504567235015204&type=3,1
1692583127699872_946165447522045,https://facebook.com/1692583127699872_946165447522045,1692583127699872,15 Jul 2024 11:30:06 AM,photo,"Aumenta tu presencia en el mercado digital y ofrece a tus clientes la comodidad de comprar tus productos en cualquier momento y lugar??️ ¡Tu tienda en línea, siempre contigo con Qpayshop! 

#linksdepago #pagosonline #guatemala #pagosseguros #pagosonline #plataformadepago #ventasonline #comprasonline #empresa #emprendimieto #tiendaenlinea #paginaweb #tiendaonline",0,0,0,0,0,0,0,0,5,,https://www.facebook.com/photo.php?fbid=946165420855381&set=a.504567235015204&type=3,0
1692583127699872_943942644410992,https://facebook.com/1692583127699872_943942644410992,1692583127699872,12 Jul 2024 01:00:07 AM,photo,"Con nuestro POS virtual, aceptar pagos en línea nunca ha sido tan sencillo, nuestro sistema te permite recibir pagos de manera segura y eficiente, sin importar dónde te encuentres ??

#linksdepago #pagosonline #guatemala #pagosseguros #pagosonline #plataformadepago #ventasonline #comprasonline #empresa #emprendimieto #pos",0,0,0,0,0,0,0,0,6,,https://www.facebook.com/photo.php?fbid=943942627744327&set=a.504567235015204&type=3,0
1692583127699872_943659547772635,https://facebook.com/1692583127699872_943659547772635,1692583127699872,11 Jul 2024 01:35:03 PM,link,"? ¡Descubre el Futuro del Comercio en Línea! ?

En la última década, las criptomonedas han pasado de ser un concepto novedoso a una realidad rentable y transformadora para muchos negocios en línea ?
 
¿Quieres saber más? Explora datos básicos e interesantes sobre las criptomonedas y cómo están revolucionando el comercio en línea. ¡No te pierdas esta oportunidad de llevar tu negocio al siguiente nivel! ?✨",0,0,0,0,0,0,0,0,5,,https://l.facebook.com/l.php?u=https%3A%2F%2Fwww.qpaypro.com%2Fcriptomonedas%2F&h=AUCBtlvWb8sJ6fhHpl89oFqhVAc74rn8-GnywLFEZGymOBu6VyW5iujU7nWUgMjx1E8rlijVNkmpcr88whDRRAPkq4N3Giu2gsyuuwmdwg0-8aj5-SzfqT7f_p_3T98_&s=1,0
1692583127699872_942976661174257,https://facebook.com/1692583127699872_942976661174257,1692583127699872,10 Jul 2024 12:00:22 PM,photo,"En Qpaypro contamos con un excelente servicio para agilizar tus operaciones financieras⏱️?  afíliate hoy mismo a la mejor plataforma de pagos de Guatemala! 

#linksdepago #pagosonline #guatemala #pagosseguros #pagosonline #plataformadepago #ventasonline #comprasonline #empresa #emprendimieto",2,0,0,0,0,0,1,1,5,,https://www.facebook.com/photo.php?fbid=942976641174259&set=a.504567235015204&type=3,2
1692583127699872_942251491246774,https://facebook.com/1692583127699872_942251491246774,1692583127699872,09 Jul 2024 10:00:30 AM,photo,"Acepta pagos en línea con tarjeta y proporciona a tus clientes la comodidad de pagar desde cualquier lugar. Qpaypro te ofrece una plataforma segura y eficiente para manejar todas tus transacciones ? ?

#linksdepago #pagosonline #guatemala #pagosseguros #pagosonline #plataformadepago #ventasonline #comprasonline #empresa #emprendimieto",3,0,0,0,0,0,0,2,5,,https://www.facebook.com/photo.php?fbid=942251451246778&set=a.504567235015204&type=3,3
1692583127699872_941651811306742,https://facebook.com/1692583127699872_941651811306742,1692583127699872,08 Jul 2024 11:30:07 AM,photo,"¡Facilita las transacciones con un solo escaneo! Acepta pagos en línea con el código QR de tu marca y brinda a tus clientes una experiencia de compra rápida y segura ??

#linksdepago #pagosonline #guatemala #pagosseguros #pagosonline #plataformadepago #ventasonline #comprasonline #empresa #emprendimieto #codigoqr",1,0,0,0,0,0,0,0,4,,https://www.facebook.com/photo.php?fbid=941651787973411&set=a.504567235015204&type=3,1
1692583127699872_939721458166444,https://facebook.com/1692583127699872_939721458166444,1692583127699872,05 Jul 2024 12:00:06 PM,photo,"¡Nunca pares de vender! Acepta pagos en línea las 24 horas del día con Qpaypro. Mantén tu negocio siempre activo y seguro??

#linksdepago #pagosonline #guatemala #pagosseguros #pagosonline #plataformadepago #ventasonline #comprasonline #empresa #emprendimieto",4,0,0,0,0,0,2,1,4,,https://www.facebook.com/photo.php?fbid=939721441499779&set=a.504567235015204&type=3,4
1692583127699872_939032011568722,https://facebook.com/1692583127699872_939032011568722,1692583127699872,04 Jul 2024 11:00:23 AM,photo,"La seguridad en tus transacciones es nuestra prioridad. Confía en Qpaypro para tus ventas en línea?? Afíliate hoy mismo a la mejor plataforma de pagos en Guatemala!

#seguridadenlinea #qpayverify #comprasseguras #qpaypro #pagoseficientes #experienciadelcliente #pagosdigitales #pagosenlinea #linksdepago #ecommercetips #minimizarfraudes  #ecommerce",4,0,0,0,0,0,0,0,3,,https://www.facebook.com/photo.php?fbid=939031978235392&set=a.504567235015204&type=3,4
1692583127699872_919724583499465,https://facebook.com/1692583127699872_919724583499465,1692583127699872,03 Jul 2024 10:00:02 AM,photo,"¿Sabías que el 56% de personas a nivel mundial prefieren pagar en cuotas? ?Aprovecha este dato para darle un impulso a tu negocio y comienza a ofrecer pagos en cuotas a tus clientes ??

#linksdepago #pagosonline #guatemala #pagosseguros #pagosonline #plataformadepago #ventasonline #comprasonline #empresa #emprendimieto",3,0,0,0,0,0,0,0,3,,https://www.facebook.com/photo.php?fbid=919724493499474&set=a.504567235015204&type=3,3
1692583127699872_937589668379623,https://facebook.com/1692583127699872_937589668379623,1692583127699872,02 Jul 2024 09:45:05 AM,photo,"En Qpaypro te brindamos soporte para tu comercio durante toda la semana, con horarios operativos de lunes a domingo, de 7:00 a.m. a 8:00 p.m. ? ¡Un buen servicio y asistencia para nuestros afiliados es prioridad!

#linksdepago #pagosonline #guatemala #pagosseguros #pagosonline #plataformadepago #ventasonline #comprasonline #empresa #emprendimieto #buenservicio",2,0,0,0,0,0,3,0,3,,https://www.facebook.com/photo.php?fbid=937589635046293&set=a.504567235015204&type=3,2
1692583127699872_919721513499772,https://facebook.com/1692583127699872_919721513499772,1692583127699872,01 Jul 2024 01:40:01 AM,photo,"Automatiza los pagos de tus clientes y olvídate de los procesos de cobro complicados? con Qpaybilling podrás disfrutar de gestionar fácilmente suscripciones y cobros recurrentes??

#linksdepago #pagosonline #guatemala #pagosseguros #pagosonline #plataformadepago #cobrosrecurrentes #automatico #pagosautomaticos",3,0,0,0,0,0,0,0,8,,https://www.facebook.com/photo.php?fbid=919721433499780&set=a.504567235015204&type=3,3
1692583127699872_919720673499856,https://facebook.com/1692583127699872_919720673499856,1692583127699872,28 Jun 2024 01:30:01 AM,photo,"En Qpaypro creamos experiencias y soluciones de pagos digitales que se adaptan a tu modelo de negocio de manera efectiva. ¡No esperes más y afíliate a la mejor plataforma de pagos en Guatemala!

#linksdepago #pagosonline #guatemala #pagosseguros #pagosonline #plataformadepago #ventasonline #comprasonline #empresa #emprendimieto",2,0,0,0,0,0,1,0,3,,https://www.facebook.com/photo.php?fbid=919720573499866&set=a.504567235015204&type=3,2
1692583127699872_919718206833436,https://facebook.com/1692583127699872_919718206833436,1692583127699872,27 Jun 2024 12:00:05 PM,photo,"Automatiza y olvídate de procesos de cobro complicados?? Qpaybilling te permite gestionar tus cobros de manera automática, asegurando precisión y puntualidad en cada transacción ?? 

¡Afíliate a Qpaypro, la mejor plataforma de pagos en Guatemala!

#linksdepago #pagosonline #guatemala #pagosseguros #pagosonline #plataformadepago #cobrosrecurrentes #automatico #pagosautomaticos",1,0,0,0,0,0,0,0,4,,https://www.facebook.com/photo.php?fbid=919718053500118&set=a.504567235015204&type=3,1
1692583127699872_922501983221725,https://facebook.com/1692583127699872_922501983221725,1692583127699872,26 Jun 2024 10:30:02 AM,link,"?Transforma la experiencia de tus clientes en tu tienda en línea con nuestros consejos infalibles. Desde un diseño intuitivo hasta un servicio al cliente eficaz, descubre cómo Qpaypro y Qpayshop pueden ayudarte a aumentar la satisfacción y fidelización de tus clientes ??

Conoce más en nuestro blog:
? https://www.qpaypro.com/experiencia-en-tu-tienda-en-linea/

#qpaypro #pagoseficientes #experienciadelcliente #pagosdigitales #pagosenlinea #linksdepago #ecommerce #ecommercetips #esperienciadecompra #minimizarfraudes #articulo #lectura #lector #ecommerce #ecommercetips",0,0,0,0,0,0,0,1,4,,https://l.facebook.com/l.php?u=https%3A%2F%2Fwww.qpaypro.com%2Fexperiencia-en-tu-tienda-en-linea%2F&h=AUDZHshgE51N8qeMvRHfqKhqnPN80JibdfmKIoPuN5UmRoAwWKhWxKUWxXT2idA7dcX-sn6QSxvyr8aXhL3jAK7QVGqaEh7U1IpUcvTPw0AMt_Mja4V-2_Q58mUsWRYJ&s=1,0
1692583127699872_919716833500240,https://facebook.com/1692583127699872_919716833500240,1692583127699872,25 Jun 2024 10:30:01 AM,photo,"Maximiza tus ventas con tu propia tienda en línea ?? Adquiere todas las herramientas necesarias para gestionar y optimizar tu negocio digital con Qpayshop

#linksdepago #pagosonline #guatemala #pagosseguros #pagosonline #plataformadepago #ventasonline #comprasonline #empresa #emprendimieto #tiendaonline #sitioweb",2,0,0,0,0,0,0,0,6,,https://www.facebook.com/photo.php?fbid=919716593500264&set=a.504567235015204&type=3,2
1692583127699872_919713860167204,https://facebook.com/1692583127699872_919713860167204,1692583127699872,24 Jun 2024 12:30:00 PM,photo,"Acepta pagos con tarjeta en línea con Qpaypro y dale a tus clientes la seguridad que merecen?? Nuestra plataforma está diseñada para ofrecerte transacciones seguras y sin complicaciones ?

¡Afíliate a la mejor plataforma de pagos en Guatemala!

#linksdepago #pagosonline #guatemala #pagosseguros #pagosonline #plataformadepago #ventasonline #comprasonline #empresa #emprendimieto",1,1,0,0,0,0,0,0,7,,https://www.facebook.com/photo.php?fbid=919713723500551&set=a.504567235015204&type=3,2
1692583127699872_919710693500854,https://facebook.com/1692583127699872_919710693500854,1692583127699872,21 Jun 2024 11:00:02 AM,photo,"¡Únete a los más de 3,000 clientes que prefieren Qpaypro! ?✨ Nuestra pasarela de pago ofrece la máxima seguridad y facilidad para tus transacciones en línea. Empieza a aceptar pagos con tarjeta hoy mismo ??

#linksdepago #pagosonline #guatemala #pagosseguros #pagosonline #plataformadepago #ventasonline #comprasonline #empresa #emprendimieto",2,0,0,0,0,0,0,0,6,,https://www.facebook.com/photo.php?fbid=919710600167530&set=a.504567235015204&type=3,2
1692583127699872_919655926839664,https://facebook.com/1692583127699872_919655926839664,1692583127699872,20 Jun 2024 11:30:02 AM,photo,"Con Qpaypro, podrás ofrecer a tus clientes una amplia variedad de opciones de pago, desde tarjetas de crédito y débito hasta criptomonedas ? ¡Afíliate a la mejor plataforma de pagos en Guatemala! ?

#linksdepago #pagosonline #guatemala #pagosseguros #pagosonline #plataformadepago #ventasonline #comprasonline #empresa #emprendimieto",2,0,0,0,0,0,0,0,5,,https://www.facebook.com/photo.php?fbid=919655740173016&set=a.504567235015204&type=3,2
1692583127699872_919655256839731,https://facebook.com/1692583127699872_919655256839731,1692583127699872,19 Jun 2024 11:00:02 AM,photo,"Facilita las compras en línea para tus clientes aceptando pagos con tarjetas de débito y crédito ?? Qpaypro te ofrece una solución de procesamiento de pagos líder en la industria, garantizando transacciones seguras y eficientes?

#linksdepago #pagosonline #guatemala #pagosseguros #pagosonline #plataformadepago #tarjetasdecredito #tarjetasdedebito",1,0,0,0,0,0,0,0,4,,https://www.facebook.com/photo.php?fbid=919655003506423&set=a.504567235015204&type=3,1
1692583127699872_919653916839865,https://facebook.com/1692583127699872_919653916839865,1692583127699872,18 Jun 2024 10:30:01 AM,photo,"Con Qpaypro, podrás afiliarte y comenzar a aceptar pagos en línea en menos de 24 horas. Nuestro proceso de afiliación es rápido, sencillo y sin complicaciones ??

¡Afíliate a la mejor plataforma de pagos en Guatemala!

#linksdepago #pagosonline #guatemala #pagosseguros #pagosonline #plataformadepago #afiliacionrapida",1,0,0,0,0,0,0,0,4,,https://www.facebook.com/photo.php?fbid=919653823506541&set=a.504567235015204&type=3,1
1692583127699872_919651043506819,https://facebook.com/1692583127699872_919651043506819,1692583127699872,17 Jun 2024 10:00:01 AM,photo,"¿Estás cansado de los cobros manuales y los retrasos en los pagos? ?? ¡Qpaybilling es la solución que necesitas! Nuestra innovadora plataforma te permite automatizar por completo tus cobros recurrentes? ¡Afíliate hoy!

#linksdepago #pagosonline #guatemala #pagosseguros #pagosonline #plataformadepago #cobrosrecurrentes #automatico #pagosautomaticos",3,0,0,0,0,0,0,0,5,,https://www.facebook.com/photo.php?fbid=919650973506826&set=a.504567235015204&type=3,3
1692583127699872_919650443506879,https://facebook.com/1692583127699872_919650443506879,1692583127699872,14 Jun 2024 12:00:04 PM,photo,"En Qpaypro, creemos que tu éxito es lo primero?? Es por eso que te ofrecemos una comisión por transacción del 4.5% (IVA incluido) al afiliarte a nuestros planes anuales ¡Maximiza tus ganancias en línea sin preocupaciones! ? 

#linksdepago #pagosonline #guatemala #pagosseguros #pagosonline #plataformadepago",2,0,0,0,0,0,0,0,4,,https://www.facebook.com/photo.php?fbid=919650260173564&set=a.504567235015204&type=3,2
1692583127699872_919649920173598,https://facebook.com/1692583127699872_919649920173598,1692583127699872,13 Jun 2024 11:30:05 AM,photo,"? Con nuestra innovadora solución de links de pago, podrás enviar pagos digitales a clientes de cualquier rincón del planeta de manera rápida, segura y sin complicaciones ?

¡Afíliate a Qpaypro, la mejor plataforma de pagos de Guatemala! 

#linksdepago #pagosonline #guatemala #pagosseguros #pagosonline #plataformadepago #pagosInternacionales",2,0,0,0,0,0,0,0,4,,https://www.facebook.com/photo.php?fbid=919648720173718&set=a.504567235015204&type=3,2
1692583127699872_922450143226909,https://facebook.com/1692583127699872_922450143226909,1692583127699872,12 Jun 2024 10:00:05 AM,link,"La Evolución del eCommerce: Cómo Adaptarse a las Nuevas Tendencias ?

¡Descubre cómo el comercio electrónico ha cambiado y qué estrategias necesitas para mantenerte competitivo en este dinámico mercado! Aprende sobre las últimas tendencias y cómo tu negocio puede beneficiarse.

Conoce más en nuestro blog:
https://www.qpaypro.com/evolucion-ecommerce/

#qpaypro #pagoseficientes #experienciadelcliente #pagosdigitales #pagosenlinea #linksdepago #ecommerce #ecommercetips #esperienciadecompra #minimizarfraudes #articulo #lectura #lector #ecommerce #ecommercetips",0,1,0,0,0,0,0,0,4,,https://l.facebook.com/l.php?u=https%3A%2F%2Fwww.qpaypro.com%2Fevolucion-ecommerce%2F&h=AUDhlgDsfmKjPIgVksDAinPyOYatMBYjzm47kx19vtDP_KwKzF9ve2yzgkdvuLN6G50H-h8inO0p8vThZczJH86n2Z-fZ99WsRHcpBkgVjfZDTp6rg5BHghIj9RX_9BA&s=1,1
1692583127699872_919646320173958,https://facebook.com/1692583127699872_919646320173958,1692583127699872,11 Jun 2024 11:00:05 AM,photo,"¿Estás listo para llevar tu negocio al siguiente nivel? Con Qpayshop, podrás tener tu propia tienda en línea lista para vender en cuestión de minutos. Olvídate de las complicaciones técnicas y enfócate en lo que realmente importa: ¡impulsar tus ventas! ??

#linksdepago #pagosonline #guatemala #pagosseguros #pagosonline #tiendaenlinea #tiendaonline #integraciones #web #sitioweb",5,0,0,0,0,0,0,0,5,,https://www.facebook.com/photo.php?fbid=919645473507376&set=a.504567235015204&type=3,5
1692583127699872_919200660218524,https://facebook.com/1692583127699872_919200660218524,1692583127699872,10 Jun 2024 10:00:07 AM,photo,"Transforma tu negocio en línea y aumenta tus ventas permitiendo a tus clientes pagar cómodamente en plazos ??

¡Empieza hoy y brinda la mejor experiencia de pago con Qpaypro!

#linksdepago #pagosonline #guatemala #pagosseguros #pagosonline #plataformadepago #ventasonline #comprasonline #empresa #emprendimieto",3,1,0,0,0,0,2,0,7,,https://www.facebook.com/photo.php?fbid=919199990218591&set=a.504567235015204&type=3,4
1692583127699872_919199663551957,https://facebook.com/1692583127699872_919199663551957,1692583127699872,07 Jun 2024 10:30:03 AM,photo,"?? ¡Celebramos más de Q1,000 millones procesados en Qpaypro! Gracias a nuestra tecnología avanzada y seguridad de primer nivel, hemos transformado el comercio en línea ??

¡Afíliate a la mejor plataforma de pagos en Guatemala!

#linksdepago #pagosonline #guatemala #pagosseguros #pagosonline #plataformadepago #ventasonline #comprasonline #empresa #emprendimieto",2,1,0,0,0,0,0,0,5,,https://www.facebook.com/photo.php?fbid=919198683552055&set=a.504567235015204&type=3,3
1692583127699872_919196220218968,https://facebook.com/1692583127699872_919196220218968,1692583127699872,06 Jun 2024 10:00:08 AM,photo,"? ¡Haz crecer tu negocio internacionalmente con Qpaypro! Con el Plan Enterprise, puedes aceptar pagos de cualquier parte del mundo, brindando a tus clientes una experiencia de compra fluida y segura?

#linksdepago #pagosonline #guatemala #pagosseguros #pagosonline #plataformadepago #ventasonline #comprasonline #empresa #emprendimieto",2,1,0,0,0,0,1,0,7,,https://www.facebook.com/photo.php?fbid=919195293552394&set=a.504567235015204&type=3,3
1692583127699872_908254311313159,https://facebook.com/1692583127699872_908254311313159,1692583127699872,20 May 2024 11:11:00 AM,photo,"?️ ¿Listo para optimizar tu negocio? Acepta pagos con tarjeta directamente en tu sitio web con Qpaypro y disfruta de transacciones seguras y eficientes ¡Haz que comprar sea más fácil para tus clientes! ?? 

#integraciones #paginaweb #qpaypro #pagosonline #ventasonline #redessociales #negocioonline #negociodigital #crecimientoydesarrollo #crecimientoprofesional #pagosonline #ventasonline",1,0,0,0,0,0,0,0,5,,https://www.facebook.com/photo.php?fbid=908247807980476&set=a.504567235015204&type=3,1
1692583127699872_905354371603153,https://facebook.com/1692583127699872_905354371603153,1692583127699872,16 May 2024 12:32:36 PM,photo,"?? ¡No pierdas más ventas! Descubre cómo ofrecer múltiples opciones de pago puede ser la clave para maximizar tus ingresos en línea. Aumenta la satisfacción de tus clientes y lleva tu negocio al siguiente nivel 

#qpaypro #pagoseficientes #experienciadelcliente #pagosdigitales #pagosenlinea #linksdepago  #ecommerce #ecommercetips #esperienciadecompra #minimizarfraudes #articulo #lectura #lector #ecommerce #ecommercetips

⬇️ Conoce más en nuestro artículo ?✨

https://www.qpaypro.com/maximizar-ventas/",0,1,0,0,0,0,0,0,4,,https://www.facebook.com/photo.php?fbid=905354231603167&set=a.504567235015204&type=3,1
1692583127699872_903758758429381,https://facebook.com/1692583127699872_903758758429381,1692583127699872,14 May 2024 10:30:02 AM,photo,"? ¡El e-commerce en Guatemala está en auge! ?

Según el estudio Índice de Comercio Electrónico en Centroamérica, las ventas en línea en nuestro país alcanzaron la impresionante cifra de $850 millones en 2022, representando un crecimiento del 27% respecto al año anterior??

¿Estás listo para aprovechar esta tendencia? En Qpaypro te ofrecemos la plataforma de pagos más completa para potenciar tu negocio en línea?

#qpaypro #pagoseficientes #experienciadelcliente #pagosdigitales #pagosenlinea #linksdepago #2024 #ciberseguridad #ecommerce #ecommercetips #esperienciadecompra #seguridad #fraude",1,1,0,0,0,0,0,0,4,,https://www.facebook.com/photo.php?fbid=903757848429472&set=a.504567235015204&type=3,2
1692583127699872_891227746349149,https://facebook.com/1692583127699872_891227746349149,1692583127699872,26 Apr 2024 12:42:01 PM,album,"¿Tu ecommerce está protegido?? No subestimes los riesgos de una seguridad deficiente. Desde pérdida de confianza hasta riesgos financieros, las desventajas pueden ser costosas??

#qpaypro #pagoseficientes #experienciadelcliente #pagosdigitales #pagosenlinea #linksdepago #2024 #ciberseguridad #ecommerce #ecommercetips #esperienciadecompra #seguridad #fraude",4,1,0,0,0,1,2,1,5,,https://www.facebook.com/504840204987907/posts/891227746349149,6
1692583127699872_889869416484982,https://facebook.com/1692583127699872_889869416484982,1692583127699872,24 Apr 2024 12:46:28 PM,photo,"¡Prepárate para el Futuro! Nuevas Implementaciones de Protección en Camino para tus Transacciones y tu negocio en línea ??

#qpaypro #pagoseficientes #experienciadelcliente #pagosdigitales #pagosenlinea #linksdepago #2024 #ecommerce #ecommercetips #esperienciadecompra #minimizarfraudes #seguridad #fraude",1,1,0,0,0,0,0,0,3,,https://www.facebook.com/photo.php?fbid=889868613151729&set=a.504567235015204&type=3,2
1692583127699872_881398113998779,https://facebook.com/1692583127699872_881398113998779,1692583127699872,11 Apr 2024 10:51:25 AM,photo,"¡Simplifica y optimiza tus procesos de ventas en línea con QPaypro! ? Envía fácilmente links de pago a tus clientes y amplía tus opciones de pago en tu eCommerce ?✨

#qpaypro #pagoseficientes #experienciadelcliente #pagosdigitales #pagosenlinea #linksdepago #2024 #metas #memepage #meme #linksdepago #meme #humor",3,1,0,0,1,0,1,1,4,,https://www.facebook.com/photo.php?fbid=881389900666267&set=a.504567235015204&type=3,5
1692583127699872_879535780851679,https://facebook.com/1692583127699872_879535780851679,1692583127699872,08 Apr 2024 01:08:24 PM,photo,"¿y tú qué medias de seguridad estás tomando para proteger tu eCommerce? Recuerda que al afiliarte a Qpaypro obtienes el beneficio de tener varias capas de seguridad para minimizar el riesgo de transacciones fraudulentas con nuestros sistema de Qpayradar ??

#qpaypro #pagoseficientes #experienciadelcliente #pagosdigitales #pagosenlinea #linksdepago #2024 #ecommerce #ecommercetips #esperienciadecompra #minimizarfraudes #seguridad #fraude",2,1,0,0,0,0,0,0,4,,https://www.facebook.com/photo.php?fbid=879536184184972&set=a.504567235015204&type=3,3
1692583127699872_876210024517588,https://facebook.com/1692583127699872_876210024517588,1692583127699872,03 Apr 2024 11:10:01 AM,album,"¿Listo para un mes lleno de logros en tu ecommerce? ?? No te pierdas nuestros consejos para empezar con energía y eficiencia, ¡y alcanzar tus objetivos comerciales! 

#tips  #ecommerce #comercioelectronico #paginaweb #qpaypro #pagosonline #ventasonline #redessociales #negocioonline #negociodigital #crecimientoydesarrollo #crecimientoprofesional #pagosonline #ventasonline #negociointernacional",1,1,0,0,0,0,0,0,2,,https://www.facebook.com/504840204987907/posts/876210024517588,2
1692583127699872_874943797977544,https://facebook.com/1692583127699872_874943797977544,1692583127699872,01 Apr 2024 12:28:09 PM,photo,"¡Expandir tu negocio nunca fue tan fácil! Con Qpaypro, acepta pagos internacionales de manera rápida y segura. Amplía tus horizontes y llega a nuevos mercados sin límites ?✨ Afíliate al Plan Enterprise para obtener estos beneficios y más?

#pagosinternacionales #paginaweb #qpaypro #pagosonline #ventasonline #redessociales #negocioonline #negociodigital #crecimientoydesarrollo #crecimientoprofesional #pagosonline #ventasonline #negociointernacional",3,1,0,0,0,0,0,0,5,,https://www.facebook.com/photo.php?fbid=874941831311074&set=a.504567235015204&type=3,4
1692583127699872_865408442264413,https://facebook.com/1692583127699872_865408442264413,1692583127699872,18 Mar 2024 10:45:59 AM,photo,"? En QpayPro, la seguridad es nuestra prioridad absoluta en el mundo digital en constante evolución. ?? Estamos comprometidos a proteger a nuestros clientes y sus negocios, por eso innovamos constantemente y mejoramos nuestro sistema de mitigación y validación de transacciones: ¡QpayRadar!

? Innovación Continua: Mejorando la Huella Digital

Una de nuestras últimas mejoras en QpayRadar es la optimización de la huella digital. Esta característica identifica dispositivos en línea y ahora ofrece una mayor precisión y confianza en la identificación de tráfico anónimo.

? Mejoras Clave y Métricas de Éxito

Precisión Aumentada: Implementamos mejoras significativas para reducir errores en la identificación del tráfico anónimo.

Puntuación de Confianza Elevada: Elevamos la puntuación de confianza al 95%, lo que nos permite bloquear transacciones sospechosas de manera más efectiva.

?️ Detalles de las Mejoras

Mejoras en el Servicio: Optimizamos la precisión en la recepción de huellas digitales en el API y el formulario de pago.

Optimización del Flujo de Validación: Agilizamos el proceso de pago para una experiencia más fluida.

Validación del Historial de Visitas: Ahora, nuestros servicios incluyen validación en el historial de visitas para un análisis más completo.

Mejora en la Validación del Historial de Eventos: Identificamos y analizamos de manera más detallada el historial de eventos relacionados.

Confianza del Dispositivo: Evaluamos el porcentaje promedio de confiabilidad del dispositivo para una mejor autenticación de las transacciones.

#qpaypro #pagoseficientes #experienciadelcliente #pagosdigitales #pagosenlinea #linksdepago #2024 #coquette #ecommerce #ecommercetips #esperienciadecompra #minimizarfraudes #articulo #lectura #lector #ecommerce #ecommercetips",1,1,0,0,0,0,0,1,3,,https://www.facebook.com/photo.php?fbid=865407392264518&set=a.504567235015204&type=3,2
1692583127699872_861501852655072,https://facebook.com/1692583127699872_861501852655072,1692583127699872,14 Mar 2024 10:00:31 AM,album,"?¿Cómo detectar fraudes en tu negocio en línea? Descubre las señales clave que te ayudarán a proteger tu eCommerce, si quieres ser un experto en eCommerce y pagos digitales ¡Síguenos! ?️

#qpaypro #pagoseficientes #experienciadelcliente #pagosdigitales #pagosenlinea #linksdepago #2024 #coquette #ecommerce #ecommercetips #esperienciadecompra",2,0,0,1,0,0,0,0,2,,https://www.facebook.com/504840204987907/posts/861501852655072,3
1692583127699872_861491599322764,https://facebook.com/1692583127699872_861491599322764,1692583127699872,12 Mar 2024 09:45:07 AM,photo,"?Descubre lo fácil que es integrar tu tienda en línea a los métodos de pago que  Qpaypro tiene para ofrecer a tu negocio digital y brinda a tus clientes una experiencia de pago fácil, rápida y segura en sus compras ?

#integraciones #paginaweb #qpaypro #pagosonline #ventasonline #redessociales #negocioonline #negociodigital #crecimientoydesarrollo #crecimientoprofesional #pagosonline #ventasonline",1,0,0,0,0,0,0,0,2,,https://www.facebook.com/photo.php?fbid=861488025989788&set=a.504567235015204&type=3,1
1692583127699872_857261099745814,https://facebook.com/1692583127699872_857261099745814,1692583127699872,08 Mar 2024 12:00:15 PM,photo,"Marzo, el mes en donde tu negocio en línea toma impulso con Qpaypro?? ¡Prepárate para el éxito! 

#qpaypro #pagoseficientes #experienciadelcliente #pagosdigitales #pagosenlinea #linksdepago #2024 #metas #memepage #meme #linksdepago",3,1,0,0,0,1,0,0,3,,https://www.facebook.com/photo.php?fbid=857259339745990&set=a.504567235015204&type=3,5
1692583127699872_857258199746104,https://facebook.com/1692583127699872_857258199746104,1692583127699872,06 Mar 2024 10:45:02 AM,album,"✨¡Clientes especiales merecen tratos especiales! En Qpaypro, valoramos tu apoyo y confianza. Por eso, ofrecemos un Plan Mini GRATIS para ayudarte a impulsar tu negocio ??✨

#afiliaciongratis #QPayPro #tiendaenlinea #ventasonline #pagosonline #negocioonline #crecimientoydesarrollo #negociodigital #qpaypro #pagosonline #ventasonline #redessociales #negocioonline #negociodigital #crecimientoydesarrollo #crecimientoprofesional #codigoqr",2,0,0,0,0,0,1,1,4,,https://www.facebook.com/504840204987907/posts/857258199746104,2
1692583127699872_856520923153165,https://facebook.com/1692583127699872_856520923153165,1692583127699872,04 Mar 2024 10:25:00 AM,photo,"? ¡En Qpaypro siempre estamos buscando formas de mejorar para ti! ? Nos complace anunciar que ahora contamos con horarios de soporte técnico ampliados, ¡para brindarte una experiencia satisfactoria! ? Estamos aquí para ti, ¡siempre! ??  

#soportetécnico #mejorandoparati #experienciadelcliente #horariosampliados
#conveniencia #servicio #innovacion  #atencionalcliente #mejoras #excelenciaenelservicio
#clientesfelices",1,0,0,0,0,0,0,0,2,,https://www.facebook.com/photo.php?fbid=856520903153167&set=a.504567235015204&type=3,1
1692583127699872_853357603469497,https://facebook.com/1692583127699872_853357603469497,1692583127699872,28 Feb 2024 10:45:00 AM,photo,"¡Duerme profundamente mientras Qpaypro cuida de tus transacciones! ? Con nuestra tecnología de vanguardia, garantizamos seguridad y rapidez en cada cobro que realizas

#humor #qpaypro #ciberseguridad #transformacionfinanciera #innovacionfinanciera #pagosenlinea #metodosdepago #tiendaonline #tiendavirtual #ventasonline #compraonline #qpaypro #impulsatunegocio #ecommerce",0,0,1,0,0,0,0,0,2,,https://www.facebook.com/photo.php?fbid=853357590136165&set=a.504567235015204&type=3,1
1692583127699872_852088760263048,https://facebook.com/1692583127699872_852088760263048,1692583127699872,26 Feb 2024 10:15:00 AM,photo,"El comercio electrónico también debe ser sostenible ? 

Según un estudio global de Generation IM, el comercio electrónico es un 17% más eficiente en carbono que las tiendas minoristas tradicionales. La eficiencia de carbono incluye áreas del negocio como transporte de productos, edificios, almacenes, embalaje de productos y fabricación.

 El comercio electrónico está creciendo a un ritmo sorprendente, con una mayor participación de mercado y menos barreras de entrada que el comercio tradicional, el clima actual del comercio electrónico está impulsando el espíritu empresarial y alentando a empresas de todos los tamaños. Este crecimiento y actividad sostenidos conducen a más experiencias en línea para todos los clientes.

Si bien es innegable que el comercio tiene un papel primordial para el desarrollo económico y la reducción de la pobreza en Guatemala, se debe reconocer que el modelo de economía lineal, el cual consistente en fabricar productos, usarlos y luego desecharlos, produce muchos residuos que generan gran impacto ambiental, entre otras consecuencias nocivas que afectan al negocio y al consumidor. El modelo que ofrece un freno a esta producción de residuos es la economía circular, la cual incluye la filosofía de reutilización de los bienes y su reincorporación al mercado, promoviendo sostenibilidad y fomentando la generación comercio.

El comercio electrónico no ha estado exento de experimentar esta orientación hacia el consumo responsable, denominado Recommerce y una de las tendencias que más apoyan la economía circular es la moda sostenible, donde los emprendedores observan la gran oportunidad que hay en las prendas previamente utilizadas, generando ingresos y reduciendo el impacto ambiental. Este buen propósito de año nuevo, combinado con el
creciente acceso del comercio electrónico en Guatemala demuestran que se puede combinar desarrollo y la preservación de los recursos.

Hugo García, especialista en eCommerce guatemalteco y CEO de Qpaypro nos indica que “las compras en línea ya suponen mejoras en el uso de espacio para el almacenaje de los productos, menor consumo de recursos, ahorro de energía y materias primas, entre otros. Por lo que la tendencia de Recommerce y moda sostenible apoyará aún más a concientizarnos acerca de nuestro impacto y a promover una Guatemala desarrollada y sostenible”

Lo que fue solamente una tendencia, vestir de manera más responsable y sostenible hoy en día es para muchos un curioso estilo de vida, por lo que el mercado de la moda sostenible en línea se encuentra en crecimiento sin precedentes, gracias a la preocupación por reducir la huella de residuos aunado al incremento del comercio electrónico en nuestro país.

Según el cuarto estudio de comercio electrónico en Guatemala, el 28% de los guatemaltecos han comprado en línea en los últimos tres meses. De acuerdo con el mismo estudio, siete de cada diez personas realizan al menos una compra al mes, lo que indica que las compras en línea se han convertido en algo más común para los usuarios del eCommerce.

Consumidores y emprendedores, sobre todo los millennials y la generación Z, son cada vez más conscientes de la realidad ambiental del país y el impacto que tienen sus acciones en el planeta, esto incluye las compras que realizan, especialmente cuando hablamos de ropa.

“Los consumidores de hoy prefieren cada vez más las empresas sostenibles que pueden ayudarlos a convertirse en compradores más responsables. Las compañías líderes están respondiendo a esta demanda de los compradores, utilizando su influencia para adoptar prácticas más sostenibles y generar más confianza con sus clientes. A medida que las marcas de comercio electrónico continúen realizando cambios reales e impactantes para promover la sostenibilidad, esto generará beneficios más positivos a largo plazo para el medio ambiente”, indicó García. “Seguimos trabajando para ser la mejor alternativa para tu negocio en Guatemala, apoyando el desarrollo del eCommerce en la región. En Qpaypro deseamos ser tu aliado estratégico, que te provea de una plataforma sólida y segura de pagos. Nos encanta tu ímpetu para emprender. Aplaudimos tu entusiasmo de crecimiento sostenible y por eso te ayudamos a alcanzar tus metas”, finalizó el ejecutivo de Qpaypro.

? Acerca de Qpaypro:
Qpaypro es una plataforma de pagos unificados con más de siete años de experiencia en el mercado guatemalteco, centraliza diferentes métodos de cobro en todos sus canales de venta. Facilitador de pago certificado y avalado por Visa y Mastercard por medio de los procesadores de tarjetas Neonet Guatemala, además ha incursionado en la aceptación de
pagos con cifrado criptográfico, recibiendo en moneda local sin la fluctuación de las cripto. Al 2023 se procesó más de un billón de quetzales solo en línea, cuentan con más de 3,500 clientes empresariales activos y más de un millón transacciones procesadas de más de 450 Mil usuarios alrededor del mundo.

#sostenibilidad #ecommerce #medioambiente #negociosostenible #transformacionfinanciera #innovacionfinanciera #pagosenlinea #metodosdepago #tiendaonline #tiendavirtual #ventasonline #compraonline #qpaypro #impulsatunegocio",2,0,0,0,0,0,0,0,2,,https://www.facebook.com/photo.php?fbid=852088723596385&set=a.504567235015204&type=3,2
1692583127699872_850889660382958,https://facebook.com/1692583127699872_850889660382958,1692583127699872,24 Feb 2024 10:45:40 AM,video,"¡No más complicaciones! Con Qpaypro, crear un link de pago es pan comido. Dale a tus clientes una experiencia de compra y aumenta tus conversiones en línea. ¡Descubre cómo crear un linde pago desde la app de Qpaypro! ??

#linkdepago #qpaypro #pagosonline #ventasonline #redessociales #negocioonline #negociodigital #crecimientoydesarrollo #crecimientoprofesional #codigoqr #crecimientoprofesional #links #negocio #guatemala #emprendimiento #comercio",6,0,0,0,0,0,1,0,0,,https://www.facebook.com/504840204987907/videos/1765260527316575,6
1692583127699872_849623543842903,https://facebook.com/1692583127699872_849623543842903,1692583127699872,22 Feb 2024 10:15:10 AM,album,"¡El futuro del eCommerce está aquí! ?✨ Descubre las tendencias que marcarán el ritmo en 2024. Desde Realidad Aumentada hasta pagos biométricos ?? ¿Listo para la innovación?  

#transformacionfinanciera #innovacionfinanciera #pagosenlinea #metodosdepago #tiendaonline #tiendavirtual #ventasonline #compraonline #qpaypro #impulsatunegocio #ecommerce",0,1,0,0,0,0,0,0,2,,https://www.facebook.com/504840204987907/posts/849623543842903,1
1692583127699872_848440610627863,https://facebook.com/1692583127699872_848440610627863,1692583127699872,20 Feb 2024 10:55:00 AM,photo,"Cuando descubres que puedes tener un plan gratis con 0 mensualidades en QPayPro... ?? ¡La felicidad es real! ??  No esperes más y adquiere tu Plan Mini e impulsa tus ventas este 2024 

#qpaypro #exito2024 #pagosdencillos #negocioenlinea #2024 #pagosdigitales #qpaypro #pagosonline #ventasonline #redessociales #negocioonline #negociodigital #crecimientoydesarrollo #crecimientoprofesional #codigoqr",3,1,0,3,0,0,0,0,2,,https://www.facebook.com/photo.php?fbid=848440587294532&set=a.504567235015204&type=3,7
1692583127699872_845877444217513,https://facebook.com/1692583127699872_845877444217513,1692583127699872,16 Feb 2024 11:05:06 AM,album,"? ¿Conoces el poder de los cobros recurrentes? Con QpayPro, nuestros clientes pueden automatizar sus pagos periódicos y garantizar ingresos estables. ¡Optimiza tu negocio en línea y simplifica tus procesos digitales con nosotros! 

#cobrosrecurrentes #qpayPro #negocioEenlinea #transformacionfinanciera #innovacionfinanciera #pagosenlinea #metodosdepago #tiendaonline #tiendavirtual #ventasonline #compraonline #qpaypro #impulsatunegocio #ecommerce",3,0,0,0,0,0,0,0,2,,https://www.facebook.com/504840204987907/posts/845877444217513,3
1692583127699872_845341690937755,https://facebook.com/1692583127699872_845341690937755,1692583127699872,15 Feb 2024 03:47:53 PM,video,#qpaypro #tiendaenlinea #afiliaciongratis #pagosonline #ventasonline #redessociales #crecimientoprofesional #negociodigital #crecimientoydesarrollo #metodosdepago #pagosenlinea #tiendaonline #marketingonline #diadelcariño #14defebrero #febrero,4,0,0,0,0,0,1,0,0,,https://www.facebook.com/504840204987907/videos/2534500803397238,4
1692583127699872_844514084353849,https://facebook.com/1692583127699872_844514084353849,1692583127699872,14 Feb 2024 09:45:01 AM,photo,"San Valentín ? una fecha rentable para el comercio?

∙Durante 2023 a nivel global se gastaron US$26,000 millones el día de San Valentín, un 8.7% más que durante 2022.

∙En Guatemala, 10 días previos al Día del Cariño se tuvo un incremento entre el 20 y 25% en
transacciones de los comercios que implementaron estrategias de eCommerce enfocadas a la festividad.

La celebración del día de San Valentín, conocida localmente como Día del Amor y la Amistad es una fecha para compartir con amigos y celebrar el amor de pareja, el 14 de febrero
es también una festividad que dinamiza la economía.

De acuerdo con información de Qpaypro en Guatemala, 10 días previos al Día del Cariño se tuvo un incremento entre el 20 y 25% en transacciones de los comercios que implementaron estrategias de eCommerce enfocadas a la festividad. Luego, entre el 15, 16 y 17 de febrero de 2024 se logró un incremento del 55% respecto a los primeros días del mes.

A nivel global los consumidores gastaron US$26,000 millones en el día de San Valentín del pasado 2023, lo que significa un 8.7% más que el 2022 cuando el consumo se situó en US$23,900 millones. De acuerdo con un estudio global realizado por Mastercard, las compras por internet relacionadas al día de San Valentín han aumentado el 321% desde el año 2011, y en el caso de algunos países de América Latina ese crecimiento ha sido de hasta cuatro dígitos durante la última década.

Es probable que, la conducta del consumidor sea muy conservadora, posterior a los gastos que realizaron durante las fiestas de fin de año, por lo que esta celebración significa la primera oportunidad del año para que los negocios aumenten sus ventas. Sin embargo, con tantas empresas compitiendo por la atención de los consumidores.

En gran parte de Latinoamérica, San Valentín es la segunda festividad del año en la que más se gasta, solo por detrás de Navidad. Sin embargo, el valor que el consumidor le asigna a su tiempo continúa siendo determinante para la elección del método de compra. La tendencia del latinoamericano por celebrar regalando, no ha cambiado, pero el pesado tránsito, largas filas en centros comerciales y la oferta limitada en tiendas físicas, entre otros, han hecho que opte por realizar la compra en línea.

La siguiente es una lista de productos tradicionalmente preferidos en esta fecha:

∙Experiencias (viajes, cenas, conciertos) ??️?
∙Perfumes ??
∙Joyas??
∙Bombones, flores y chocolates??
∙Tecnología y electrónica??
∙Productos de belleza?? 

Observando la lista anterior, los negocios que no ofrecen este tipo de productos no deben desmotivarse. En los últimos años se ha visto un cambio de comportamiento en búsqueda de opciones que salen de lo habitual y buscan ser originales y creativas. La celebración del Día del Amor y la Amistad se ha actualizado, siendo más que una fecha de consumo de flores, por lo que los negocios de todo rubro y dimensión deben aprovechar esta oportunidad.

? “Este día de San Valentín adapta las emociones al diseño de producto que ofreces. Si tu producto no permite adecuarse a la temporada haz que el empaque sea el que genere una conexión emocional genuina, no forzada. ¿No vendes rosas sino accesorios deportivos? No te preocupes, puedes subirte a la ola del 14 de febrero con
creatividad y adaptabilidad”,   - comentó Hugo García, CEO de Qpaypro.

Previo al 14 de febrero, el cliente observará constantemente redes sociales y otros espacios en línea antes de decidirse por la compra. De acuerdo con el 4to. Estudio de Comercio Electrónico de Guatemala, los consumidores optan por estar constantemente conectados y el internet es la forma más relevante para buscar información de los productos que comprará. El estudio también indica que las redes sociales continúan siendo fundamentales para que las marcas comuniquen y conecten con sus consumidores, en estas búsquedas los precios y la diversidad de métodos de pago fue determinante para la compra.

? “Qpaypro apoya a todo tipo de empresas por medio de soluciones tecnológicas de pago ágiles y confiables. En esta temporada de celebración del cariño queremos ser tu aliado estratégico para incrementar tus ventas”.  - Concluyó García de Qpaypro.

Para conocer las opciones de experiencias de pago fáciles e innovadoras que Qpaypro ofrece, visita la página web https://zurl.co/CrpR o contáctalos al número +(502) 2311-5001 o vía WhatsApp +(502) 5375-9651

Acerca de Qpaypro:
Qpaypro es una plataforma de pagos unificados con más de siete años de experiencia en el mercado guatemalteco, centraliza diferentes métodos de cobro en todos sus canales de venta. Facilitador de pago certificado y avalado por Visa y Mastercard por medio de los procesadores de tarjetas Neonet Guatemala, además ha incursionado en la aceptación de
pagos con cifrado criptográfico, recibiendo en moneda local sin la fluctuación de las cripto. Al 2023 se procesó más de un billón de quetzales solo en línea, cuentan con más de 3,500 clientes empresariales activos y más de un millón transacciones procesadas de más de 450 Mil usuarios alrededor del mundo.

#ventasonline #redessociales #negocioonline #14febrero #amoryamistad #2024 #ecommerce #amor #diadelcariño #articulo #tendencia #ofertasanvalentin #amorenlinea #AmorDigital #ecommercesanvalentin",2,1,0,0,0,0,0,0,5,,https://www.facebook.com/photo.php?fbid=844514001020524&set=a.504567235015204&type=3,3
1692583127699872_843253741146550,https://facebook.com/1692583127699872_843253741146550,1692583127699872,12 Feb 2024 01:20:00 PM,photo,"¡Adiós, complicaciones! ?? QPayPro llega como el superhéroe de los pagos digitales, resolviendo tus necesidades con su gama de métodos de pago? 

#transformacionfinanciera #innovacionfinanciera #pagosenlinea #metodosdepago #tiendaonline #tiendavirtual #ventasonline #compraonline #qpaypro #impulsatunegocio #ecommerce",3,0,0,0,0,0,0,0,1,,https://www.facebook.com/photo.php?fbid=843253721146552&set=a.504567235015204&type=3,3
1692583127699872_841081044697153,https://facebook.com/1692583127699872_841081044697153,1692583127699872,09 Feb 2024 10:50:12 AM,album,"¡Potencia tu negocio con las integraciones de QpayPro! Conecta tu plataforma con nuestros servicios de pago y lleva tu empresa al siguiente nivel. ¿Listo para aprovechar este beneficio? Únete hoy mismo y empieza a optimizar tus transacciones?? 

#integraciones #paginaweb #qpaypro #pagosonline #ventasonline #redessociales #negocioonline #negociodigital #crecimientoydesarrollo #crecimientoprofesional #pagosonline #ventasonline",4,0,0,0,0,1,1,0,1,,https://www.facebook.com/504840204987907/posts/841081044697153,5
1692583127699872_839705204834737,https://facebook.com/1692583127699872_839705204834737,1692583127699872,07 Feb 2024 12:44:05 PM,album,"¡Maximiza tus ganancias con el Plan Mini de QPayPro! ?? Descubre los beneficios de afiliarte sin costo ni mensualidades ¿Listo para el siguiente nivel? 

#afiliaciongratis #QPayPro #tiendaenlinea #ventasonline #pagosonline #negocioonline #crecimientoydesarrollo #negociodigital #transformacionfinanciera #innovacionfinanciera #pagosenlinea #metodosdepago #tiendaonline #tiendavirtual #ventasonline #compraonline #qpaypro #impulsatunegocio #ecommerce #gratis",1,0,0,0,0,0,0,1,2,,https://www.facebook.com/504840204987907/posts/839705204834737,1
1692583127699872_839033851568539,https://facebook.com/1692583127699872_839033851568539,1692583127699872,06 Feb 2024 01:11:12 PM,video,"¡Lleva tu estrategia de marketing al siguiente nivel! Descubre los increíbles beneficios de las campañas de correo electrónico para llegar a tus clientes. ¡Conoce las plataformas líderes que simplificarán todo el proceso y convierte cada correo en una oportunidad de éxito! ?✨ 

#mailing #emailmarketing #qpaypro #pagosonline #ventasonline #redessociales #negocioonline #negociodigital #crecimientoydesarrollo #crecimientoprofesional #codigoqr #qpaypro #pagosonline #ventasonline #redessociales #negocioonline #negociodigital #crecimientoydesarrollo #crecimientoprofesional",2,1,0,0,0,0,0,1,0,,https://www.facebook.com/504840204987907/videos/926440808678562,3
1692583127699872_838313878307203,https://facebook.com/1692583127699872_838313878307203,1692583127699872,05 Feb 2024 11:35:00 AM,photo,"?? ¿Listo para la revolución de los pagos en línea? Con QPayPro, aceptar criptomonedas es simple y seguro ?? Potencia tu negocio y atrae clientes globales 

#qpaypro #exito2024 #pagosdencillos #negocioenlinea #2024 #pagosdigitales #metodosdepago #tiendaonline #tiendavirtual #ventasonline #compraonline #qpaypro #impulsatunegocio #criptomonedas #bitcoin",1,1,0,0,0,0,0,0,1,,https://www.facebook.com/photo.php?fbid=838313834973874&set=a.504567235015204&type=3,2
1692583127699872_826492122822712,https://facebook.com/1692583127699872_826492122822712,1692583127699872,18 Jan 2024 02:00:02 PM,photo,"En el mundo del ecommerce, los pagos digitales son el nuevo coquette ?? Descubre Qpaypro, la red más grande para aceptar pagos en línea con métodos innovadores?? ¡Haz que tus clientes se enamoren de tu experiencia de compra! ??️

#qpaypro #pagoseficientes #experienciadelcliente #pagosdigitales #pagosenlinea #linksdepago #2024 #coquette #ecommerce #ecommercetips #esperienciadecompra",0,1,0,0,0,0,3,1,1,,https://www.facebook.com/photo.php?fbid=826489932822931&set=a.504567235015204&type=3,1
1692583127699872_822684613203463,https://facebook.com/1692583127699872_822684613203463,1692583127699872,12 Jan 2024 03:50:00 PM,photo,"¿Quieres mejorar los resultados de tu negocio en línea? ? Descubre los secretos del éxito con QpayPro en nuestro webinar gratuito del jueves 18 de enero. Aprende sobre la eficacia de nuestra pasarela de pago unificada y cómo puede impulsar tu negocio digital.

 ¡Regístrate gratis hoy! ?? 
https://us02web.zoom.us/meeting/register/tZcocOGoqz8iHt0tIHwGkMptBpafG-EFPuk1

#qpaypro #pagosonline #ventasonline #redessociales #negocioonline #negociodigital #crecimientoydesarrollo #crecimientoprofesional #webinar #curso #impulsatunegocio #exitodigital #pagosenlinea",2,1,0,0,0,0,0,0,1,,https://www.facebook.com/photo.php?fbid=822684389870152&set=a.504567235015204&type=3,3
1692583127699872_817474163724508,https://facebook.com/1692583127699872_817474163724508,1692583127699872,05 Jan 2024 01:30:01 PM,photo,"¡Únete a nuestro Plan Mini sin costo de afiliación! Solo necesitas tu DPI/NIT y una cuenta de banco local ??  Impulsa tus ventas con QpayPro de manera gratuita y comiza a vender con links de pago y mucho más 

#afiliaciongratis #QPayPro  #tiendaenlinea #ventasonline #pagosonline #negocioonline #crecimientoydesarrollo #negociodigital",5,1,0,0,0,0,9,0,2,,https://www.facebook.com/photo.php?fbid=817474097057848&set=a.504567235015204&type=3,6
1692583127699872_816221583849766,https://facebook.com/1692583127699872_816221583849766,1692583127699872,03 Jan 2024 10:55:00 AM,photo,"No dejes que la impaciencia arruine la experiencia de pago para tus clientes. Con Qpaypro, agiliza el proceso con un solo link y dile adiós a las esperas innecesarias??

 Ofrece una experiencia de compra sin complicaciones y destaca en la era digital??️

 #qpaypro #pagoseficientes #experienciadelcliente  #pagosdigitales #pagosenlinea #linksdepago #2024",0,0,0,5,0,0,2,0,2,,https://www.facebook.com/photo.php?fbid=816220983849826&set=a.504567235015204&type=3,5
1692583127699872_804979881640603,https://facebook.com/1692583127699872_804979881640603,1692583127699872,16 Dec 2023 10:05:00 AM,photo,"¡La familia QpayPro sigue creciendo! ?  Cada vez más negocios en línea de los los 22 departamentos de Guatemala, están aceptando pagos con tarjetas de débito y crédito con QpayPro ?? 

#metodosdepago #tiendaonline #tiendavirtual #ventasonline #compraonline #qpaypro #impulsatunegocio #guatemala #pagosdigitales",5,1,0,0,0,0,1,0,1,,https://www.facebook.com/photo.php?fbid=804979861640605&set=a.504567235015204&type=3,6
1692583127699872_803681788437079,https://facebook.com/1692583127699872_803681788437079,1692583127699872,14 Dec 2023 12:34:00 PM,photo,"¡Los números no mienten! ? Qpaypro está experimentando un aumento extraordinario en las transacciones anuales  ?? Afíliate a la comunidad de negocios en línea eligen aceptar pagos con tarjetas de débito y crédito con QpayPro ?✨ 

#metodosdepago #tiendaonline #tiendavirtual #ventasonline #compraonline #qpaypro #impulsatunegocio",2,1,0,0,0,0,1,0,1,,https://www.facebook.com/photo.php?fbid=803681765103748&set=a.504567235015204&type=3,3
1692583127699872_802488658556392,https://facebook.com/1692583127699872_802488658556392,1692583127699872,12 Dec 2023 01:32:00 PM,photo,"¿Cansad@ de que se te escapen ventas? QpayPro permite que tus clientes paguen en Qpaycuotas de 3 a 18 pagos con tarjetas Visa y Mastercard. Aumenta la accesibilidad y la satisfacción del cliente, ¡porque cada venta cuenta! ?? 

#qpaycuotas #negocioenlineaexitoso #ventasenlinea #negocioenlinea #cuotas",5,0,0,0,0,0,1,1,24,,https://www.facebook.com/photo.php?fbid=802488641889727&set=a.504567235015204&type=3,5
1692583127699872_799437788861479,https://facebook.com/1692583127699872_799437788861479,1692583127699872,07 Dec 2023 11:15:08 AM,album,"? Asegura el éxito de tu negocio en línea con estrategias para minimizar riesgos. Descubre cómo proteger tus operaciones y mantener la confianza de tus clientes ?? 

#negociodigital #minimizariesgos #seguridadempresarial #seguridad #riesgos #ventasenlinea #negocioenlinea",0,0,0,0,0,0,0,0,2,,https://www.facebook.com/504840204987907/posts/799437788861479,0
1692583127699872_795100482628543,https://facebook.com/1692583127699872_795100482628543,1692583127699872,30 Nov 2023 12:10:00 PM,photo,"✨ ¿Ya conoces nuestra nueva tasa de comisión?  Ahora solo un 4.5% para impulsar tu negocio en línea? Descubre la diferencia con Qpaypro. ? ¡Afíliate hoy! ? 

#qpaypro #nuevatasa #emprendedoresdigitales #negocioenlinea #ventrasenlinea #comprasonline #empresa #emprendimiento",8,1,0,0,0,0,4,0,3,,https://www.facebook.com/photo.php?fbid=795100469295211&set=a.504567235015204&type=3,9
1692583127699872_793909186081006,https://facebook.com/1692583127699872_793909186081006,1692583127699872,28 Nov 2023 02:10:08 PM,album,"¿Buscas la clave del éxito para tu negocio en línea? ?? QpayPro es la respuesta. Acepta pagos de manera inmediata y disfruta de beneficios que impulsarán tu crecimiento ?? 

#qpaypro #crecimientoempresarial #pagosdigitales #exito #ventajas #comercioenlinea",2,1,0,0,0,0,0,0,1,,https://www.facebook.com/504840204987907/posts/793909186081006,3
1692583127699872_792053312933260,https://facebook.com/1692583127699872_792053312933260,1692583127699872,25 Nov 2023 11:40:08 AM,album,"¡Potencia tu presencia online! ?✨ Descubre los secretos para optimizar tu sitio web y cautivar a tus visitantes. ? ¡Tip: la velocidad de carga importa! ? 

#optimizacionWeb #consejosdigitales #tips #sitioweb #online #secretos #qpaypro",3,0,0,0,0,0,0,0,1,,https://www.facebook.com/504840204987907/posts/792053312933260,3
1692583127699872_790784946393430,https://facebook.com/1692583127699872_790784946393430,1692583127699872,23 Nov 2023 12:30:06 PM,album,"? Prepárate para arrasar en el Cyber Monday con estos consejos infalibles ?✨ ¡No pierdas la oportunidad de maximizar tus ventas en este día especial! 

#cybermonday #ventasonline #comprasonline #qpaypro #ofertas #tips #negocioenlinea",0,1,0,0,0,0,0,0,2,,https://www.facebook.com/504840204987907/posts/790784946393430,1
1692583127699872_789570376514887,https://facebook.com/1692583127699872_789570376514887,1692583127699872,21 Nov 2023 01:30:09 PM,album,"¡La cuenta regresiva para el Black Friday y el Cyber Moday ha comenzado! ? Descubre tips efectivos para impulsar tus ventas en estas fechas y destacar entre la multitud  ?  ? 

#blackfriday #ofertas #sentidodeurgencia #ofertasrelampago #comprasenlinea #blackfridaytips #cybermonday #qpaypro #negocioonline #online #tips #ventasdigitales",1,1,0,0,0,0,0,0,1,,https://www.facebook.com/504840204987907/posts/789570376514887,2
1692583127699872_787713943367197,https://facebook.com/1692583127699872_787713943367197,1692583127699872,18 Nov 2023 10:20:00 AM,photo,"¿Te imaginas perder ventas por no ofrecer las opciones de pago que tus clientes desean? ¡No dejes que eso suceda! En Qpaypro, tenemos la solución perfecta?? Amplía tus posibilidades y aumenta tus ventas con nuestra pasarela de pagos líder en el mercado ?? 

#qpayproventajas #pagosdigitales #ventasenlinea #online #qpaypro #opcionesdepago",1,1,0,0,0,0,0,0,1,,https://www.facebook.com/photo.php?fbid=787713926700532&set=a.504567235015204&type=3,2
1692583127699872_786531960152062,https://facebook.com/1692583127699872_786531960152062,1692583127699872,16 Nov 2023 12:35:09 PM,album,"Descubre el lado fascinante de Qpaypro y sumérgete en la experiencia de los pagos digitales y el eCommerce ?? 

#Qpaypro #descubreqpaypro #eCommerce  #pagosdigitales  #ventasenlinea",3,2,0,0,0,0,0,0,1,,https://www.facebook.com/504840204987907/posts/786531960152062,5
1692583127699872_785244136947511,https://facebook.com/1692583127699872_785244136947511,1692583127699872,14 Nov 2023 12:45:00 PM,photo,"Tu prosperidad es nuestra prioridad ? Descubre la NUEVA taza de comisión de Qpaypro: 4.02% más IVA + Q2.43 por transacción exitosa ? En Qpaypro, trabajamos para tu bienestar y desarrollo constante ?? 

#qpaypro #comisionescompetitivas #bienestarempresarial #desarrollocontinuo #progresofinanciero",3,1,0,0,0,0,0,0,1,,https://www.facebook.com/photo.php?fbid=785244123614179&set=a.504567235015204&type=3,4
1692583127699872_775956594542932,https://facebook.com/1692583127699872_775956594542932,1692583127699872,30 Oct 2023 10:28:12 AM,photo,"¡TALLER GRATUITO!?✨ En nuestro taller Conquistando el Mundo Digital a través del Chat y Pagos Online, te proporcionaremos las claves esenciales para llevar tu negocio al siguiente nivel en la era digital.

? Fecha: 09 de noviembre
? Hora: 8:30 am a 11:30 am
? Lugar: AGEXPORT, 15 Avenida 14-72 

¿Cómo registrarte?
? https://bit.ly/3FwJxO6 

Prepárate para conquistar el mundo digital, si quieres impulsar tu presencia en línea y aumentar tus ventas en el eCommerce, este evento es para ti. 

¿Qué puedes esperar?

✔️ Aprende cómo el chat puede convertirse en tu aliado principal para interactuar con tus clientes de manera efectiva.

✔️ Descubre estrategias para optimizar los pagos en línea y brindar una experiencia de compra más fluida y segura.

✔️ Interactúa con expertos en el campo y comparte ideas con otros profesionales del eCommerce.

No te quedes atrás en esta era digital en constante evolución. Participa y adquiere las habilidades necesarias para hacer crecer tu negocio en línea.

Regístrate ahora y reserva tu lugar en nuestro taller. Los cupos son limitados, ¡Así que actúa rápido!

 #eCommerce #ChatOnline #PagosDigitales #TallerConquistaDigital",0,1,0,0,0,0,0,0,1,,https://www.facebook.com/photo.php?fbid=775956574542934&set=a.504567235015204&type=3,1
1692583127699872_775946491210609,https://facebook.com/1692583127699872_775946491210609,1692583127699872,30 Oct 2023 10:10:00 AM,photo,"¿Eres un emprendedor o pequeño negocio? El Plan Mini de QpayPro te ofrece enviar links de pago sin costo de afiliación ni mensualidades. ¡Ahorra mientras creces!  ?? 

 #emprendedores #sinmensualidades #planmini #solucionesdepago #pequeñosnegocios #qpaypro #pagosdigitales",13,2,0,0,0,0,22,0,15,,https://www.facebook.com/photo.php?fbid=775946454543946&set=a.504567235015204&type=3,15
1692583127699872_773878024750789,https://facebook.com/1692583127699872_773878024750789,1692583127699872,27 Oct 2023 11:11:00 AM,photo,"? El eCommerce está en constante crecimiento, prepárate para el éxito con QPayPro y comienza a facilitar los pagos de tus clientes con modalidades digitales ? 

#ecommercestats #crecimientonegocios #qpaypro #datoscuriosos #negociosenlinea",2,1,0,0,0,0,0,0,1,,https://www.facebook.com/photo.php?fbid=773877998084125&set=a.504567235015204&type=3,3
1692583127699872_773255431479715,https://facebook.com/1692583127699872_773255431479715,1692583127699872,26 Oct 2023 11:41:00 AM,photo,"¡Regístrate ahora en QpayPro y potencia tus ventas! ? Con el nuevo Plan Mini SIN COSTO DE AFILIACIÓN disfruta de una solución de pago confiable y económica entrando a https://zurl.co/04Ll

 #planmini #solucionesdepago #pequeñosnegocios #qpaypro #pagosdigitales",5,1,0,0,0,0,0,0,1,,https://www.facebook.com/photo.php?fbid=773255414813050&set=a.504567235015204&type=3,6
1692583127699872_772042961600962,https://facebook.com/1692583127699872_772042961600962,1692583127699872,24 Oct 2023 12:40:00 PM,photo,"En el mundo de los negocios, la clave del éxito es simple: clientes felices, negocio próspero ✨?️ Brindar una experiencia excepcional de servicio al cliente no es una opción, es una necesidad 

#clientesfelices #exitoempresarial #qpaypro #comprasenlinea #experienciadecompra",1,0,0,0,0,0,0,0,1,,https://www.facebook.com/photo.php?fbid=772042921600966&set=a.504567235015204&type=3,1
1692583127699872_771416404996951,https://facebook.com/1692583127699872_771416404996951,1692583127699872,23 Oct 2023 02:20:00 PM,photo,"¡Simplifica tu vida empresarial con Qpaybilling! Automatiza tus cobros recurrentes y envía detalles a tus clientes de forma instantánea. Menos trabajo manual, más eficiencia ?? 

#cobroseutomatizados #eficienciaempresarial #qpaybilling #qpaypro #cobrosrecurrentes #pagosdigitales #comprasenlinea",1,0,0,0,0,0,0,0,1,,https://www.facebook.com/photo.php?fbid=771416381663620&set=a.504567235015204&type=3,1
1692583127699872_768783841926874,https://facebook.com/1692583127699872_768783841926874,1692583127699872,19 Oct 2023 11:35:00 AM,photo,"En QpayPro, tu tiempo y tu dinero son importantes. Recuerda que con nosotros, recibes tu liquidación en solo 24 a 48 horas hábiles. ¡Más rápido, más conveniente, más QpayPro! ?? 

#pagosrapidos #eficienciafinanciera #qpaypro #pagosdigitales #comprasenlinea",4,0,0,0,0,0,0,0,4,,https://www.facebook.com/photo.php?fbid=768783818593543&set=a.504567235015204&type=3,4
1692583127699872_768713651933893,https://facebook.com/1692583127699872_768713651933893,1692583127699872,19 Oct 2023 09:02:03 AM,photo,"?¿Quieres llevar tu negocio más allá de las estrellas? Únete al taller GRATUITO ""Construyendo Tu Imperio Digital"".

Aprende estrategias probadas para aumentar tus ventas en línea, con charlas que cubren desde la creación de tu propuesta de valor hasta la monetización de tu imperio digital.

Regístrate ahora y únete a esta jornada de conocimiento, networking y crecimiento. No hay mejor momento que ahora para impulsar tu éxito en línea.

? Fecha: 26 de Octubre
? Hora: 8:30 AM - 12:00 PM
? Lugar: Agexport 15 Avenida 14-72 Zona 13

¡Este taller es tu oportunidad de brillar en el mundo digital! No te quedes atrás, ¡te esperamos! ??

Separa tu cupo aquí ? bit.ly/3ZZcyLP
*CUPOS LIMITADOS

#EmprendeEnDigital #ConstruyendoTuImperioDigital #Gratis #ÉxitoEnLínea",6,1,0,0,0,0,0,1,1,,https://www.facebook.com/photo.php?fbid=768713641933894&set=a.504567235015204&type=3,7
1692583127699872_767510822054176,https://facebook.com/1692583127699872_767510822054176,1692583127699872,17 Oct 2023 01:01:00 PM,photo,"No dejes pasar esta oportunidad. Regístrate hoy mismo en QpayPro y descubre el Plan Mini sin costo de afiliciaón ?? Beneficios del Plan Mini: 

✅ Requisito único: Solo necesitas tu DPI/NIT y una cuenta de banco local
✅ Comisión: 5.5% +Q2.43 por venta exitosa
✅ Ventas Mensuales: ¡Hasta Q5,000!
✅ Links de Pago: Facilita tus transacciones
✅ Seguridad Avanzada: Con QPayRadar, tus pagos están protegidos
✅ Moneda: Utiliza la moneda GTQ para tus transacciones
✅ Servicio y Soporte: Obtén asistencia a través de nuestro Centro de Soporte, email, ticket y WhatsApp

 Aquiérelo en https://zurl.co/fnaB 

#planmini #solucionesdepago #pequeñosnegocios #qpaypro #pagosdigitales",4,0,0,0,0,0,0,0,1,,https://www.facebook.com/photo.php?fbid=767510808720844&set=a.504567235015204&type=3,4
1692583127699872_764967008975224,https://facebook.com/1692583127699872_764967008975224,1692583127699872,13 Oct 2023 04:59:03 PM,photo,"Si eres una persona individual o tienes un pequeño negocio, ¡tenemos el plan perfecto para ti! Con nuestro Plan Mini GRATIS, puedes disfrutar de una solución de pago confiable y económica, Adquiérelo en https://zurl.co/ImRO ?✨ 

#planmini #solucionesdepago #pequeñosnegocios #qpaypro #pagosdigitales",4,0,0,0,0,0,0,0,1,,https://www.facebook.com/photo.php?fbid=764966992308559&set=a.504567235015204&type=3,4
1692583127699872_707828371193392,https://facebook.com/1692583127699872_707828371193392,1692583127699872,12 Oct 2023 02:27:14 PM,photo,,0,0,0,0,0,0,2,0,1,,https://www.facebook.com/qpaypro,0
1692583127699872_763510522454206,https://facebook.com/1692583127699872_763510522454206,1692583127699872,11 Oct 2023 01:17:01 PM,photo,"? ¡Afiliate a nuestra comunidad y alcanza tus metas empresariales! Descubre cómo nuestras mentorías pueden impulsar tu negocio ? 

 #emprendedores #mentorias #exitoempresarial #qpaypro #crecimientoprofesional",0,0,0,0,0,0,0,0,1,,https://www.facebook.com/photo.php?fbid=763510499120875&set=a.504567235015204&type=3,0
1692583127699872_762116875926904,https://facebook.com/1692583127699872_762116875926904,1692583127699872,09 Oct 2023 12:10:00 PM,photo,"?Nuestra QpayApp es la herramienta perfecta para gestionar tus pagos digitales de manera eficiente. Descárgala hoy mismo ??

 #qPayproApp #gestiondepagos #facilidaddeuso #appdenegocios #pagosdigitales",1,0,0,0,0,0,0,1,1,,https://www.facebook.com/photo.php?fbid=762116179260307&set=a.504567235015204&type=3,1
1692583127699872_755629539908971,https://facebook.com/1692583127699872_755629539908971,1692583127699872,28 Sep 2023 11:56:38 AM,photo,"¡Atención a todos los amantes del comercio electrónico en Guatemala! ??

¡Esta es tu oportunidad! Estamos regalando 5 entradas exclusivas para el ECOMMERCE DAY de Guatemala. ???

¿Qué tienes que hacer para ganar una de estas entradas? Es muy sencillo:

✅Dale like a esta publicación
✅Comenta porqué te gustaría asistir
✅Etiqueta a dos amigos para que participen
✅Comparte este post por tu historia y mencionanos

¡Participa ahora y asegura tu lugar en el ECOMMERCE DAY de Guatemala! 

EL SORTEO SE CIERRA VIERNES 29 DE SEP A LAS 3PM

¡Buena suerte a todos! ?

 #EcommerceDayGT #ComercioElectrónico #Guatemala #Concurso #Ecommerce",1,0,0,0,0,0,0,1,52,,https://www.facebook.com/photo.php?fbid=755629759908949&set=a.504567235015204&type=3,1
1692583127699872_754964129975512,https://facebook.com/1692583127699872_754964129975512,1692583127699872,27 Sep 2023 11:10:00 AM,photo,"¿Quieres que tus páginas de pago reflejen la esencia de tu negocio?

 Con QpayPro, la personalización es tu mejor aliada, agrega colores, mensajes y campos de información para transmitir confianza y autenticidad a tus clientes ?

#NegociosEnLínea #ÉxitoEmpresarial  #TiendaOnline",0,0,0,0,0,0,0,0,1,,https://www.facebook.com/photo.php?fbid=754964093308849&set=a.504567235015204&type=3,0
1692583127699872_753674103437848,https://facebook.com/1692583127699872_753674103437848,1692583127699872,25 Sep 2023 02:28:18 PM,video,"Descubre cómo mantener a tus clientes felices y convertirlos en fieles seguidores de tu marca! ?

 #ClientesFelices #FidelizaciónDeClientes #Qpaypro",0,0,0,0,0,0,0,0,0,,https://www.facebook.com/504840204987907/videos/336415742078097,0
1692583127699872_751056343699624,https://facebook.com/1692583127699872_751056343699624,1692583127699872,21 Sep 2023 12:56:22 PM,video,"? ¡Construye tu Marca! ?✨ Si quieres destacar en el mundo digital, necesitas una imagen sólida y consistente que te represente

#MarcaPersonal #ImagenDeMarca #Qpaypro",8,0,0,0,0,0,0,0,0,,https://www.facebook.com/504840204987907/videos/2923130244489424,8
1692583127699872_750420217096570,https://facebook.com/1692583127699872_750420217096570,1692583127699872,20 Sep 2023 10:31:24 AM,video,"¿Sabes cómo crear campañas de correo electrónico efectivas? ?✨ Aprende a segmentar, crear contenido atractivo y utilizar llamados a la acción efectivos. Conoce las mejores plataformas de email marketing: #Mailchimp #HubSpot #SendinBlue #ActiveCampaign. ¡Potencia tus campañas y alcanza el éxito! ?? 

#MarketingDigital #EmailMarketing #NegociosOnline #SocialMediaTips",1,0,0,0,0,0,0,0,0,,https://www.facebook.com/504840204987907/videos/713616330782514,1
1692583127699872_747195057419086,https://facebook.com/1692583127699872_747195057419086,1692583127699872,15 Sep 2023 10:05:00 AM,photo,"La solución de pago que necesitas en la palma de tu mano! Con el POS virtual de QpayPro, aceptar pagos presenciales es ahora más sencillo que nunca. 

¿Por qué elegirnos?

1. ? Versatilidad: Convierte tu smartphone en una potente terminal de pago. Acepta tarjetas de crédito y débito en cualquier lugar.

2. ? Negocios en Crecimiento: Expande tu alcance y aumenta tus ventas al aceptar pagos en persona de manera eficiente y segura.

3. ? Seguridad: Tus transacciones están protegidas con los más altos estándares de seguridad, brindando confianza a tus clientes #NegociosEnLínea #SeguridadVirtual #QpayPro",0,0,0,0,0,0,0,0,1,,https://www.facebook.com/photo.php?fbid=747195034085755&set=a.504567235015204&type=3,0
1692583127699872_746579290813996,https://facebook.com/1692583127699872_746579290813996,1692583127699872,14 Sep 2023 12:36:19 PM,video,"Sabias qué con una tienda en linea tu negocio tiene la capacidad de llegar a grandes audiencias de personas que esten interesadas en tus productos y servicios ¿Qué esperas para crear la tuya? 

#Ecommerce #Qpaypro #Guatemala #Tiendaenlinea",2,0,0,0,0,0,0,1,0,,https://www.facebook.com/504840204987907/videos/273769178939226,2
1692583127699872_745304794274779,https://facebook.com/1692583127699872_745304794274779,1692583127699872,12 Sep 2023 12:46:56 PM,video,"? ¡Eleva tu Sitio Web al Siguiente Nivel! ?✨ Descubre los Secretos para una Apariencia Impactante en el Mundo Digital. ?? 

#DiseñoWeb #MarketingDigital #ExperienciaDeUsuario #QpaypRevoluciona tu Presencia en Línea: ¡Domina los Secretos para un Sitio Web Impresionante!",1,1,0,0,0,0,0,0,0,,https://www.facebook.com/504840204987907/videos/1702366950231175,2
1692583127699872_744699571001968,https://facebook.com/1692583127699872_744699571001968,1692583127699872,11 Sep 2023 03:05:00 PM,photo,"En QpayPro, sabemos que el tiempo es esencial. Nuestro proceso de afiliación de comercios en línea te lleva menos de 24 horas ? En menos de un día, puedes empezar a aprovechar todas las ventajas de nuestra plataforma de pago. ¿Listo para dar el salto? Únete a QpayPro ?",1,0,0,0,0,0,0,0,1,,https://www.facebook.com/photo.php?fbid=744699547668637&set=a.504567235015204&type=3,1
1692583127699872_738391031632822,https://facebook.com/1692583127699872_738391031632822,1692583127699872,31 Aug 2023 04:20:10 PM,album,"?Descubre cómo la IA está personalizando las recomendaciones de productos en las tiendas online.

 #IAenecommerce #personalización",0,0,0,0,0,0,0,0,1,,https://www.facebook.com/504840204987907/posts/738391031632822,0
1692583127699872_738231354982123,https://facebook.com/1692583127699872_738231354982123,1692583127699872,31 Aug 2023 10:36:27 AM,video,"? Aplica los secretos para hacer un lanzamiento exitoso de tu nuevo láser digital y otros activos digitales?

 #LanzamientoExitoso #MarketingDigital #Qpaypr",3,0,0,0,0,0,0,2,0,,https://www.facebook.com/504840204987907/videos/783779776826883,3
1692583127699872_737720808366511,https://facebook.com/1692583127699872_737720808366511,1692583127699872,30 Aug 2023 03:06:27 PM,video,"Descubre el camino hacia el éxito en la nacionalización de productos y servicios. ?? Comprende los desafíos y estrategias clave para adaptarlos al mercado local y alcanzar resultados rentables

 #NegociosInternacionales #Qpaypro #EstrategiaComercial",2,0,0,0,0,0,0,0,0,,https://www.facebook.com/504840204987907/videos/265139963078029,2
1692583127699872_737165718422020,https://facebook.com/1692583127699872_737165718422020,1692583127699872,29 Aug 2023 03:51:20 PM,video,"Comprende por qué los métodos de pago en línea son esenciales en nuestras vidas. ?? Disfruta de la comodidad, seguridad y acceso global que brindan, tanto para los consumidores como para los negocios

 #ComprasEnLinea #SeguridadDigital #ComercioGlobal #Qpaypro",1,0,0,0,0,0,0,0,0,,https://www.facebook.com/504840204987907/videos/524276949884857,1
1692583127699872_736502645154994,https://facebook.com/1692583127699872_736502645154994,1692583127699872,28 Aug 2023 10:30:00 AM,photo,"??Las transmisiones en vivo para mostrar productos y realizar ventas en tiempo real están ganando popularidad

 #ecommerce #livecommerce #tendencias",0,0,0,0,0,0,0,0,1,,https://www.facebook.com/photo.php?fbid=736502631821662&set=a.504567235015204&type=3,0
1692583127699872_734709705334288,https://facebook.com/1692583127699872_734709705334288,1692583127699872,25 Aug 2023 12:35:01 PM,photo,"La inteligencia artificial está moldeando el futuro del #ComercioElectrónico. Desde recomendaciones de productos hasta chatbots de atención al cliente, la IA mejora la experiencia del usuario. ?? 

#IAenEcommerce #FuturoDigital",0,0,0,0,0,0,0,0,1,,https://www.facebook.com/photo.php?fbid=734709688667623&set=a.504567235015204&type=3,0
1692583127699872_734129212059004,https://facebook.com/1692583127699872_734129212059004,1692583127699872,24 Aug 2023 12:55:00 PM,photo,"¿Ya conoces la importancia del ecommerce móvil? No te quedes atrás y aprovecha esta tendencia para implementarla en tu negocio

 #ecommerce #ecommercemovil #QpayPro",1,0,0,0,0,0,0,0,3,,https://www.facebook.com/photo.php?fbid=734129195392339&set=a.504567235015204&type=3,1
1692583127699872_732435888895003,https://facebook.com/1692583127699872_732435888895003,1692583127699872,21 Aug 2023 11:27:00 AM,photo,"¿Ya conoces el beneficios de los códigos QR de QpayPro? Te contamos como funcionan y como puede utilizarlos en tu negocio ??  

#QpayPro #ImpulsaTuNegocio #CodigosQR",1,0,0,0,0,0,0,0,3,,https://www.facebook.com/photo.php?fbid=732435865561672&set=a.504567235015204&type=3,1
1692583127699872_730756425729616,https://facebook.com/1692583127699872_730756425729616,1692583127699872,18 Aug 2023 03:45:09 PM,album,"Te ofrecemos consejos prácticos para optimizar tu sitio web y aumentar las conversiones. ¡Pequeños cambios pueden marcar una gran diferencia en tus ventas!

 #ecommerce #QpayPro #TasaDeConversion",1,0,0,0,0,0,0,0,1,,https://www.facebook.com/504840204987907/posts/730756425729616,1
1692583127699872_729580949180497,https://facebook.com/1692583127699872_729580949180497,1692583127699872,16 Aug 2023 03:16:20 PM,video,"? Potencia tu Negocio con WhatsApp: ¡Conviértelo en tu Ecommerce!

¿Sabías que WhatsApp puede ser mucho más que una simple herramienta de comunicación personal? ?? Aprende cómo aprovechar al máximo esta plataforma para montar un ecommerce exitoso y vender productos y servicios de manera ordenada en Latinoamérica.

#WhatsAppBusiness #EcommerceExitoso #NegociosEnLinea #Qpaypro",2,0,0,0,0,0,0,0,0,,https://www.facebook.com/504840204987907/videos/146679048430180,2
1692583127699872_729544775850781,https://facebook.com/1692583127699872_729544775850781,1692583127699872,16 Aug 2023 01:53:21 PM,photo,"?? ¡¿Estás cansado de perder ventas por no aceptar pagos en línea? Puedes aceptar pagos con Visa, Mastercard y American Express desde Q55/Mes. ¡Regístrate ahora y descubre cómo vender más en línea! ?✨

✅ Acepta pagos de manera rápida y segura.
✅ Amplía tus oportunidades de negocio.
✅ Envía links de pago y códigos QR para pagos.

Conoce más en: https://www.qpaypro.com/payments/

? No dejes pasar ni una sola venta. ¡Qpaypro te brinda la solución perfecta para impulsar tu negocio! ??",167,1,0,0,0,0,38,5,18,,https://www.facebook.com/photo.php?fbid=729544662517459&set=a.504567235015204&type=3,168
1692583127699872_728987582573167,https://facebook.com/1692583127699872_728987582573167,1692583127699872,15 Aug 2023 03:16:32 PM,video,"Descubre cómo medir y analizar el tráfico de tu sitio web y redes sociales para llevar tu estrategia al siguiente nivel. ?? Aprovecha herramientas poderosas como Google Analytics y el píxel de Facebook para obtener datos valiosos sobre tu audiencia y optimizar tus campañas.

#MarketingDigital #GoogleAnalytics #FacebookPixel #Qpaypro",3,0,0,0,0,0,0,0,0,,https://www.facebook.com/504840204987907/videos/640845621444182,3
1692583127699872_728963732575552,https://facebook.com/1692583127699872_728963732575552,1692583127699872,15 Aug 2023 02:20:00 PM,photo,"En QpayPro contamos con profesionales del eCommerce dispuestos a enseñarte a abrirte paso en el mundo del comercio electrónico ??

 #QpayPro #Mentorias #ComercioElectronco",1,0,0,0,0,0,0,0,1,,https://www.facebook.com/photo.php?fbid=728963712575554&set=a.504567235015204&type=3,1
1692583127699872_728349089303683,https://facebook.com/1692583127699872_728349089303683,1692583127699872,14 Aug 2023 12:20:14 PM,album,"Una mirada hacia el futuro, explorando las tendencias emergentes y las posibles innovaciones que transformarán el comercio electrónico en los próximos años ? 

#eCommerce #TiendaOnline #ComprasEnLínea",1,0,0,0,0,0,0,0,1,,https://www.facebook.com/504840204987907/posts/728349089303683,1
1692583127699872_726616319476960,https://facebook.com/1692583127699872_726616319476960,1692583127699872,11 Aug 2023 12:30:00 PM,photo,"?Conoce los múltiples beneficios que QpayPro ofrece al momento de afiliar tu negocio ?✨ 

#QpayPro #Beneficios #ComercioElectronico",1,0,0,0,0,0,0,1,4,,https://www.facebook.com/photo.php?fbid=726616306143628&set=a.504567235015204&type=3,1
1692583127699872_725520142919911,https://facebook.com/1692583127699872_725520142919911,1692583127699872,09 Aug 2023 04:35:03 PM,photo,"¡Descubramos la esencia de las Pymes en Guatemala con Evolución Pyme 2023! ? Exploraremos los desafíos y éxitos de las pequeñas y medianas empresas en un mundo en constante cambio. ?? Únete a nosotros para explorar historias de resiliencia, oportunidades tecnológicas y visiones de expertos. ¡No te pierdas esta oportunidad de conocer el corazón del negocio guatemalteco! ?? 

Durante este espacio se abordarán los ejes de:

✅ Transformación digital 
✅ Gestión comercial exitosa 
✅ Estrategia financiera
✅ Recomendaciones legales
✅ Negocios del futuro
✅ Marketing y ventas

Detalles del evento:

? Fecha: Jueves 24 de agosto
? Lugar: Hotel Westin Camino Real
? Horario: 8:00 am a 5:00 pm
? Formato: Presencial  

#EvoluciónPyme #GuatemalaEmpresarial #PymesEnTransformación  #QpayPro",3,0,0,0,0,0,2,0,1,,https://www.facebook.com/photo.php?fbid=725520126253246&set=a.504567235015204&type=3,3
1692583127699872_725394969599095,https://facebook.com/1692583127699872_725394969599095,1692583127699872,09 Aug 2023 11:36:19 AM,video,"?? Estrategias de Comunicación: B2B vs B2C ?✨

¿Sabías que las técnicas para llegar a tu público en B2B y B2C son completamente diferentes? ?? No te preocupes, ¡aquí te enseñamos cómo! 

#B2BvsB2C #ComunicaciónEfectiva #ConquistaTuPúblico",2,0,0,0,0,0,0,0,0,,https://www.facebook.com/504840204987907/videos/6450720118377204,2
1692583127699872_724139846391274,https://facebook.com/1692583127699872_724139846391274,1692583127699872,07 Aug 2023 11:36:49 AM,video,"Conoce las últimas tendencias en comercio electrónico y cómo puedes aplicarlas a tu negocio. 

#ComercioElectrónico #Tendencias2023 #Negocios ??",3,0,0,0,0,0,0,1,0,,https://www.facebook.com/504840204987907/videos/1365140731016459,3
1692583127699872_722437056561553,https://facebook.com/1692583127699872_722437056561553,1692583127699872,04 Aug 2023 02:15:41 PM,video,? Comienza a utilizar Qpaypro en 3 pasos para aceptar pagos en línea de manera fácil y segura. #pasareladepagos #Guatemala #Qpaypro,1,0,0,0,0,0,0,0,0,,https://www.facebook.com/504840204987907/videos/828262818564747,1
1692583127699872_722342053237720,https://facebook.com/1692583127699872_722342053237720,1692583127699872,04 Aug 2023 10:20:00 AM,photo,"¡QpayPro, la pasarela de pagos que lo tiene todo! ? Descubre los beneficios de aceptar todo tipo de tarjetas en tu negocio ?  

#QpayPro #PagosEnLinea #Negocio",1,0,0,0,0,0,1,0,2,,https://www.facebook.com/photo.php?fbid=722342029904389&set=a.504567235015204&type=3,1
1692583127699872_721229330015659,https://facebook.com/1692583127699872_721229330015659,1692583127699872,02 Aug 2023 03:15:08 PM,album,¿Sabías que una logística eficiente es esencial para el éxito del #Ecommerce? Los clientes valoran la entrega rápida y sin problemas. ¿Cuál ha sido tu mejor experiencia de envío en línea? Cuéntanos. ?? #LogísticaEcommerce,1,0,0,0,0,0,0,0,1,,https://www.facebook.com/504840204987907/posts/721229330015659,1
1692583127699872_720526583419267,https://facebook.com/1692583127699872_720526583419267,1692583127699872,01 Aug 2023 11:17:08 AM,album,"¡Potencia tu negocio con QpayPro! ?? No solo ofrecemos links de pago seguros, ¡también brindamos una gama de herramientas para hacer crecer tu negocio tanto en línea como en tu tienda física! ? Descubre cómo QpayPro puede llevar tus ventas al siguiente nivel. ? 

#QpayPro #PasarelaDePagos #CrecimientoNegocio",0,0,0,0,0,0,0,0,1,,https://www.facebook.com/504840204987907/posts/720526583419267,0
1692583127699872_716538627151396,https://facebook.com/1692583127699872_716538627151396,1692583127699872,25 Jul 2023 10:34:05 PM,album,"Ya sabías de Hootsuite? Comienza a implementar esta herramienta en tu negocio el línea  

#NegocioEnLinea #Tips #eCommerce",0,0,0,0,0,0,0,0,1,,https://www.facebook.com/504840204987907/posts/716538627151396,0
1692583127699872_715764417228817,https://facebook.com/1692583127699872_715764417228817,1692583127699872,24 Jul 2023 03:01:10 PM,album,"Proyecta y brinda la seguridad que tu audiencia necesita mostrando a tu marca con una imagen solida y consistente, te dejamos algunos tips para que logres posicionarte en la mente de tu audiencia  

#Qpaypro #ImagenDeMaeca #Tips",0,0,0,0,0,0,0,0,1,,https://www.facebook.com/504840204987907/posts/715764417228817,0
1692583127699872_713956640742928,https://facebook.com/1692583127699872_713956640742928,1692583127699872,21 Jul 2023 11:59:05 AM,album,"Posiciona tu negocio el linea y tu página web en los motores de búsqueda con estos increíbles tips  

#Tips #PaginaWeb #Qpaypro",0,0,0,0,0,0,0,0,2,,https://www.facebook.com/504840204987907/posts/713956640742928,0
1692583127699872_713244327480826,https://facebook.com/1692583127699872_713244327480826,1692583127699872,20 Jul 2023 07:47:11 AM,album,"Crea una experiencia de otro nivel para tus clientes generando una tienda el linea exitosa con los tips que QpayPro tiene para ti

 #Qpaypro #ÉxitoNegocio #TiendaEnLínea",0,0,0,0,0,0,0,0,1,,https://www.facebook.com/504840204987907/posts/713244327480826,0
1692583127699872_711591110979481,https://facebook.com/1692583127699872_711591110979481,1692583127699872,17 Jul 2023 11:43:04 AM,album,? Revelamos unos de los secretos que te ayudarán a conseguir más ventas con Facebook Ads. #SecretosECommerce,0,0,0,0,0,0,0,0,1,,https://www.facebook.com/504840204987907/posts/711591110979481,0
1692583127699872_709900514481874,https://facebook.com/1692583127699872_709900514481874,1692583127699872,14 Jul 2023 03:40:00 PM,photo,"Aprende a crear un diseño atractivo que mejore la experiencia del usuario en tu sitio web. 

#MarketingDigital #EstrategiaDeMarketing #Qpaypro",0,0,0,0,0,0,0,0,1,,https://www.facebook.com/photo.php?fbid=709900484481877&set=a.504567235015204&type=3,0
1692583127699872_708608341277758,https://facebook.com/1692583127699872_708608341277758,1692583127699872,12 Jul 2023 12:05:09 PM,album,Descubre cómo llevar tu estrategia de marketing al siguiente nivel. ?? #MarketingDigital #EstrategiaDeMarketing,0,0,0,0,0,0,0,0,1,,https://www.facebook.com/504840204987907/posts/708608341277758,0
1692583127699872_708018758003383,https://facebook.com/1692583127699872_708018758003383,1692583127699872,11 Jul 2023 11:33:10 AM,album,Mantente al día con las últimas tendencias del eCommerce y aumenta tu éxito en línea. ?? #eCommerce #Tendencias,1,0,0,0,0,0,0,0,1,,https://www.facebook.com/504840204987907/posts/708018758003383,1
1692583127699872_707586911379901,https://facebook.com/1692583127699872_707586911379901,1692583127699872,11 Jul 2023 07:11:00 AM,link,"? En el mundo digital actual, los pagos en línea son indispensables. Pero, ¿cómo evitar que tus potenciales compradores abandonen la página antes de finalizar la compra?

¡Aquí te damos cinco estrategias que te ayudarán a incrementar tus ventas en tu página web y generar confianza en tus clientes! ?https://zurl.co/rjEq 

#PagosEnLínea #VentasEnLínea #ExperienciaDelUsuario #Qpaypro",0,0,0,0,0,0,0,0,1,,https://l.facebook.com/l.php?u=https%3A%2F%2Fzurl.co%2FrjEq&h=AUChUh_em95MXITCtwkZGRfy-XCQx0Q3VebWd_Sjq-y9dpbMDLEHH6OYYtGJsUZ3T5SvCR-Elsbo-FPtIJSztOMRWKE4E9pI1mwQ2au6TQHXtXYibQNg5Fd1BNvfdxri&s=1,0
1692583127699872_707399971398595,https://facebook.com/1692583127699872_707399971398595,1692583127699872,10 Jul 2023 12:32:00 PM,photo,Impulsa tu negocio hoy mismo. ¡Comienza a enviar campañas de email con Qpaypro y alcanza nuevos niveles de éxito! #EmailMarketing #Qpaypro #Exito,0,0,0,0,0,0,0,0,1,,https://www.facebook.com/photo.php?fbid=707399954731930&set=a.504567235015204&type=3,0
1692583127699872_705367621601830,https://facebook.com/1692583127699872_705367621601830,1692583127699872,07 Jul 2023 11:05:09 AM,album,"? Descubre cómo potenciar tu estrategia de marketing con campañas de email. Con estas aplicaciones gratuitas, podrás conectar emocionalmente con tus clientes y aumentar tus seguidores. ¡Conviértete en un experto en el arte de la comunicación digital! #EmailMarketing ??

Solicita más información:
? PBX +(502) 2311-5001
? ventas@qpaypro.com 
? https://zurl.co/9DxD",4,0,0,0,0,0,0,0,1,,https://www.facebook.com/504840204987907/posts/705367621601830,4
1692583127699872_704119155060010,https://facebook.com/1692583127699872_704119155060010,1692583127699872,05 Jul 2023 04:30:00 PM,photo,"Recuerda que el servicio al cliente es una parte fundamental para llevar tu negocio en línea al éxito

#Qpaypro #ÉxitoNegocio #TiendaEnLínea",0,1,0,1,0,0,0,0,1,,https://www.facebook.com/photo.php?fbid=704119138393345&set=a.504567235015204&type=3,2
1692583127699872_700884135383512,https://facebook.com/1692583127699872_700884135383512,1692583127699872,30 Jun 2023 10:07:00 PM,photo,? Recuerda que en QpayPro aceptamos criptomonedas para que puedas disfrutar de una experiencia de compra sin complicaciones ? #qpaypro #criptomonedas #comprasonline,2,1,0,0,0,0,2,0,1,,https://www.facebook.com/photo.php?fbid=700884122050180&set=a.504567235015204&type=3,3
1692583127699872_700616908743568,https://facebook.com/1692583127699872_700616908743568,1692583127699872,30 Jun 2023 11:17:10 AM,album,"Atrae a más clientes, impulsa tu negocio y alcanza el éxito. ¡No esperes más, comienza hoy mismo! ?✨ #MarketingTips #SocialMediaStrategy #AtraerClientes #Guatemala #Emprendedores #ÉxitoComercial ??",3,0,0,0,0,0,0,0,1,,https://www.facebook.com/504840204987907/posts/700616908743568,3
1692583127699872_699982978806961,https://facebook.com/1692583127699872_699982978806961,1692583127699872,29 Jun 2023 12:07:00 PM,photo,Descubre cómo mejorar la imagen de tu negocio y atraer más clientes. Conoce más en nuestro blog. #MarketingDigital #DiseñoGráfico #Ventas ??,3,0,0,0,0,0,0,0,1,,https://www.facebook.com/photo.php?fbid=699982958806963&set=a.504567235015204&type=3,3
1692583127699872_698413445630581,https://facebook.com/1692583127699872_698413445630581,1692583127699872,27 Jun 2023 12:10:00 PM,photo,?? Paga con criptomonedas en un instante QpayPro te brinda total facilidad y seguridad con la variedad de métodos de pago  #criptos #qpaypro,1,0,0,0,0,0,0,0,1,,https://www.facebook.com/photo.php?fbid=698413418963917&set=a.504567235015204&type=3,1
1692583127699872_698296115642314,https://facebook.com/1692583127699872_698296115642314,1692583127699872,27 Jun 2023 08:37:00 AM,photo,¿Quieres saber más sobre el comercio electrónico en Guatemala? Aquí te compartimos algunas estadísticas importantes que debes conocer. ? #ComercioElectronico #Guatemala #DatosInteresantes #Qpaypro,4,0,0,0,0,0,0,0,1,,https://www.facebook.com/photo.php?fbid=698296098975649&set=a.504567235015204&type=3,4
1692583127699872_697784729026786,https://facebook.com/1692583127699872_697784729026786,1692583127699872,26 Jun 2023 03:18:09 PM,album,"Descubre cómo puedes impulsar tus ventas en línea con los mejores tips. 

#Qpaypro #Marketing #Guatemala",1,0,0,0,0,0,0,0,1,,https://www.facebook.com/504840204987907/posts/697784729026786,1
1692583127699872_695071869298072,https://facebook.com/1692583127699872_695071869298072,1692583127699872,22 Jun 2023 04:20:00 PM,photo,? Olvídate de los límites y disfruta de transacciones rápidas y seguras pagando con tus criptomonedas ? #qpaypro #criptomonedas #comprasonline,0,0,0,0,0,0,0,0,1,,https://www.facebook.com/photo.php?fbid=695071852631407&set=a.504567235015204&type=3,0
1692583127699872_694904842648108,https://facebook.com/1692583127699872_694904842648108,1692583127699872,22 Jun 2023 09:12:11 AM,album,¡Mantente al día con las últimas tendencias en medios de pago en línea! Descubre en este post lo que debes saber para mejorar tu negocio en línea. ? #MediosDePagoEnLinea #Tendencias #NegociosEnLinea #Qpaypro,2,0,0,0,0,0,0,0,1,,https://www.facebook.com/504840204987907/posts/694904842648108,2
1692583127699872_694347799370479,https://facebook.com/1692583127699872_694347799370479,1692583127699872,21 Jun 2023 10:52:00 AM,photo,?Las tarjetas de crédito son el método de pago más utilizado en línea ¡No te quedes atrás! #tendenciasdepago #ecommerce #Guatemala #Qpaypro,3,0,0,0,0,0,0,0,1,,https://www.facebook.com/photo.php?fbid=694347776037148&set=a.504567235015204&type=3,3
1692583127699872_694303882708204,https://facebook.com/1692583127699872_694303882708204,1692583127699872,21 Jun 2023 09:18:12 AM,video,"¿Estás buscando la mejor pasarela de pagos para tu negocio? En Qpaypro tenemos todas las herramientas para que puedas aceptar pagos en línea de manera rápida y segura.

#Qpaypro #PagosEnLínea #NegociosGuatemala ??",2,0,0,0,0,0,1,0,0,,https://www.facebook.com/504840204987907/videos/1260773831246146,2
1692583127699872_693243612814231,https://facebook.com/1692583127699872_693243612814231,1692583127699872,19 Jun 2023 10:45:00 AM,photo,? Descubre cómo Qpaypro puede ayudar a pequeños negocios a aceptar pagos en línea de manera fácil y segura. #pequeñosnegocios #Guatemala #Qpaypro,2,0,0,0,0,0,0,0,1,,https://www.facebook.com/photo.php?fbid=693243596147566&set=a.504567235015204&type=3,2
1692583127699872_691098816362044,https://facebook.com/1692583127699872_691098816362044,1692583127699872,15 Jun 2023 11:43:03 PM,photo,"¡Descubre el poder del comercio en línea en Guatemala! ???? ¿Eres un emprendedor en busca de nuevas oportunidades? ¡Únete a Qpaypro y lleva tu negocio al siguiente nivel! ?? 

#ComercioEnLínea #Oportunidades #Qpaypro #Guatemala",2,0,0,0,0,0,0,0,1,,https://www.facebook.com/photo.php?fbid=691098803028712&set=a.504567235015204&type=3,2
1692583127699872_689412773197315,https://facebook.com/1692583127699872_689412773197315,1692583127699872,13 Jun 2023 08:22:29 AM,photo,?? Descubre cómo aceptar pagos con tarjeta nunca ha sido tan fácil y seguro como con Qpaypro. #pasareladepagos #Guatemala #negocios #emprendedores #Qpaypro,1,0,0,0,0,0,0,0,1,,https://www.facebook.com/photo.php?fbid=689412756530650&set=a.504567235015204&type=3,1
1692583127699872_688861936585732,https://facebook.com/1692583127699872_688861936585732,1692583127699872,12 Jun 2023 11:44:31 AM,video,¡Bienvenidos al universo Qpaypro! Conoce más sobre nosotros y descubre por qué somos la mejor opción para aceptar pagos con tarjeta en línea. ? #Qpaypro #PasarelaDePagos #Guatemala #Emprendimiento,7,0,0,0,0,0,0,0,0,,https://www.facebook.com/504840204987907/videos/2819431958192503,7
1692583127699872_686839850121274,https://facebook.com/1692583127699872_686839850121274,1692583127699872,09 Jun 2023 12:20:30 PM,photo,"El comercio electrónico está experimentando un crecimiento sin precedentes, y en Qpaypro estamos emocionados de ser parte de esta tendencia. ??

Este impresionante aumento en las compras en línea refleja la creciente confianza de los consumidores en el comercio electrónico y la conveniencia que ofrece. Desde ropa y electrónicos hasta alimentos y servicios, las compras en línea brindan comodidad y acceso a una amplia variedad de productos y servicios, ¡todo desde la comodidad de tu hogar!. 

#Curiosidades #ComercioElectrónico #MarketingDigital ?️?",2,0,0,0,0,0,0,0,1,,https://www.facebook.com/photo.php?fbid=686839716787954&set=a.504567235015204&type=3,2
1692583127699872_686196826852243,https://facebook.com/1692583127699872_686196826852243,1692583127699872,08 Jun 2023 02:42:39 PM,video,¿Estás buscando la mejor pasarela de pagos para tu negocio? En Qpaypro tenemos todas las herramientas para que puedas aceptar pagos en línea de manera rápida y segura. ¡Conócenos! #Qpaypro #PagosEnLínea #NegociosGuatemala ???,7,1,0,0,0,0,0,0,0,,https://www.facebook.com/504840204987907/videos/3377364392576452,8
1692583127699872_684321980373061,https://facebook.com/1692583127699872_684321980373061,1692583127699872,05 Jun 2023 04:42:09 PM,link,"? En medio de los cambios y crisis, los negocios latinoamericanos han demostrado una increíble adaptabilidad y resiliencia. ?✨ Descubre por qué la decisión de incorporarse a los pagos electrónicos es crucial para su éxito y supervivencia. ??

Conoce más en nuestro blog ?  https://zurl.co/8mq2  

#Adaptabilidad #PagosElectrónicos #ÉxitoComercial",57,0,0,0,0,0,0,0,0,,https://l.facebook.com/l.php?u=https%3A%2F%2Fwww.qpaypro.com%2Fuso-del-dinero-por-parte-del-consumidor-latinoamericano-moderno%2F&h=AUB2Hf2NDudoR2Nso2i1P4sAPmxwbb0qPD6ewLxZm9wavRse80A9sKYbqqx4IE1EbIoSP3i7-GcaTVd6r1BtFoS5yRkrHAW9aVHwyFldxgMJ4Xl1MI4F5LDCJCe0-yAs&s=1,57
1692583127699872_682432987228627,https://facebook.com/1692583127699872_682432987228627,1692583127699872,02 Jun 2023 04:46:00 PM,photo,?? Descubre cómo aceptar pagos con tarjeta nunca ha sido tan fácil y seguro como con Qpaypro. #pasareladepagos #Guatemala #negocios #emprendedores #Qpaypro,4,0,0,0,0,0,0,0,0,,https://www.facebook.com/photo.php?fbid=682432970561962&set=a.504567235015204&type=3,4
1692583127699872_659399162865343,https://facebook.com/1692583127699872_659399162865343,1692583127699872,28 Apr 2023 02:59:00 PM,photo,"Con Qpaypro, tus ventas en línea no tendrán límites. ¡Haz que tu negocio crezca y llegue a más clientes! ?? 

Solicita más información:
?  PBX +(502) 2311-5001
? ventas@qpaypro.com
? www.qpaypro.com 

#Qpaypro #ventasenlínea #pagosenlínea #ecommerce",0,0,0,0,0,0,0,0,0,,https://www.facebook.com/photo.php?fbid=659399149532011&set=a.504567235015204&type=3,0
1692583127699872_657317533073506,https://facebook.com/1692583127699872_657317533073506,1692583127699872,25 Apr 2023 02:56:00 PM,photo,"¿Quieres llevar tu negocio al siguiente nivel? ¡Haz crecer tus ventas en línea con Qpayshop! Crea tu tienda en línea en minutos y comienza a vender de manera exitosa. ??️?  

Solicita más información:
?  PBX +(502) 2311-5001
? ventas@qpaypro.com
? www.qpaypro.com 

#Qpayshop #tiendaenlinea #negocioenlinea #ecommerce",3,0,0,0,0,0,0,0,0,,https://www.facebook.com/photo.php?fbid=657317506406842&set=a.504567235015204&type=3,3
1692583127699872_654154026723190,https://facebook.com/1692583127699872_654154026723190,1692583127699872,20 Apr 2023 09:54:00 AM,photo,"¡Marca la diferencia en línea con una tienda personalizada! Crea tu tienda en línea con Qpayshop y crea una experiencia de compra única para tus clientes. 

Solicita más información:
?  PBX +(502) 2311-5001
? ventas@qpaypro.com
? www.qpaypro.com 

#ecommerce #tiendaenlinea #Qpaypro",0,0,0,0,0,0,0,0,0,,https://www.facebook.com/photo.php?fbid=654154006723192&set=a.504567235015204&type=3,0
1692583127699872_652386573566602,https://facebook.com/1692583127699872_652386573566602,1692583127699872,17 Apr 2023 02:09:32 PM,link,"¿Sabías que la satisfacción del cliente no solo se relaciona con la calidad del producto o servicio? También influye el sentimiento de ser valorado durante la compra y la personalización en la experiencia. Por eso, es importante que las empresas conozcan a su público más allá de los datos demográficos. 

Conoce como una buena experiencia de compra impacta positivamente en los consumidores de Guatemala en este articulo ? https://www.qpaypro.com/la-estrategia-de-personalizacion-en-la-experiencia-de-compra-para-impulsar-las-ventas-en-linea/ 

#Qpaypro #Blog #ExperienciaDeCompra #eCommerce #Guatemala",193,0,0,0,0,0,0,0,0,,https://l.facebook.com/l.php?u=https%3A%2F%2Fwww.qpaypro.com%2Fla-estrategia-de-personalizacion-en-la-experiencia-de-compra-para-impulsar-las-ventas-en-linea%2F&h=AUCR0xmYjADx0hJqN0m9hrm-2O6_dHkBG5cMQY53HZWmP-zIbTDtKt8jstUEblRKgEtP9BxeFrllxprCT1OV_3WnDY586_V4tF4zV2oCiIXo9PUGgGVMDivGZYf6Uuib&s=1,193
1692583127699872_652377283567531,https://facebook.com/1692583127699872_652377283567531,1692583127699872,17 Apr 2023 01:47:00 PM,photo,"¿Quieres que tu negocio se mantenga a la vanguardia en el mundo de las ventas en línea? ¡Qpaypro es la plataforma líder en pagos en línea que necesitas! Con Qpaypro, puedes aceptar pagos de todas las marcas de tarjetas de crédito y débito, así como criptomonedas también. Además, nuestra plataforma Qpayshop te permite crea tu la tienda en línea ideal para tu negocio emergente. ¿Qué esperas para unirte a la red de comercio electrónico más grande de Guate.

Solicita más información:
?  PBX +(502) 2311-5001
? ventas@qpaypro.com
? www.qpaypro.com 

 #Qpaypro #PlataformaLíder #PagosEnLínea #VenderEnLínea #ProcesamientoDePagos #SeguridadEnLínea #GestiónDeTransacciones",2,0,0,0,0,0,0,0,0,,https://www.facebook.com/photo.php?fbid=652377270234199&set=a.504567235015204&type=3,2
1692583127699872_650429497095643,https://facebook.com/1692583127699872_650429497095643,1692583127699872,14 Apr 2023 10:41:41 AM,photo,"¿Quieres aumentar tus ventas y llegar a más clientes? Acepta pagos con las tarjetas más populares de Guatemala y el mundo desde  Q55 al mes. Únete y descubre cómo puedes hacer crecer tu negocio.

Cónoce nuestros planes? www.qpaypro.com/payments",46,1,0,0,0,0,0,1,2,,https://www.facebook.com/photo.php?fbid=650429477095645&set=a.504567235015204&type=3,47
1692583127699872_649572490514677,https://facebook.com/1692583127699872_649572490514677,1692583127699872,13 Apr 2023 11:43:00 AM,photo,"Ofrecemos una amplia variedad de plantillas personalizables para que puedas crear una tienda en línea que refleje la identidad de tu marca. Además, nuestra plataforma cuenta con todas las herramientas necesarias para gestionar tu inventario, procesar pagos en línea de forma segura y confiable, y mucho más. ¡Crea hoy mismo tu tienda en línea con Qpayshop!

Solicita más información:
?  PBX +(502) 2311-5001
? ventas@qpaypro.com

#Qpayshop #TiendaEnLínea #Ecommerce #FacilitaTusVentas #CreaTuTiendaEnLínea 
? www.qpaypro.com",1,0,0,0,0,0,0,0,0,,https://www.facebook.com/photo.php?fbid=649572473848012&set=a.504567235015204&type=3,1
1692583127699872_647812274024032,https://facebook.com/1692583127699872_647812274024032,1692583127699872,10 Apr 2023 03:06:00 PM,photo,"¿Te preocupa la seguridad de tus ventas en línea? En Qpaypro, entendemos lo importante que es para ti proteger tu negocio y tus clientes. Es por eso que ofrecemos una plataforma de pagos en línea segura y confiable que te brinda tranquilidad y te permite concentrarte en hacer crecer tu negocio.

Solicita más información:
?  PBX +(502) 2311-5001
? ventas@qpaypro.com
? www.qpaypro.com 

 #Qpaypro #PagosEnLínea #Seguridad #ProtecciónDeVentas #Emprendimiento #NegociosEnLínea #Confianza",2,0,0,0,0,0,0,0,0,,https://www.facebook.com/photo.php?fbid=647951280676798&set=a.504567235015204&type=3,2
1692583127699872_644536301018296,https://facebook.com/1692583127699872_644536301018296,1692583127699872,05 Apr 2023 09:03:00 AM,photo,"¿Quieres vender más en línea? Trabaja junto a los expertos en e-commerce de Qpaypro. Nuestra plataforma de pagos en línea te brinda herramientas y recursos para mejorar tu experiencia de venta en línea, lo que puede aumentar tus ingresos y mejorar la satisfacción del cliente. Además, nuestro equipo de soporte está siempre disponible para ayudarte con cualquier pregunta o problema que puedas tener. Con Qpaypro, puedes enfocarte en hacer crecer tu negocio en línea mientras nosotros nos aseguramos de que todo funcione sin problemas. ¡Únete a la revolución de los pagos en línea con Qpaypro !

Solicita más información:
?  PBX +(502) 2311-5001
? ventas@qpaypro.com
? www.qpaypro.com 

#Qpaypro #PagosEnLínea #Facilidad #Seguridad #Emprendimiento #NegociosEnLínea #ExpertosEnEcommerce #VentasEnLínea",13,1,0,0,0,0,1,0,1,,https://www.facebook.com/photo.php?fbid=644536287684964&set=a.504567235015204&type=3,14
1692583127699872_643329494472310,https://facebook.com/1692583127699872_643329494472310,1692583127699872,03 Apr 2023 10:29:00 AM,photo,"?¡Buenas noticias para nuestros usuarios de WooCommerce! Acabamos de lanzar una actualización de nuestro plugin para esta plataforma. ¡La versión 2.0 ya está disponible para descargar! Con esta actualización, podrás aceptar pagos en línea de forma rápida y segura en tu tienda en línea de WooCommerce. Además, nuestro plugin es fácil de instalar y configurar, lo que significa que podrás empezar a aceptar pagos en línea en cuestión de minutos. ¡No esperes más para mejorar la experiencia de compra de tus clientes en línea! 

Descarga ahora nuestro plugin WooCommerce versión 2.0 de Qpaypro aquí ? https://zurl.co/7I9W 

#Qpaypro #WooCommerce #PagosEnLínea #Actualización #MejoraTuNegocioEnLínea",0,0,0,0,0,0,0,0,0,,https://www.facebook.com/photo.php?fbid=643329477805645&set=a.504567235015204&type=3,0
1692583127699872_641011168037476,https://facebook.com/1692583127699872_641011168037476,1692583127699872,30 Mar 2023 12:01:00 PM,photo,"Administra tu tienda con nuestras Apps móviles, para que puedas vender y administrar tus productos, únete a las cientos de miles de pequeñas empresas que han confiado en la plataforma más segura Qpayshop para vender en línea.

Solicita más información:
?  PBX +(502) 2311-5001
? ventas@qpaypro.com
? www.qpaypro.com

  #Qpaypro #PasarelaDePago #Soluciones #Innovación",0,0,0,0,0,0,0,0,0,,https://www.facebook.com/photo.php?fbid=641011154704144&set=a.504567235015204&type=3,0
1692583127699872_639295224875737,https://facebook.com/1692583127699872_639295224875737,1692583127699872,27 Mar 2023 01:03:00 PM,photo,"Con nuestro sistema tus clientes pueden registrar sus tarjetas de crédito o débito para generar sus pagos automáticos de una forma fácil, rápida y segura.??

Solicita más información:
?  PBX +(502) 2311-5001
? ventas@qpaypro.com
? www.qpaypro.com

 #Qpaypro #PasarelaDePago #Soluciones #Innovación",1,0,0,0,0,0,0,0,0,,https://www.facebook.com/photo.php?fbid=639295208209072&set=a.504567235015204&type=3,1
1692583127699872_636209248517668,https://facebook.com/1692583127699872_636209248517668,1692583127699872,22 Mar 2023 11:02:00 AM,photo,"Recibe pagos con tarjetas de crédito y débito desde cualquier parte del mundo disfrutando de la comodidad y seguridad de nuestra pasarela de pagos. ??

✅Visa
✅Master card
✅American Express

Solicita más información:
?  PBX +(502) 2311-5001
? ventas@qpaypro.com
? www.qpaypro.com

 #Qpaypro #PasarelaDePago #Soluciones #Innovación",2,0,0,0,0,0,1,1,0,,https://www.facebook.com/photo.php?fbid=636209231851003&set=a.504567235015204&type=3,2
1692583127699872_633675718771021,https://facebook.com/1692583127699872_633675718771021,1692583127699872,18 Mar 2023 09:09:00 AM,photo,"El éxito de tu negocio está en su correcta administración.  Es por eso que con QPayShop podrás mantener el control total de tu tienda en línea desde la palma de tu mano con nuestras APPs móviles. ??

Ahora podrás:
✅Vender 
✅Administrar tus ordenes de compra 
✅Manejar catálogos 
✅Enviar cupones y más desde cualquier lugar del planeta.

Solicita más información:

?  PBX +(502) 2311-5001
? ventas@qpaypro.com
? www.qpaypro.com

 #Qpaypro #PasarelaDePago #Soluciones #Innovación",0,0,0,0,0,0,0,0,0,,https://www.facebook.com/photo.php?fbid=633675702104356&set=a.504567235015204&type=3,0
1692583127699872_633113925493867,https://facebook.com/1692583127699872_633113925493867,1692583127699872,17 Mar 2023 12:02:00 PM,photo,"Qpaybilling administra tus cobros recurrentes a las tarjetas de crédito o débito y envía un recordatorio a tus clientes de manera automática.??

Más información:
?  PBX +(502) 2311-5001
? ventas@qpaypro.com
? www.qpaypro.com

 #Qpaypro #PasarelaDePago #Soluciones #Innovación",0,0,0,0,0,0,0,0,0,,https://www.facebook.com/photo.php?fbid=633113895493870&set=a.504567235015204&type=3,0
1692583127699872_630640129074580,https://facebook.com/1692583127699872_630640129074580,1692583127699872,13 Mar 2023 02:09:01 PM,photo,"Potencia el crecimiento de tu negocio brindando distintas soluciones de pago a tus clientes. ??

✅Pagos con tarjeta
✅Links de pago
✅Pos virtual
✅Pagos QR
✅Checkout page y más.

Comunícate para más información:
?  PBX +(502) 2311-5001
? ventas@qpaypro.com
? www.qpaypro.com

 #Qpaypro #PasarelaDePago #Soluciones #Innovación",4,0,0,0,0,0,0,0,0,,https://www.facebook.com/photo.php?fbid=630640112407915&set=a.504567235015204&type=3,4
1692583127699872_627380199400573,https://facebook.com/1692583127699872_627380199400573,1692583127699872,08 Mar 2023 03:03:00 PM,photo,"Te ofrecemos todas las herramientas para administrar tu tienda en línea de forma rápida, segura y exitosa.??️

✅Administra tus productos y categorías
✅Agrega tus métodos de envío fácilmente
✅Configura tus métodos de pago

Contáctanos para más información:
?  PBX +(502) 2311-5001
? ventas@qpaypro.com
? www.qpaypro.com

  #Qpaypro #PasarelaDePago #Soluciones #Innovación",2,0,0,0,0,0,0,0,0,,https://www.facebook.com/photo.php?fbid=627380186067241&set=a.504567235015204&type=3,2
1692583127699872_625944972877429,https://facebook.com/1692583127699872_625944972877429,1692583127699872,06 Mar 2023 11:01:04 AM,photo,"Qpaybilling automatiza los cobros recurrentes y suscripciones de tus clientes y les envía el detalle de manera automática.??

Comunícate para más información:
?  PBX +(502) 2311-5001
? ventas@qpaypro.com
? www.qpaypro.com

 #Qpaypro #PasarelaDePagos #TiendaEnLinea #PagosFaciles",1,0,0,0,0,0,0,0,0,,https://www.facebook.com/photo.php?fbid=625944956210764&set=a.504567235015204&type=3,1
1692583127699872_623770866428173,https://facebook.com/1692583127699872_623770866428173,1692583127699872,03 Mar 2023 01:01:01 PM,photo,"Incrementa la eficiencia de tu negocio  desde aumentar tus ventas, hasta mejorar la seguridad de cada transacción con los servicios de Qpaypro.
Solicita más información:

?  PBX +(502) 2311-5001
? ventas@qpaypro.com
? www.qpaypro.com
 
 #Qpaypro #PasarelaDePago #Soluciones #Innovación",1,0,0,0,0,0,0,0,0,,https://www.facebook.com/photo.php?fbid=623770849761508&set=a.504567235015204&type=3,1
1692583127699872_898705968045689,https://facebook.com/1692583127699872_898705968045689,1692583127699872,01 Mar 2023 02:21:22 PM,photo,,0,0,0,0,0,0,1,0,0,,https://www.facebook.com/qpaypro,0
1692583127699872_621776696627590,https://facebook.com/1692583127699872_621776696627590,1692583127699872,28 Feb 2023 12:07:00 PM,photo,"?? ¡Incrementa el valor de tu negocio!

Trabajamos para brindarte las mejores herramientas de cobro para automatizar tus procesos. ?✅

Confía en Qpaypro y facilita el proceso de pago a tus clientes por medio de sus tarjetas de crédito o débito.

Solicita más información:

?  PBX +(502) 2311-5001
? ventas@qpaypro.com
? www.qpaypro.com
 
 #Qpaypro #PasarelaDePago #Soluciones #Innovación",1,0,0,0,0,0,4,0,0,,https://www.facebook.com/photo.php?fbid=621776673294259&set=a.504567235015204&type=3,1
1692583127699872_618340183637908,https://facebook.com/1692583127699872_618340183637908,1692583127699872,23 Feb 2023 01:05:00 PM,photo,"?? Generar y administrar pagos recurrentes nunca fue tan fácil.

Beneficios de Qpaybilling:

✅ Tus clientes se suscriben y administran su suscripción.
✅ Envía links de suscripción.
✅ Administra cobros complementarios  y cupones.
✅ Crea planes de suscripción asociados a tu producto.
✅ Carga productos y personaliza tu página de suscripción.

Solicita más información:

?  PBX +(502) 2311-5001
? ventas@qpaypro.com
? www.qpaypro.com

  #Qpaypro #PasarelaDePago #Soluciones #Innovación",0,0,0,0,0,0,0,1,0,,https://www.facebook.com/photo.php?fbid=618340163637910&set=a.504567235015204&type=3,0
1692583127699872_615981547207105,https://facebook.com/1692583127699872_615981547207105,1692583127699872,20 Feb 2023 11:05:00 AM,photo,"Permite a tus clientes suscribirse a tu servicio de una forma fácil y rápida, esto gracias a las páginas de compra de suscripción alojadas dentro de Qpaypro. ??

Estamos esperando por ti para innovar tu negocio.

Consulta tus requisitos:

?  PBX +(502) 2311-5001
? ventas@qpaypro.com
? www.qpaypro.com

 #Qpaypro #PasarelaDePago #Soluciones #Innovación",0,0,0,0,0,0,0,0,0,,https://www.facebook.com/photo.php?fbid=615981527207107&set=a.504567235015204&type=3,0
1692583127699872_614643607340899,https://facebook.com/1692583127699872_614643607340899,1692583127699872,18 Feb 2023 02:02:00 PM,photo,"¡Seguimos innovando! ???

En Qpaypro más que ofrecerte una plataforma de pagos te brindamos soluciones completas para impulsar tus ventas en línea.??

¿Aún no te afilias?

?  PBX +(502) 2311-5001
? ventas@qpaypro.com
? www.qpaypro.com
 
 #Qpaypro #PasarelaDePago #Soluciones #Innovación",1,0,0,0,0,0,1,0,0,,https://www.facebook.com/photo.php?fbid=614643590674234&set=a.504567235015204&type=3,1
1692583127699872_611564520982141,https://facebook.com/1692583127699872_611564520982141,1692583127699872,14 Feb 2023 11:59:00 AM,photo,"Ahorra tiempo y procesos, con Qpaybilling encuentras todas las herramientas que necesitas para hacer de tus pagos frecuentes algo fácil y rápido. ??

¡Afíliate y optimiza tu negocio hoy mismo!

Más información:

?  PBX +(502) 2311-5001
? ventas@qpaypro.com
? www.qpaypro.com
 
 #Qpaypro #PasarelaDePago #Soluciones #Innovación",2,0,0,0,0,0,0,0,0,,https://www.facebook.com/photo.php?fbid=611564497648810&set=a.504567235015204&type=3,2
1692583127699872_608688697936390,https://facebook.com/1692583127699872_608688697936390,1692583127699872,10 Feb 2023 03:08:01 PM,photo,"Qpaypro posee todas las herramientas que necesitas para montar tu tienda en línea de forma rápida, sencilla y exitosa. ??

Afíliate hoy y descubre todos los beneficios que tenemos para ti y tu negocio.

Contáctanos para más información:

?  PBX +(502) 2311-5001
? ventas@qpaypro.com
? www.qpaypro.com",1,0,0,0,0,0,0,0,0,,https://www.facebook.com/photo.php?fbid=608688681269725&set=a.504567235015204&type=3,1
1692583127699872_605573928247867,https://facebook.com/1692583127699872_605573928247867,1692583127699872,06 Feb 2023 11:05:01 AM,photo,"☝?? Hemos desarrollado para tu Empresa la mejor herramienta para generar tus cobros recurrentes.

Ya no te esfuerces enviando recordatorios de pago o realizando llamadas de cobro, descubre cómo Qpaypro facilita tus procesos.

Comunícate para más información:

?  PBX +(502) 2311-5001
? ventas@qpaypro.com
? www.qpaypro.com",1,0,0,0,0,0,0,0,0,,https://www.facebook.com/photo.php?fbid=605573908247869&set=a.504567235015204&type=3,1
1692583127699872_601931718612088,https://facebook.com/1692583127699872_601931718612088,1692583127699872,01 Feb 2023 02:55:00 PM,photo,"Qpaypro te brinda todas las soluciones que necesitas para facilitar los pagos de tus clientes y optimizar tus ventas.

✅PAGOS CON TARJETA
✅LINKS DE PAGO
✅POS VIRTUAL
✅PAGOS QR
✅CHECKOUT PAGE Y MÁS.

Solicita más información:

?  PBX +(502) 2311-5001
? ventas@qpaypro.com
? www.qpaypro.com",1,0,0,0,0,0,0,0,0,,https://www.facebook.com/photo.php?fbid=601931691945424&set=a.504567235015204&type=3,1
1692583127699872_598993985572528,https://facebook.com/1692583127699872_598993985572528,1692583127699872,28 Jan 2023 01:15:00 PM,photo,"Qpaypro es la primera plataforma que facilita pagos electrónicos para empresa con la visión de facilitar e incentivar el comercio electrónico en Guatemala.

Solicita más información:

?  PBX +(502) 2311-5001
? ventas@qpaypro.com
? www.qpaypro.com
 
 #Qpaypro #PasarelaDePagos #TiendaEnLinea #PagosFaciles",2,0,0,0,0,0,0,0,0,,https://www.facebook.com/photo.php?fbid=598993965572530&set=a.504567235015204&type=3,2
1692583127699872_596055415866385,https://facebook.com/1692583127699872_596055415866385,1692583127699872,24 Jan 2023 10:54:07 AM,link,"¿Quieres entender a la Generación Z y adaptar tu estrategia de marketing a sus necesidades?

La segmentación generacional se ha vuelto cada vez más importante con el desarrollo de internet y la Generación Z, también conocida como Zellennials, es la primera generación verdaderamente ""hiperconectada"". Estos jóvenes son muy conscientes de las ventajas de los pagos electrónicos, crecieron con padres que ya utilizaban tarjetas de crédito y están dispuestos a utilizar criptomonedas. 

Los negocios que demuestran flexibilidad en sus métodos de pago son los que generan más valor. 

¡Únete a Qpaypro y lleva tu negocio al siguiente nivel!
#Qpaypro #GeneracionZ #PagosElectronicos",2,0,0,0,0,0,0,0,0,,https://l.facebook.com/l.php?u=https%3A%2F%2Fwww.qpaypro.com%2Fdescubre-las-tendencias-de-consumo-de-la-generacion-z%2F&h=AUAlczEXJa4fufeCOhifcgvJX5x9DfGidHXMsoneSLxiW4XCja_NxC9wxGAM-LsjNLwjOc2sESEnOoPcZrQd8EhfKiYMAen4nOEWuSVCFHiQX8c4FiebXN0-JNOpRAtZ&s=1,2
1692583127699872_591184259686834,https://facebook.com/1692583127699872_591184259686834,1692583127699872,17 Jan 2023 12:15:00 PM,photo,"Impulsamos el crecimiento de los negocios ayudando a nuestros comercios afiliados a facilitar el pago en línea de sus clientes, en sus diferentes canales de venta.. ??

Solicita más información:

?  PBX +(502) 2311-5001
? ventas@qpaypro.com
? www.qpaypro.com

  #Qpaypro #PasarelaDePagos #TiendaEnLinea #PagosFaciles",1,0,0,0,0,0,0,0,0,,https://www.facebook.com/photo.php?fbid=591184233020170&set=a.504567235015204&type=3,1
1692583127699872_588293303309263,https://facebook.com/1692583127699872_588293303309263,1692583127699872,13 Jan 2023 12:01:00 PM,photo,"En Qpaypro creamos experiencias de pago fáciles e innovadoras?

Más información:

?  PBX +(502) 2311-5001
? ventas@qpaypro.com
? www.qpaypro.com
 
 #Qpaypro #PasarelaDePagos #TiendaEnLinea #PagosFaciles",1,0,0,0,0,0,2,0,0,,https://www.facebook.com/photo.php?fbid=588293286642598&set=a.504567235015204&type=3,1
1692583127699872_585399730265287,https://facebook.com/1692583127699872_585399730265287,1692583127699872,09 Jan 2023 12:01:00 PM,photo,"Velamos por el crecimiento de tu negocio, es por eso que tu afiliación viene con grandes beneficios que potencializan tus ventas y mejorar tu negocio.. ??

Contáctanos para más información:

?  PBX +(502) 2311-5001
? ventas@qpaypro.com
? www.qpaypro.com

  #Qpaypro #PasarelaDePagos #TiendaEnLinea #PagosFaciles",0,0,0,0,0,0,0,0,0,,https://www.facebook.com/photo.php?fbid=585399706931956&set=a.504567235015204&type=3,0
1692583127699872_582607787211148,https://facebook.com/1692583127699872_582607787211148,1692583127699872,05 Jan 2023 01:07:01 PM,photo,"Vende desde tu propia tienda en línea con el respaldo de expertos.

Facilitamos tus formas de pago para que tu clientes sigan comprando y comprando. ??

Comunícate para más información:

?  PBX +(502) 2311-5001
? ventas@qpaypro.com
? www.qpaypro.com
 

 #Qpaypro #PasarelaDePagos #TiendaEnLinea #PagosFaciles",2,0,0,0,0,0,0,0,0,,https://www.facebook.com/photo.php?fbid=582607770544483&set=a.504567235015204&type=3,2
1692583127699872_579857680819492,https://facebook.com/1692583127699872_579857680819492,1692583127699872,01 Jan 2023 02:01:00 PM,photo,"Somos más que una plataforma de pagos  en línea.

Descubre grandes beneficios al aceptar pagos en línea a través de Qpaypro.. ?✅

Consulta tus requisitos:
 PBX +(502) 2311-5001
 ventas@qpaypro.com
www.qpaypro.com 

 #Qpaypro #PasarelaDePagos #TiendaEnLinea #PagosFaciles",0,1,0,0,0,0,0,0,0,,https://www.facebook.com/photo.php?fbid=579857654152828&set=a.504567235015204&type=3,1
1692583127699872_578911257580801,https://facebook.com/1692583127699872_578911257580801,1692583127699872,31 Dec 2022 10:03:00 AM,photo,"Que los logros de este año sean solo las semillas que serán plantadas para cosechar con gran éxito en este año venidero.

¡Feliz Año Nuevo 2023!",0,0,0,0,0,0,0,0,0,,https://www.facebook.com/photo.php?fbid=578911230914137&set=a.504567235015204&type=3,0
1692583127699872_576692231136037,https://facebook.com/1692583127699872_576692231136037,1692583127699872,28 Dec 2022 01:03:00 PM,photo,"QPayShop te permite ofrecer un correcto
seguimiento y comunicación a tu cliente en todo el proceso de compra, generando confianza y mejorando su experiencia de compra.

Solicita más información:

?  PBX +(502) 2311-5001
? ventas@qpaypro.com
? www.qpaypro.com

  #Qpaypro #PasarelaDePagos #TiendaEnLinea #PagosFaciles",1,0,0,0,0,0,0,0,0,,https://www.facebook.com/photo.php?fbid=576692217802705&set=a.504567235015204&type=3,1
1692583127699872_574257021379558,https://facebook.com/1692583127699872_574257021379558,1692583127699872,25 Dec 2022 10:13:02 AM,photo,"Que la paz y la armonía reinen en cada uno de sus hogares y estén presentes en cada uno de los días de este nuevo año.

¡Feliz Navidad y felices fiestas!",1,1,0,0,0,0,0,0,0,,https://www.facebook.com/photo.php?fbid=574257001379560&set=a.504567235015204&type=3,2
1692583127699872_567116115426982,https://facebook.com/1692583127699872_567116115426982,1692583127699872,17 Dec 2022 11:01:00 AM,photo,"Afíliate a Qpaypro y configura tus métodos de pago. Acepta pagos con tarjeta de débito o crédito fácilmente. ??
Solicita más información:

?  PBX +(502) 2311-5001
? ventas@qpaypro.com
? www.qpaypro.com

  #Qpaypro #PasarelaDePagos #TiendaEnLinea #PagosFaciles",2,0,0,0,0,1,1,0,0,,https://www.facebook.com/photo.php?fbid=567116082093652&set=a.504567235015204&type=3,3
1692583127699872_563386642466596,https://facebook.com/1692583127699872_563386642466596,1692583127699872,13 Dec 2022 11:58:00 AM,photo,"Afíliate a Qpaypro y descubre lo fácil y práctico que es vender y aceptar pagos con las diferentes marcas de tarjeta de Crédito y Dedito y facilitar las compras de tus clientes. ??

Más información:

?  PBX +(502) 2311-5001
? ventas@qpaypro.com
? www.qpaypro.com

 #Qpaypro #PasarelaDePagos #TiendaEnLinea #PagosFaciles",1,0,0,0,0,1,0,1,0,,https://www.facebook.com/photo.php?fbid=563386619133265&set=a.504567235015204&type=3,2
1692583127699872_559701909501736,https://facebook.com/1692583127699872_559701909501736,1692583127699872,09 Dec 2022 11:55:00 AM,photo,"Qpaypro posee todas las herramientas que necesitas para montar tu tienda en línea de forma rápida, sencilla y exitosa. ??

Afíliate hoy y descubre todos los beneficios que tenemos para ti y tu negocio.

Contáctanos para más información:

?  PBX +(502) 2311-5001
? ventas@qpaypro.com
? www.qpaypro.com

 #Qpaypro #PasarelaDePagos #TiendaEnLinea #PagosFaciles",2,0,0,0,0,0,0,0,2,,https://www.facebook.com/photo.php?fbid=559701886168405&set=a.504567235015204&type=3,2
1692583127699872_557366979735229,https://facebook.com/1692583127699872_557366979735229,1692583127699872,06 Dec 2022 03:42:03 PM,photo,"Qpaypro es la solución que necesitas para incrementar las ventas de tu Tienda en Línea.

Facilitamos tus formas de pago para que tu clientes sigan comprando y comprando. ??

Comunícate para más información:

?  PBX +(502) 2311-5001
? ventas@qpaypro.com
? www.qpaypro.com

  #Qpaypro #PasarelaDePagos #Innovacion #PagosFaciles",0,0,0,0,0,0,0,1,8,,https://www.facebook.com/photo.php?fbid=557366956401898&set=a.504567235015204&type=3,0
1692583127699872_553366673468593,https://facebook.com/1692583127699872_553366673468593,1692583127699872,01 Dec 2022 01:59:36 PM,photo,"Trabajamos para brindarte las mejores herramientas de cobro para automatizar tu negocio. ?✅

Confía en Qpaypro y facilita el proceso de pago a tus clientes por medio de sus tarjetas de crédito o débito.

Consulta tus requisitos:

?  PBX +(502) 2311-5001
? ventas@qpaypro.com
? www.qpaypro.com

 #Qpaypro #PasarelaDePagos #TiendaEnLinea #PagosFaciles",1,0,0,0,0,0,1,0,0,,https://www.facebook.com/photo.php?fbid=553366653468595&set=a.504567235015204&type=3,1
1692583127699872_551791396959454,https://facebook.com/1692583127699872_551791396959454,1692583127699872,29 Nov 2022 01:49:00 PM,photo,"?? ¡Despega hoy el crecimiento de tu negocio!

En Qpaypro encuentras todas las soluciones que necesitas para facilitar los pagos de tus clientes y optimizar tus ventas.

✅PAGOS CON TARJETA
✅LINKS DE PAGO
✅POS VIRTUAL
✅PAGOS QR
✅CHECKOUT PAGE Y MÁS.

Solicita más información:

?  PBX +(502) 2311-5001
? ventas@qpaypro.com
? www.qpaypro.com

 #Qpaypro #PasarelaDePagos #TiendaEnLinea #PagosFaciles",0,0,0,0,0,0,0,0,0,,https://www.facebook.com/photo.php?fbid=551791380292789&set=a.504567235015204&type=3,0
1692583127699872_548716957266898,https://facebook.com/1692583127699872_548716957266898,1692583127699872,25 Nov 2022 12:01:00 PM,photo,"?? Generar y administrar pagos recurrentes nunca fue tan fácil.

Con nuestro sistema tus clientes pueden registrar sus tarjetas de crédito o débito para generar sus pagos, descubre cómo Qpaypro te facilita la vida. 

Solicita más información:

?  PBX +(502) 2311-5001
? ventas@qpaypro.com
? www.qpaypro.com
 
? www.qpaypro.com",1,0,0,0,0,0,0,0,0,,https://www.facebook.com/photo.php?fbid=548716940600233&set=a.504567235015204&type=3,1
1692583127699872_545633310908596,https://facebook.com/1692583127699872_545633310908596,1692583127699872,21 Nov 2022 03:06:00 PM,album,"¿Y tú ya conocías todos estos beneficios?

Estamos esperando por ti para innovar tu negocio. ☝???

Consulta tus requisitos:

?  PBX +(502) 2311-5001
? ventas@qpaypro.com
? www.qpaypro.com

#Qpaypro
#PasarelaDePago
#Soluciones
#Innovación",0,0,0,0,0,0,1,1,0,,https://www.facebook.com/504840204987907/posts/545633310908596,0
1692583127699872_545630614242199,https://facebook.com/1692583127699872_545630614242199,1692583127699872,21 Nov 2022 12:42:38 PM,photo,"¡Seguimos innovando! ???

Queremos hacer de cada una de tus consultas la mejor experiencia de servicio, es por ello que te dejamos abierto nuestro canal de WhatsApp para que puedas comunicarte.

¿Aún no te afilias?

?  PBX +(502) 2311-5001
? ventas@qpaypro.com
? www.qpaypro.com

  #Qpaypro #PasarelaDePagos #TiendaEnLinea #PagosFaciles",1,0,0,0,0,0,0,0,0,,https://www.facebook.com/photo.php?fbid=545630590908868&set=a.504567235015204&type=3,1
1692583127699872_537511405054120,https://facebook.com/1692583127699872_537511405054120,1692583127699872,11 Nov 2022 03:47:00 PM,link,"¿Miedos al comprar en línea? Qpaypro tiene para ti algunos consejos al momento de plantearse una compra en línea

¡Conócelos aquí! ?
https://zcu.io/q4h0 

#PagosEnLinea #Compras #TarjetaDeCredito #Qpaypro #Guatemala",43,1,0,0,0,0,1,0,0,,https://www.qpaypro.com/compra-y-paga-en-linea-de-forma-segura/,44
1692583127699872_537488691723058,https://facebook.com/1692583127699872_537488691723058,1692583127699872,11 Nov 2022 02:59:00 PM,photo,"Ahorra tiempo y procesos, en Qpaypro encuentras todas las herramientas que necesitas para hacer crecer tu Empresa. ??

¡Afíliate y optimiza tu negocio hoy mismo!

Más información:

?  PBX +(502) 2311-5001
? ventas@qpaypro.com
? www.qpaypro.com

 #Qpaypro #PasarelaDePagos #TiendaEnLinea #PagosFaciles",1,0,0,0,0,0,0,0,0,,https://www.facebook.com/photo.php?fbid=537488668389727&set=a.504567235015204&type=3,1
1692583127699872_535144688624125,https://facebook.com/1692583127699872_535144688624125,1692583127699872,08 Nov 2022 03:26:00 PM,photo,"¡ASÍ ES!? #ClickSale está de regreso con más fechas ? para comprar lo que quieres con las mejores ofertas de Guatemala, no te pierdas nuestra edición del 21 al 25 de noviembre que te trae las categorías, marcas y ofertas que ten encantan. ?

Visita ? https://clicksale.gt/ 

¡No te pierdas todas las sorpresas que tenemos para ti!

#ClickSale #Ofertas #Noviembre",0,0,0,0,0,0,0,0,0,,https://www.facebook.com/photo.php?fbid=535144675290793&set=a.504567235015204&type=3,0
1692583127699872_534346465370614,https://facebook.com/1692583127699872_534346465370614,1692583127699872,07 Nov 2022 02:24:00 PM,photo,"Qpaypro posee todas las herramientas que necesitas para montar tu tienda en línea de forma rápida, sencilla y exitosa. ??

Afíliate hoy y descubre todos los beneficios que tenemos para ti y tu negocio.

Contáctanos para más información:

?  PBX +(502) 2311-5001
? ventas@qpaypro.com
? www.qpaypro.com

 #Qpaypro #PasarelaDePagos #TiendaEnLinea #PagosFaciles",426,1,2,0,0,0,2,6,2,,https://www.facebook.com/photo.php?fbid=534346442037283&set=a.504567235015204&type=3,429
1692583127699872_531090705696190,https://facebook.com/1692583127699872_531090705696190,1692583127699872,03 Nov 2022 01:00:04 PM,photo,"☝?? Hemos desarrollado para tu Empresa la mejor herramienta para generar tus cobros recurrentes.

Ya no te esfuerces enviando recordatorios de pago o realizando llamadas de cobro, descubre cómo Qpaypro facilita tus procesos.

Comunícate para más información:

?  PBX +(502) 2311-5001
? ventas@qpaypro.com
? www.qpaypro.com
 
 #Qpaypro #PasarelaDePagos #TiendaEnLinea #PagosFaciles",1,0,0,0,0,0,0,0,0,,https://www.facebook.com/photo.php?fbid=531090682362859&set=a.504567235015204&type=3,1
1692583127699872_529393869199207,https://facebook.com/1692583127699872_529393869199207,1692583127699872,01 Nov 2022 10:00:25 AM,photo,"¡Celebrando orgullosamente nuestras tradiciones y costumbres! 

#DíaDeTodosLosSantos #ChapinesDeCorazón",1,0,0,0,0,0,0,0,0,,https://www.facebook.com/photo.php?fbid=529393852532542&set=a.504567235015204&type=3,1
1692583127699872_525276792944248,https://facebook.com/1692583127699872_525276792944248,1692583127699872,27 Oct 2022 02:32:00 PM,photo,"¡Genera confianza y mejora la experiencia de compra!

Qpayshop te permite ofrecer un seguimiento completo a tus clientes desde el despacho hasta la entrega de sus compras. ??

Contáctanos para más información:
? PBX +(502) 2311-5001
? ventas@qpaypro.com
? www.qpaypro.com
 
#Qpaypro #PasarelaDePagos #TiendaEnLinea #PagosFaciles",1,0,0,0,0,0,0,0,0,,https://www.facebook.com/photo.php?fbid=525276712944256&set=a.504567235015204&type=3,1
1692583127699872_522632649875329,https://facebook.com/1692583127699872_522632649875329,1692583127699872,24 Oct 2022 05:31:00 PM,photo,"Hacemos crecer tu negocio, ofreciendo distintas formas de pago y por diferentes medios a tus clientes . ??

✅Links de Pago
✅POS Virtual
✅Códigos QR
✅Checkout Page

Más información:
? PBX +(502) 2311-5001
? ventas@qpaypro.com
? www.qpaypro.com

 #Qpaypro #PasarelaDePagos #TiendaEnLinea #PagosFaciles",2,0,0,0,0,0,0,0,0,,https://www.facebook.com/photo.php?fbid=522632629875331&set=a.504567235015204&type=3,2
1692583127699872_520683610070233,https://facebook.com/1692583127699872_520683610070233,1692583127699872,22 Oct 2022 11:04:00 AM,photo,"En  Qpaypro creamos experiencias únicas de pago a cada uno de tus clientes. ???

Recibe pagos con tarjetas de crédito y débito desde cualquier parte del mundo.

Contáctanos para más información:
? PBX +(502) 2311-5001
? ventas@qpaypro.com
? www.qpaypro.com

 #Qpaypro #PasarelaDePagos #TiendaEnLinea #PagosFaciles",0,0,0,0,0,0,0,0,0,,https://www.facebook.com/photo.php?fbid=520683583403569&set=a.504567235015204&type=3,0
1692583127699872_519030946902166,https://facebook.com/1692583127699872_519030946902166,1692583127699872,20 Oct 2022 03:03:02 PM,photo,"Con Qpayshop te brindamos de forma rápida, sencilla y exitosa todas las herramientas que necesitas para montar tu tienda en línea. ???

¡No esperes más para potenciar tu negocio!

Contáctanos para más información:
? PBX +(502) 2311-5001
? ventas@qpaypro.com
? www.qpaypro.com

 #Qpaypro #PasarelaDePagos #TiendaEnLinea #PagosFaciles",1,0,0,0,0,0,0,0,0,,https://www.facebook.com/photo.php?fbid=519030930235501&set=a.504567235015204&type=3,1
1692583127699872_518061833665744,https://facebook.com/1692583127699872_518061833665744,1692583127699872,19 Oct 2022 11:03:00 AM,photo,"Incrementa tus ventas con tus redes sociales. ??

Qpayshop se sincroniza fácilmente con tus catalogos en facebook e Instagram para que puedas vender de forma directa desde tu tienda en línea.

Contáctanos:
? PBX +(502) 2311-5001
? ventas@qpaypro.com
? www.qpaypro.com

 #Qpaypro #PasarelaDePagos #TiendaEnLinea #PagosFaciles",1,0,0,0,0,0,0,0,0,,https://www.facebook.com/photo.php?fbid=518061820332412&set=a.504567235015204&type=3,1
1692583127699872_517411927064068,https://facebook.com/1692583127699872_517411927064068,1692583127699872,18 Oct 2022 02:59:00 PM,photo,"Lleva tu negocio a donde vayas e incrementa las ventas de tu negocio. ???

Con Qpaypro podrás realizar cobros fácilmente en eventos, bazares, ferias y más.

Solicita más información:
? PBX +(502) 2311-5001
? ventas@qpaypro.com
? www.qpaypro.com

 #Qpaypro #PasarelaDePagos #TiendaEnLinea #PagosFaciles",1,0,0,0,0,0,0,0,0,,https://www.facebook.com/photo.php?fbid=517411910397403&set=a.504567235015204&type=3,1
1692583127699872_510795921059002,https://facebook.com/1692583127699872_510795921059002,1692583127699872,10 Oct 2022 02:14:00 PM,photo,"No importa si quieres iniciarte en el comercio electrónico en Guatemala o si quieres escalar tus ventas al exterior, en Qpaypro encuentras un plan con las mejores herramientas para que impulses tus ventas en línea.

Conoce nuestros planes aquí ? www.qpaypro.com/payments#planes

Comunícate para más información:
? PBX +(502) 2311-5001
? ventas@qpaypro.com
? www.qpaypro.com

  #Qpaypro #PasarelaDePagos #TiendaEnLinea #PagosFaciles",4,0,0,0,0,0,2,0,0,,https://www.facebook.com/photo.php?fbid=510795901059004&set=a.504567235015204&type=3,4
1692583127699872_507887078016553,https://facebook.com/1692583127699872_507887078016553,1692583127699872,07 Oct 2022 10:57:00 AM,photo,"Con tu plan Enterprise puedes olvidarte de perseguir a clientes olvidadizos, programa cobros periódicos o  de suscripción para los servicios de tu negocio.

¿Que otro beneficio conoces de nuestro plan Enterprise?

Comunícate para más información:
? PBX +(502) 2311-5001
? ventas@qpaypro.com
? www.qpaypro.com

  #Qpaypro #PasarelaDePagos #TiendaEnLinea #PagosFaciles",1,0,0,0,0,0,0,1,0,,https://www.facebook.com/photo.php?fbid=507887064683221&set=a.504567235015204&type=3,1
1692583127699872_506919088113352,https://facebook.com/1692583127699872_506919088113352,1692583127699872,06 Oct 2022 10:41:26 AM,photo,"Facilita la compra a tus clientes acepta pagos en línea con todas las tarjetas y  permitirles el pago con cuotas en tu negocio gracias a VisaCuotas, MasterCuotas y Cuotas BAC.

 #Qpaypro #PasarelaDePagos #TiendaEnLinea #PagosFaciles",131,0,0,0,0,0,3,2,3,,https://www.facebook.com/photo.php?fbid=506919058113355&set=a.504567235015204&type=3,131
1692583127699872_506863081452286,https://facebook.com/1692583127699872_506863081452286,1692583127699872,06 Oct 2022 09:26:00 AM,photo,"☝?? Tenemos todas las soluciones que necesitas para tu negocio.

Configura tus catálogos de productos, administra inventarios, actualiza precios de forma fácil y más.

Comunícate para más información:
? PBX +(502) 2311-5001
? ventas@qpaypro.com
? www.qpaypro.com

  #Qpaypro #PasarelaDePagos #TiendaEnLinea #PagosFaciles",1,0,0,0,0,0,2,0,1,,https://www.facebook.com/photo.php?fbid=506863051452289&set=a.504567235015204&type=3,1
1692583127699872_3066515386973299,https://facebook.com/1692583127699872_3066515386973299,1692583127699872,03 Oct 2022 09:36:00 AM,photo,"¡Facilitamos tus opciones de pago!

?? Acepta fácilmente y desde cualquier parte del mundo tarjetas de crédito y débito en diferentes canales y aumenta tus ventas. 

Afíliate hoy mismo:
? PBX +(502) 2311-5001
? ventas@qpaypro.com
? www.qpaypro.com

  #Qpaypro #PasarelaDePagos #TiendaEnLinea #PagosFaciles",2,0,0,0,0,0,0,0,0,,https://www.facebook.com/photo.php?fbid=3066515386973299&set=a.504567235015204&type=3,2
1692583127699872_3063931703898334,https://facebook.com/1692583127699872_3063931703898334,1692583127699872,30 Sep 2022 01:01:01 PM,photo,"Qpaypro es más que una plataforma de pagos en línea, te brindamos todas las soluciones que tu negocio necesita para facilitar formas de pago a tus clientes. ??

Haz crecer tu negocio. ¡Afíliate hoy!

Contáctanos para más información:
PBX +(502) 2311-5001
ventas@qpaypro.com
www.qpaypro.com

 #Qpaypro #PasarelaDePagos #TiendaEnLinea #PagosFaciles",2,0,0,0,0,0,0,0,0,,https://www.facebook.com/photo.php?fbid=3063931703898334&set=a.504567235015204&type=3,2
1692583127699872_3062233214068183,https://facebook.com/1692583127699872_3062233214068183,1692583127699872,28 Sep 2022 03:09:00 PM,link,"Contar con más opciones de pago para tus clientes es la mejor forma de acompañar tu estrategia para aumentar tus ventas.

¡Conoce las ventajas de cobrar con código QR! ?

https://zcu.io/7DVj",5,1,0,0,0,0,0,0,0,,https://l.facebook.com/l.php?u=https%3A%2F%2Fwww.qpaypro.com%2Finnovacion-en-recepcion-de-pagos-con-codigo-qr%2F&h=AUAuNLmlxUZfTP767_kz8mhlbSIO6rKVIyyrbeMeVzuSGxsIpbn3Gjgod195qZ24ielMbhkMAquHPs5yxgDfiKR3hiiM0op6kUUKioxLxcaHRCgNY6DwjNkR6L6Ss2Sn&s=1,6
1692583127699872_3062112480746923,https://facebook.com/1692583127699872_3062112480746923,1692583127699872,28 Sep 2022 12:01:00 PM,photo,"Acepta fácilmente y desde cualquier parte del mundo tarjetas de Débito y Crédito en diferentes canales de venta. ??

Es tiempo de impulsar tu negocio. ?

Solicita más información:

PBX +(502) 2311-5001
ventas@qpaypro.com
www.qpaypro.com

#Qpaypro #PasarelaDePagos #TiendaEnLinea #PagosFaciles",2,0,0,0,0,0,0,1,0,,https://www.facebook.com/photo.php?fbid=3062112480746923&set=a.504567235015204&type=3,2
1692583127699872_3061251897499648,https://facebook.com/1692583127699872_3061251897499648,1692583127699872,27 Sep 2022 11:48:09 AM,photo,"Queremos invitarte a nuestra sesión No. 12, ""Embudos de Marketing"", que la estará realizando nuestro experto y asesor de marketing digital Abraham de León, el día de mañana miércoles 28 de septiembre a las 10:00 de la mañana. 

Te queremos recordar también que todas las sesiones quedan grabadas para que luego las puedas ver nuevamente. Esto lo puedes ver dentro de tu plataforma de QpayPro (https://app.qpaypro.com) en la sección de Base de Conocimiento > QpayU (2022 y 2021).",2,1,0,0,0,0,0,0,0,,https://www.facebook.com/photo.php?fbid=3061251897499648&set=a.504567235015204&type=3,3
1692583127699872_3058084604483044,https://facebook.com/1692583127699872_3058084604483044,1692583127699872,23 Sep 2022 04:51:30 PM,link,,2,0,0,0,0,0,1,0,0,,,2
1692583127699872_3057962831161888,https://facebook.com/1692583127699872_3057962831161888,1692583127699872,23 Sep 2022 01:30:00 PM,photo,"Incursiona en las ventas en línea, aceptando pagos con las diferentes marcas de tarjeta de Crédito y Débito y facilita las compras de tus clientes. ??

Genera experiencias únicas de compra.

Contáctanos para más información:
PBX +(502) 2311-5001
ventas@qpaypro.com
www.qpaypro.com

 #Qpaypro #PasarelaDePagos #TiendaEnLinea #PagosFaciles",1,0,0,0,0,0,0,0,0,,https://www.facebook.com/photo.php?fbid=3057962831161888&set=a.504567235015204&type=3,1
1692583127699872_3056330274658477,https://facebook.com/1692583127699872_3056330274658477,1692583127699872,21 Sep 2022 01:49:01 PM,link,"Conoce la importancia de elegir las mejores fotografías para tu tienda en línea, Qpaypro te brinda 4 consejos prácticos para ello ?

https://zcu.io/23mM 

#Qpaypro #Blog #FotografiaDeProducto #eCommerce #Guatemala",110,0,0,0,0,0,1,1,0,,https://www.qpaypro.com/como-elegir-las-fotografias-de-productos-para-tu-tienda-en-linea/,110
1692583127699872_3055578378067000,https://facebook.com/1692583127699872_3055578378067000,1692583127699872,20 Sep 2022 02:07:00 PM,photo,"Descubre todos los beneficios que obtienes con tu afiliación a Qpaypro. 

Te presentamos Qpayboost, un programa de aceleración en E-commerce con talleres, charlas y asesorías para lograr objetivos de comercio electrónico y potenciar negocios. ??

Contáctanos:

PBX +(502) 2311-5001
ventas@qpaypro.com
www.qpaypro.com

 #Qpaypro #PasarelaDePagos #TiendaEnLinea #PagosFaciles",2,0,0,0,0,0,0,0,0,,https://www.facebook.com/photo.php?fbid=3055578378067000&set=a.504567235015204&type=3,2
1692583127699872_3053261301632041,https://facebook.com/1692583127699872_3053261301632041,1692583127699872,17 Sep 2022 11:59:00 AM,photo,"Qpaypro  te brinda todas las soluciones para E-commerce.

Somos más que una pasarela de pago, somos el aliado que tu tienda en línea necesita. ??

Contáctanos para más información:
PBX +(502) 2311-5001
ventas@qpaypro.com

 #Qpaypro #PasarelaDePagos #TiendaEnLinea #PagosFaciles",2,0,0,0,0,0,1,0,0,,https://www.facebook.com/photo.php?fbid=3053261301632041&set=a.504567235015204&type=3,2
1692583127699872_3051776291780542,https://facebook.com/1692583127699872_3051776291780542,1692583127699872,15 Sep 2022 01:23:44 PM,photo,"¡Celebremos juntos el día de independencia!

Qpaypro #OrgullosamenteGuatemalteco

#Guatemala #Independencia #201años",1,0,0,0,0,0,0,0,0,,https://www.facebook.com/photo.php?fbid=3051776291780542&set=a.504567235015204&type=3,1
1692583127699872_3050318928592945,https://facebook.com/1692583127699872_3050318928592945,1692583127699872,13 Sep 2022 12:09:58 PM,photo,"Con el fin de innovar y facilitar las comunicaciones con Qpaypro hemos renovado nuestro canal de atención al cliente vía WhatsApp, a partir de ahora podrás comunicarte con soporte, afiliaciones, liquidaciones, facturación, ventas, asesorías y capacitaciones desde una única línea de WhatsApp +(502) 23115001. 

Recibe soporte vía WhatsApp de lunes a viernes de 8:00 am a 5:00 pm ?

Guárdanos en tus contactos ? https://wa.me/50223115001  ?

#Qpaypro #Soporte #Nuevo #WhatsApp",114,1,1,0,0,0,2,1,21,,https://www.facebook.com/photo.php?fbid=3050318928592945&set=a.504567235015204&type=3,116
1692583127699872_3049699268654911,https://facebook.com/1692583127699872_3049699268654911,1692583127699872,12 Sep 2022 03:00:04 PM,photo,"☝?? Facilita las compras a tus clientes brindándoles fáciles y prácticas formas de pago.

Qué esperas para afiliar tu negocio y potenciar tu crecimiento.

Comunícate para más información:

PBX +(502) 2311-5001
ventas@qpaypro.com
www.qpaypro.com

 #Qpaypro #PasarelaDePagos #TiendaEnLinea #PagosFaciles",1,0,0,0,0,0,1,0,0,,https://www.facebook.com/photo.php?fbid=3049699268654911&set=a.504567235015204&type=3,1
1692583127699872_3047528222205349,https://facebook.com/1692583127699872_3047528222205349,1692583127699872,09 Sep 2022 03:21:01 PM,photo,"Innovamos tu negocio implementando diferentes formas de pagos para tus clientes, ahora podrás aceptar pagos con tarjeta de crédito y débito en línea en tus diferentes canales de venta. ??

✅Visa
✅Master Card
✅American Express

Solicita más información:
PBX +(502) 2311-5001
ventas@qpaypro.com
www.qpaypro.com
 
#Qpaypro #PasarelaDePagos #TiendaEnLinea #PagosFaciles",1,0,0,0,0,0,1,0,0,,https://www.facebook.com/photo.php?fbid=3047528222205349&set=a.504567235015204&type=3,1
1692583127699872_3041306476160857,https://facebook.com/1692583127699872_3041306476160857,1692583127699872,01 Sep 2022 08:21:00 AM,photo,"Ahora podrás usar un POS Virtual en la palma de tu mano para facilitar las ventas de tu negocio con cliente presente. ?

¡Descárgala ahora! ?
Android ?https://zcu.io/Sua3 
iOS ? https://zcu.io/nlre 

#Qpayapp #Android #iOS #Guatemala #PagosEnLinea",3,0,0,0,0,0,0,0,0,,https://www.facebook.com/photo.php?fbid=3041306476160857&set=a.504567235015204&type=3,3
1692583127699872_3040496912908480,https://facebook.com/1692583127699872_3040496912908480,1692583127699872,30 Aug 2022 06:01:02 PM,photo,"Queremos invitarte a nuestra sesión N°11 del 2022, ""Remarketing con Google Ads"", que la estará realizando nuestro experto en Qpaypro David Zoque, el día de hoy miércoles 31 de agosto a las 10:00 de la mañana.

Recuerda que todas nuestras sesiones son gratuitas y exclusivas para nuestros clientes Qpaypro, así que te recomendamos no perderte ninguna.

Conoce más de Qpaypro en https://www.qpaypro.com/payments/

#QpayU #PagosEnLinea #eCommerce #PagosFaciles",2,0,0,0,0,0,0,0,0,,https://www.facebook.com/photo.php?fbid=3040496912908480&set=a.504567235015204&type=3,2
1692583127699872_3039983009626537,https://facebook.com/1692583127699872_3039983009626537,1692583127699872,30 Aug 2022 12:01:00 PM,photo,"En Qpaypro contamos con servicio de capacitaciones mensuales, sobre el uso y actualizaciones de la plataforma, para que siempre estés al día del manejo de tus herramientas.

Contáctanos para más información:
PBX +(502) 2311-5001
ventas@qpaypro.com
www.qpaypro.com

 #Qpaypro #PasarelaDePagos #TiendaEnLinea #PagosFaciles",0,0,0,0,0,0,0,0,0,,https://www.facebook.com/photo.php?fbid=3039983009626537&set=a.504567235015204&type=3,0
1692583127699872_3039198643038307,https://facebook.com/1692583127699872_3039198643038307,1692583127699872,29 Aug 2022 11:16:00 AM,photo,"Con la nueva App de Qpaypro tienes el control de tus ventas en línea, consulta en tiempo real todas las transacciones de tu negocio, mira el detalle de cada o una o anula una transacción reciente.

¡Descárgala ahora! ?
Android ?https://zcu.io/Sua3 
iOS ? https://zcu.io/nlre 

#Qpayapp #Android #iOS #Guatemala #PagosEnLinea",0,0,0,0,0,0,0,0,0,,https://www.facebook.com/photo.php?fbid=3039198643038307&set=a.504567235015204&type=3,0
1692583127699872_3037782236513281,https://facebook.com/1692583127699872_3037782236513281,1692583127699872,27 Aug 2022 11:00:02 AM,photo,"? Potenciamos tu negocio a través de soluciones de pago que facilitarán las compras de tus clientes.

✅API
✅Tokenización
✅Cobros Recurrentes

Contáctanos para más información:
PBX +(502) 2311-5001
ventas@qpaypro.com
www.qpaypro.com

  #Qpaypro #PasarelaDePagos #TiendaEnLinea #PagosFaciles",0,0,0,0,0,0,0,0,0,,https://www.facebook.com/photo.php?fbid=3037782236513281&set=a.504567235015204&type=3,0
1692583127699872_3036973419927496,https://facebook.com/1692583127699872_3036973419927496,1692583127699872,26 Aug 2022 08:04:00 AM,photo,"Crea códigos QR con el logo de tu negocio con la nueva App de Qpaypro y facilita los pagos de tus productos o servicios de forma online y presencial.

¡Descárgala ahora! ?
Android ?https://zcu.io/Sua3 
iOS ? https://zcu.io/nlre 

#Qpayapp #Android #iOS #Guatemala #PagosEnLinea",3,0,0,0,0,0,0,1,0,,https://www.facebook.com/photo.php?fbid=3036973419927496&set=a.504567235015204&type=3,3
1692583127699872_3035600983398073,https://facebook.com/1692583127699872_3035600983398073,1692583127699872,24 Aug 2022 09:02:00 AM,photo,"Ahora puedes crear links de pago desde la palma de tu mano con un celular o una tablet con la nueva App de Qpaypro disponible para todos los comercios afiliados a Qpaypro ¿Qué esperas para probarla?

¡Descárgala ahora! ?
Android ?https://zcu.io/Sua3 
iOS ? https://zcu.io/nlre 

#Qpayapp #Android #iOS #Guatemala #PagosEnLinea",4,0,0,0,0,0,0,0,0,,https://www.facebook.com/photo.php?fbid=3035600983398073&set=a.504567235015204&type=3,4
1692583127699872_3035030033455168,https://facebook.com/1692583127699872_3035030033455168,1692583127699872,23 Aug 2022 01:01:00 PM,photo,"? QPayShop te permite ofrecer un correcto seguimiento y comunicación con tu cliente en todo el proceso desde el despacho hasta la entrega de producto, generando confianza y creando una experiencia de compra.

Contáctanos para más información:
PBX +(502) 2311-5001
ventas@qpaypro.com
www.qpaypro.com

  #Qpaypro #PasarelaDePagos #TiendaEnLinea #PagosFaciles",1,0,0,0,0,0,1,0,0,,https://www.facebook.com/photo.php?fbid=3035030033455168&set=a.504567235015204&type=3,1
1692583127699872_3034445083513663,https://facebook.com/1692583127699872_3034445083513663,1692583127699872,22 Aug 2022 03:51:00 PM,photo,"? Nos motiva cada día impulsar a los negocios guatemaltecos y facilitar las ventas en línea con la  nueva App de Qpaypro.

¡Descárgala ahora! ?
Android ?https://zcu.io/Sua3 
iOS ? https://zcu.io/nlre 

#Qpayapp #Android #iOS #Guatemala #PagosEnLinea",42,2,0,0,0,0,0,0,0,,https://www.facebook.com/photo.php?fbid=3034445083513663&set=a.504567235015204&type=3,44
1692583127699872_3032301390394699,https://facebook.com/1692583127699872_3032301390394699,1692583127699872,19 Aug 2022 03:02:00 PM,photo,"Qpaypro es la solución que necesitas para incrementar las ventas de tu Tienda en Línea. 

Facilitamos tus formas de pago para que tu clientes sigan comprando y comprando. ??

Comunícate para más información:

PBX +(502) 2311-5001
ventas@qpaypro.com
www.qpaypro.com

  #Qpaypro #PasarelaDePagos #TiendaEnLinea #PagosFaciles",2,0,0,0,0,0,0,0,0,,https://www.facebook.com/photo.php?fbid=3032301390394699&set=a.504567235015204&type=3,2
1692583127699872_3031268917164613,https://facebook.com/1692583127699872_3031268917164613,1692583127699872,18 Aug 2022 08:26:14 AM,event,"⌛Faltan pocas horas para el inicio de nuestro #Qpayday programado para hoy a las 3:00 pm, acompáñanos en una transmisión en vivo con grandes anuncios para el eCommerce en general de Guatemala y el lanzamiento oficial de QpayApp, la nueva aplicación móvil que se integra al ecosistema de pagos en línea de Qpaypro.

#Qpaypro #Novedades #Pagosfaciles",1,2,0,0,0,0,0,0,0,,https://www.facebook.com/events/1133398464195178/,3
1692583127699872_3030088917282613,https://facebook.com/1692583127699872_3030088917282613,1692583127699872,16 Aug 2022 02:58:00 PM,photo,"Qpayshop te permite integrar fácilmente Facebook Messenger a tu tienda en línea, así podrás atender a tus clientes vía Livechat sin perder ningún detalle. ??

Contáctanos para más información:
PBX +(502) 2311-5001
ventas@qpaypro.com

 #Qpayshop #PasarelaDePagos #TiendaEnLinea #PagosFaciles",3,0,0,0,0,0,0,0,0,,https://www.facebook.com/photo.php?fbid=3030088917282613&set=a.504567235015204&type=3,3
1692583127699872_3026523664305805,https://facebook.com/1692583127699872_3026523664305805,1692583127699872,11 Aug 2022 12:01:03 PM,photo,"☝?? Qpayshop se sincroniza fácilmente con tus catálogos de Facebook e Instagram, para que puedas vender fácil y directo en tus redes sociales con tu tienda integrada.

Comunícate para más información:

PBX +(502) 2311-5001
ventas@qpaypro.com
www.qpaypro.com 

 #Qpaypro #PasarelaDePagos #TiendaEnLinea #PagosFaciles",3,0,0,0,0,0,0,0,0,,https://www.facebook.com/photo.php?fbid=3026523664305805&set=a.504567235015204&type=3,3
1692583127699872_3025239901100848,https://facebook.com/1692583127699872_3025239901100848,1692583127699872,09 Aug 2022 02:51:59 PM,photo,"Queremos invitarte a nuestra 10ma sesión 2022, ""Google Ads desde cero, aprende a crear campañasde Google para potenciar tu negocio"", que la estará realizando nuestro experto en Qpaypro David Zoque, el día miércoles 10 de agosto a las 10:00 de la mañana.

Recuerda que todas nuestras sesiones son gratuitas y exclusivas para nuestros clientes Qpaypro, así que te recomendamos no perderte ninguna.

Conoce más de Qpaypro en https://www.qpaypro.com/payments/

#QpayU #PagosEnLinea #eCommerce #PagosFaciles",5,3,0,0,0,0,0,6,1,,https://www.facebook.com/photo.php?fbid=3025239901100848&set=a.504567235015204&type=3,8
1692583127699872_3024432417848263,https://facebook.com/1692583127699872_3024432417848263,1692583127699872,08 Aug 2022 11:29:37 AM,link,"La incorporación de criptomonedas como forma de pago puede ayudar a convertir leads en clientes?? 

Conoce la relación entre las criptomonedas y el comercio electrónico  en Guatemala ?
https://zcu.io/UMH6 

#Qpaypro #Blog #Criptomonedas #eCommerce #Guatemala",2,0,0,1,0,0,0,0,0,,https://l.facebook.com/l.php?u=https%3A%2F%2Fwww.qpaypro.com%2Frelacion-entre-las-criptomonedas-y-el-comercio-electronico%2F&h=AUCmGBc8Y3V_M_o1DZ6oG000qxLvfRZmdEUTKh_t-lUDBOO4CruRlKLyLG43Z7hAW2KgcD5fWcDIqU9Pvsu5b7Kz1wPYJ-zetWoRjkIcwAw1qyEUlZ00pXqs6b0DpSFi&s=1,3
1692583127699872_3023015951323243,https://facebook.com/1692583127699872_3023015951323243,1692583127699872,06 Aug 2022 11:00:01 AM,photo,"QPayShop te permite controlar tu tienda en línea desde la palma de tu mano, con la ayuda de nuestras APPs móviles, para que puedas vender y administrar tus ordenes, catálogo, cupones y más desde cualquier lugar del mundo.

Contáctanos para más información:

? PBX +(502) 2311-5001
ventas@qpaypro.com
www.qpaypro.com

  #Qpaypro #PasarelaDePagos #TiendaEnLinea #PagosFaciles",1,0,0,0,0,0,0,0,0,,https://www.facebook.com/photo.php?fbid=3023015951323243&set=a.504567235015204&type=3,1
1692583127699872_3019643834993788,https://facebook.com/1692583127699872_3019643834993788,1692583127699872,01 Aug 2022 04:22:40 PM,photo,"QPayShop te permite controlar tu tienda en línea desde la palma de tu mano, con la ayuda de nuestras APPs móviles, para que puedas vender y administrar tus ordenes, catálogo, cupones y más desde cualquier lugar del mundo.

Contáctanos para más información:

? PBX +(502) 2311-5001
ventas@qpaypro.com
www.qpaypro.com

  #Qpaypro #PasarelaDePagos #TiendaEnLinea #PagosFaciles",2,0,0,0,0,0,0,0,0,,https://www.facebook.com/photo.php?fbid=3019643834993788&set=a.504567235015204&type=3,2
1692583127699872_3016079312016907,https://facebook.com/1692583127699872_3016079312016907,1692583127699872,27 Jul 2022 12:01:00 PM,photo,"Trabajamos para brindarte las mejores herramientas de cobro para automatizar tu negocio. ?✅

Confía en Qpaypro y facilita el proceso de pago a tus clientes por medio de sus tarjetas de crédito o débito.

Contáctanos para más información:
PBX +(502) 2311-5001
ventas@qpaypro.com
www.qpaypro.com

  #Qpaypro #PasarelaDePagos #TiendaEnLinea #PagosFaciles",1,0,0,0,0,0,0,0,0,,https://www.facebook.com/photo.php?fbid=3016079312016907&set=a.504567235015204&type=3,1
1692583127699872_3016010155357156,https://facebook.com/1692583127699872_3016010155357156,1692583127699872,27 Jul 2022 09:49:31 AM,photo,"??️ Qpaybilling se ocupa de las notificaciones de cobro y reintentos a las tarjetas de tus clientes en caso de fallos.

Contáctanos para más información:
PBX +(502) 2311-5001
ventas@qpaypro.com
www.qpaypro.com

 #Qpaypro #PasarelaDePagos #TiendaEnLinea #PagosFaciles",1,0,0,0,0,0,0,0,1,,https://www.facebook.com/photo.php?fbid=3016010038690501&set=a.504567235015204&type=3,1
1692583127699872_3011226555835516,https://facebook.com/1692583127699872_3011226555835516,1692583127699872,20 Jul 2022 11:27:06 AM,album,"Vender en línea con #QpayproPayments? trae varios beneficios para tu negocio, únete al cambio y empieza a vender como todo un experto?  

Ingresa ahora a qpaypro.com/payments/ y obtén toda la información. 

 #Qpaypro #PasarelaDePagos #TiendaEnLinea #PagosFaciles",95,2,1,0,1,0,0,0,0,,https://www.facebook.com/504840204987907/posts/3011226555835516,99
1692583127699872_3006911456267026,https://facebook.com/1692583127699872_3006911456267026,1692583127699872,14 Jul 2022 01:02:00 PM,photo,"☝?? Excelentes beneficios con Qpaybilling:

✅ Tus clientes se suscriben y administran su suscripción.
✅ Envía links de suscripción.
✅ Administra cobros complementarios  y cupones.
✅ Crea planes de suscripción asociados a tu producto.
✅ Carga productos y personaliza tu página de suscripción.

Comunícate para más información:

PBX +(502) 2311-5001
ventas@qpaypro.com
www.qpaypro.com

#Qpaypro #PasarelaDePago #TiendaEnLinea #PagosFaciles",4,0,0,0,0,0,0,0,0,,https://www.facebook.com/photo.php?fbid=3006911456267026&set=a.504567235015204&type=3,4
1692583127699872_3006283222996516,https://facebook.com/1692583127699872_3006283222996516,1692583127699872,13 Jul 2022 06:33:00 PM,link,"Conoce la importancia de la ciberseguridad en el comercio electrónico en Guatemala ??

Y descubre Qpaypro se adapta y refuerza  la ciberseguridad al comercio electrónico?

https://zcu.io/XGpg 

#Qpaypro #Blog #Ciberseguridad #eCommerce #Guatemala",1,0,0,0,0,0,0,0,0,,https://l.facebook.com/l.php?u=https%3A%2F%2Fwww.qpaypro.com%2Frelevancia-critica-de-la-ciberseguridad-en-el-comercio-electronico%2F&h=AUA5ycMVdVbZTOwZgjmIkhrbbKxTVN0zBBnhmaqoMBnRicwMmoxj4CaICK-qmv1bDo4A2ZEi1dNKz-3G5lMdC0hR5-3llcae71eWDYrpH_3BH88onc3R2cOx32G0flp-&s=1,1
1692583127699872_3005137606444411,https://facebook.com/1692583127699872_3005137606444411,1692583127699872,12 Jul 2022 08:34:46 AM,album,"Qpaypro te brinda las mejores herramientas para que no únicamente automatices tus procesos, también te ayuda a ahorrar tiempo en cada uno de ellos. ??

Comunícate para más información:

PBX +(502) 2311-5001
ventas@qpaypro.com
www.qpaypro.com

#Qpaypro #PasarelaDePago #TiendaEnLinea #PagosFaciles",1,0,0,0,0,0,0,0,0,,https://www.facebook.com/504840204987907/posts/3005137606444411,1
1692583127699872_3000810910210414,https://facebook.com/1692583127699872_3000810910210414,1692583127699872,06 Jul 2022 02:01:00 PM,photo,"En Qpaypro más que una plataforma de pagos te brindamos soluciones completas para impulsar tus ventas en línea.??

Te ofrecemos:
✅Links de pago
✅POS virtual
✅Pagos con código QR
✅Checkout page
✅Integraciones

Solicita más información:
PBX +(502) 2311-5001
ventas@qpaypro.com
www.qpaypro.com
 
#Qpaypro #PasarelaDePago #TiendaEnLinea #PagosFaciles",1,0,0,0,0,0,0,0,0,,https://www.facebook.com/photo.php?fbid=3000810910210414&set=a.504567235015204&type=3,1
1692583127699872_2997966127161559,https://facebook.com/1692583127699872_2997966127161559,1692583127699872,02 Jul 2022 01:11:00 PM,photo,"⏰ Ahorra tiempo y simplifica tus actividades, Qpaybilling automatiza tus cobros recurrentes a las tarjetas de crédito o débito y envía el detalle a tus clientes de manera automática.

¿Qué esperas para sacarle el máximo a tu negocio? ??

Contáctanos para más información:

? PBX +(502) 2311-5001
ventas@qpaypro.com
www.qpaypro.com

#Qpaypro #PasarelaDePago #TiendaEnLinea #PagosFaciles",3,0,0,0,0,0,1,0,0,,https://www.facebook.com/photo.php?fbid=2997966127161559&set=a.504567235015204&type=3,3
1692583127699872_2995627700728735,https://facebook.com/1692583127699872_2995627700728735,1692583127699872,29 Jun 2022 07:55:00 AM,photo,"Con nuestro programa Qpaymentor podrás agendar asesorías 1:1 gratuitas en diferentes temas como; mercadeo, diseño gráfico, anuncios en redes sociales, capacitaciones, CRM, estrategias y auditorías que podrás aplicar a tu negocio eCommerce, todo incluido en tu afiliación a Qpaypro.

Inicia sesión y programa tus asesorías en ? https://app.qpaypro.com/

#eCommerce #Marketing #Asesorias #Guatemala",1,0,0,0,0,0,0,0,0,,https://www.facebook.com/photo.php?fbid=2995627700728735&set=a.504567235015204&type=3,1
1692583127699872_2994086427549529,https://facebook.com/1692583127699872_2994086427549529,1692583127699872,27 Jun 2022 04:15:00 PM,photo,"Queremos invitarte a nuestra 8va sesión 2022, ""La importancia del diseño sobre una página web o tienda en línea"", que la estará realizando nuestro experto en Qpaypro Carlos Tánchez, el día jueves 30 de junio a las 11:00 de la mañana. 

Recuerda que todas nuestras sesiones son gratuitas y exclusivas para nuestros clientes Qpaypro, así que te recomendamos no perderte ninguna.

Conoce más de Qpaypro en https://www.qpaypro.com/payments/ 

#QpayU #PagosEnLinea #eCommerce",0,0,0,0,0,0,0,0,0,,https://www.facebook.com/photo.php?fbid=2994086427549529&set=a.504567235015204&type=3,0
1692583127699872_2992368147721357,https://facebook.com/1692583127699872_2992368147721357,1692583127699872,25 Jun 2022 08:53:00 AM,photo,"Contamos con programas diseñados especialmente para que incrementes tu desarrollo comercial, te presentamos Qpaymentor que te permite recibir asesorías personalizadas con un experto en E-commerce y marketing digital sin costo alguno con tan solo afiliarte a Qpayshop. ???‍??

Conoce más de nuestro programa en www.qpaypro.com
 
Contáctanos para más información:
PBX +(502) 2311-5001
ventas@qpaypro.com

#eComerce #PasarelaDePago #PagosEnLinea",0,0,0,0,0,0,0,0,0,,https://www.facebook.com/photo.php?fbid=2992368147721357&set=a.504567235015204&type=3,0
1692583127699872_2990168771274628,https://facebook.com/1692583127699872_2990168771274628,1692583127699872,22 Jun 2022 08:52:00 AM,photo,"Evita estar haciendo llamadas de cobro a tus clientes y minimiza tu cartera de mora, tus clientes simplemente ingresan su tarjeta y el sistema realiza los cobros recurrentes por ti. ??✅

Esta es una de muchas soluciones que Qpaypro tiene para tu negocio.

Contáctanos para más información:

PBX +(502) 2311-5001
ventas@qpaypro.com
www.qpaypro.com
 
#eComerce #PasarelaDePago #PagosEnLinea",0,0,0,0,0,0,0,0,0,,https://www.facebook.com/photo.php?fbid=2990168771274628&set=a.504567235015204&type=3,0
1692583127699872_2989653981326107,https://facebook.com/1692583127699872_2989653981326107,1692583127699872,21 Jun 2022 02:40:59 PM,photo,"Configura rápidamente los cobros recurrentes y de forma automática. También gestiona la información de tus clientes y además podrás realizar cobros manuales a las tarjetas almacenadas por servicios adicionales. ? ??

Que esperas contáctanos:

PBX +(502) 2311-5001
ventas@qpaypro.com
www.qpaypro.com
 
#eComerce #PasarelaDePago #PagosEnLinea",0,0,0,0,0,0,0,0,0,,https://www.facebook.com/photo.php?fbid=2989653917992780&set=a.504567235015204&type=3,0
1692583127699872_2986534168304755,https://facebook.com/1692583127699872_2986534168304755,1692583127699872,17 Jun 2022 08:10:01 AM,photo,"Gracias a ti he conseguido ser quien soy.  Gracias por regalarme todo cuanto tengo y por haber sido siempre mi ejemplo a seguir, gracias por todo tu amor papá. ?‍?‍???

 ¡Feliz día del Padre!
 
#FelizDíaDelPadre #eComerce #PasarelaDePago #PagosEnLinea",0,0,0,0,0,0,0,0,0,,https://www.facebook.com/photo.php?fbid=2986534168304755&set=a.504567235015204&type=3,0
1692583127699872_2985175295107309,https://facebook.com/1692583127699872_2985175295107309,1692583127699872,15 Jun 2022 09:08:09 AM,album,"Aceptar pagos con tarjetas de crédito en tu tienda en línea es lo que marcará el futuro de tu crecimiento. ?? 

Contáctanos para más información:
PBX +(502) 2311-5001
ventas@qpaypro.com
www.qpaypro.com 

#eComerce #PasarelaDePago #PagosEnLinea",1,0,0,0,0,0,0,0,0,,https://www.facebook.com/504840204987907/posts/2985175295107309,1
1692583127699872_2982417498716422,https://facebook.com/1692583127699872_2982417498716422,1692583127699872,11 Jun 2022 08:45:01 AM,photo,"☝?? La satisfacción de tus clientes es lo más importante.
Es por ello que Qpayshop te permite ofrecer un correcto seguimiento y comunicación con tu cliente en todo el proceso, desde el despacho hasta la entrega, generando confianza a tu cliente y mejorando su experiencia de compra. ??

Comunícate para más información:

PBX +(502) 2311-5001
ventas@qpaypro.com
https://zcu.io/SRyz

#eCommerce #PasarelaDePago #PagosEnLínea",1,0,0,0,0,0,0,0,0,,https://www.facebook.com/photo.php?fbid=2982417498716422&set=a.504567235015204&type=3,1
1692583127699872_2980997998858372,https://facebook.com/1692583127699872_2980997998858372,1692583127699872,09 Jun 2022 08:39:00 AM,photo,"Te compartimos el número de WhatsApp de soporte Qpaypro, ahora podrás recibir soporte de transacciones, uso del ecosistema de pagos de Qpaypro ¡Y mucho más! ??

Recibe soporte vía WhatsApp de lunes a viernes de 8:00 am a 5:00 pm ?

Guárdanos en tus contactos ? https://wa.me/18446620877 ?

#Qpaypro #Soporte #Nuevo #WhatsApp",2,0,0,0,0,0,2,0,0,,https://www.facebook.com/photo.php?fbid=2980997998858372&set=a.504567235015204&type=3,2
1692583127699872_2980454998912672,https://facebook.com/1692583127699872_2980454998912672,1692583127699872,08 Jun 2022 01:30:10 PM,photo,"Queremos invitarte a nuestra 7ma sesión 2022, ""Cómo vender cuando mi producto es más caro que el de la competencia"", que la estará realizando nuestro CEO Hugo García, el día de mañana jueves 09 de junio a las 10:00 de la mañana. 

Recuerda que todas nuestras sesiones son gratuitas y exclusivas para nuestros clientes Qpaypro, así que te recomendamos no perderte ninguna.

Conoce más de Qpaypro en https://zcu.io/vcqw

#QpayU #PagosEnLinea #eCommerce",14,0,0,0,0,0,0,0,0,,https://www.facebook.com/photo.php?fbid=2980454998912672&set=a.504567235015204&type=3,14
1692583127699872_2980365178921654,https://facebook.com/1692583127699872_2980365178921654,1692583127699872,08 Jun 2022 10:40:00 AM,link,"Conocer los beneficios de hacer pagos en línea es clave para impulsar las ventas de tu negocio eCommerce en Guatemala ??  

Aquí te enseñamos cúales son?https://zcu.io/fz12 

#eCommerce #Guatemala #PagosEnLínea #Beneficios",25,0,0,0,0,0,2,0,0,,https://l.facebook.com/l.php?u=https%3A%2F%2Fwww.qpaypro.com%2Fbeneficios-de-hacer-pagos-en-linea%2F&h=AUCcr5oduhnI__dLlUaxuBkxm9a3XWHj8oTbhoo_czk3nuF2HTSeZMbcfFoS5SpWSW9NqJwDCW_EKJOnMdHYXuCGqSdITAe7noIKmm9BUVq9HjFc1utaC2mGW9QOAGz1&s=1,25
1692583127699872_2978186545806184,https://facebook.com/1692583127699872_2978186545806184,1692583127699872,05 Jun 2022 11:00:04 AM,photo,"Qpayshop te brinda la opción de sincronizarse con tus catálogos en Facebook e Instagram, para que de esta manera puedas vender desde tus redes sociales con tu tienda integrada. Etiqueta tus productos desde tus publicaciones y permite que tus usuarios visualicen tus productos y finalicen la compra desde tu tienda en línea.??

Contáctanos para más información:

PBX +(502) 2311-5001
ventas@qpaypro.com
www.qpaypro.com
 
#eComerce #PasarelaDePago #PagosEnLinea",56,0,0,0,0,0,1,0,0,,https://www.facebook.com/photo.php?fbid=2978186545806184&set=a.504567235015204&type=3,56
1692583127699872_2975419686082870,https://facebook.com/1692583127699872_2975419686082870,1692583127699872,01 Jun 2022 02:00:06 PM,photo,"Contamos con todo lo que necesitas para desarrollar tu E-commerce de manera rápida y fácil:

✅Administra tus productos y categorías. ?
✅Agrega tus métodos de envío fácilmente. ?
✅Configura tus métodos de pago. ??

Solicita más información:

PBX +(502) 2311-5001
ventas@qpaypro.com
www.qpaypro.com 

#eComerce #PasarelaDePago #PagosEnLinea",0,0,0,1,0,0,0,0,0,,https://www.facebook.com/photo.php?fbid=2975419686082870&set=a.504567235015204&type=3,1
1692583127699872_2975299422761563,https://facebook.com/1692583127699872_2975299422761563,1692583127699872,01 Jun 2022 10:09:04 AM,photo,"Acompañanos en el VideoPodcast - El ABC de las ventas, donde participará nuestro Especialista en eCommerce Carlos Tánchez, en este episodio se responderán preguntas como:  

✔  Implementación de un sistema de pago digital para tu negocio.
✔  Cómo crear tu propia cuenta de pago.
✔  Métodos para crear tu enlace de cobro en línea.  

Conectate al VideoPodcast el próximo viernes 3 de junio a las 7:00 am ?️ en: 

Facebook: https://zcu.io/yTWn 
YouTube: https://zcu.io/EhDt 
Linkedin: https://zcu.io/6w8D 

#Qpaypro #ElABCdeLaVentas #eCommerce #PagosDigitales #Guatemala",1,0,0,0,0,0,0,0,0,,https://www.facebook.com/photo.php?fbid=2975299422761563&set=a.504567235015204&type=3,1
1692583127699872_2973095946315244,https://facebook.com/1692583127699872_2973095946315244,1692583127699872,29 May 2022 09:40:01 AM,photo,"Acepta pagos con tarjeta en tu tienda. ? 
Tus usuarios podrán realizar su pago con cualquier tarjeta Visa y Mastercard desde tu web o lugar físico, no dejes ir estas ventas. 

Conoce más en www.qpaypro.com
 
Contáctanos para más información:
PBX +(502) 2311-5001
ventas@qpaypro.com
 
#eComerce
#SolucionesDePago
#PagosEnLinea",1,0,0,1,0,0,1,1,0,,https://www.facebook.com/photo.php?fbid=2973095946315244&set=a.504567235015204&type=3,2
1692583127699872_2970972443194261,https://facebook.com/1692583127699872_2970972443194261,1692583127699872,26 May 2022 11:38:00 AM,photo,"No te arriesgues, con Qpayradar se reducen los fraudes gracias a nuestro propio sistema de mitigación y validación de transacciones. 
Además, aseguramos y certificamos tus transacciones. 

Conoce más en www.qpaypro.com
 
Contáctanos para más información:
PBX +(502) 2311-5001
ventas@qpaypro.com

#eComerce
#SolucionesDePago
#PagosEnLinea",0,0,0,0,0,0,0,0,0,,https://www.facebook.com/photo.php?fbid=2970972443194261&set=a.504567235015204&type=3,0
1692583127699872_2968744043417101,https://facebook.com/1692583127699872_2968744043417101,1692583127699872,23 May 2022 10:31:00 AM,photo,"Las notificaciones hacen que los usuarios estén más atentos y quieran seguir comprando, permite que sepan su proceso de compra. ? ? 

Solicita información de Qpaybilling y conoce todos los beneficios que tenemos para ti.

Contáctanos para más información:
PBX +(502) 2311-5001
ventas@qpaypro.com
www.qpaypro.com

#eComerce
#SolucionesDePago
#PagosEnLinea",0,0,0,0,0,0,0,0,0,,https://www.facebook.com/photo.php?fbid=2968744043417101&set=a.504567235015204&type=3,0
1692583127699872_2968677246757114,https://facebook.com/1692583127699872_2968677246757114,1692583127699872,23 May 2022 08:52:34 AM,photo,"Queremos invitarte a nuestra 6ta sesión 2022, ""Lo que debes considerar de las leyes tributarias para tu negocio"", que la estará realizando el experto Estuardo Reyes, el día miércoles 25 de mayo a las 10:00 de la mañana. 

Recuerda que todas nuestras sesiones son gratuitas y exclusivas para nuestros clientes Qpaypro, así que te recomendamos no perderte ninguna.

Conoce más de Qpaypro en www.qpaypro.com

#QpayU #Emprendimiento #Leyes #Tributarias",24,1,0,0,0,0,0,3,7,,https://www.facebook.com/photo.php?fbid=2968677246757114&set=a.504567235015204&type=3,25
1692583127699872_2964369120521260,https://facebook.com/1692583127699872_2964369120521260,1692583127699872,17 May 2022 10:39:00 AM,photo,"Conoce las distintas soluciones de nuestra pasarela de pagos: 
✅ Links de Pago
✅ POS Virtual
✅ Pagos QR y más.  ??‍♂️?? 

Contáctanos para más información:
PBX +(502) 2311-5001
ventas@qpaypro.com
www.qpaypro.com
 

#eComerce
#Negocioonline
#PagosEnLinea",2,0,0,0,0,0,1,0,1,,https://www.facebook.com/photo.php?fbid=2964369120521260&set=a.504567235015204&type=3,2
1692583127699872_2963662677258571,https://facebook.com/1692583127699872_2963662677258571,1692583127699872,16 May 2022 11:37:00 AM,photo,"? Administra tu  tienda en línea completa desde la palma de tu mano con nuestras Apps móviles, para que puedas vender y administrar tus ordenes, catálogo, 
cupones y más desde cualquier lugar del planeta. ?
Solicita más información:

PBX +(502) 2311-5001
ventas@qpaypro.com
www.qpaypro.com

#eComerce
#Negocioonline
#PagosEnLinea",1,0,0,0,0,0,0,0,0,,https://www.facebook.com/photo.php?fbid=2963662677258571&set=a.504567235015204&type=3,1
1692583127699872_2961399127484926,https://facebook.com/1692583127699872_2961399127484926,1692583127699872,13 May 2022 10:12:11 AM,album,"☝?? ¿Quieres aumentar tus ventas en línea? Te dejamos 3 tips para que puedas lograrlo. 
 Vista www.qpaypro.com para conocer más de nosotros. 
 
#eComerce
#Aumentaventas
#PagosEnLinea",1,0,0,0,0,0,0,0,0,,https://www.facebook.com/504840204987907/posts/2961399127484926,1
1692583127699872_2959224777702361,https://facebook.com/1692583127699872_2959224777702361,1692583127699872,10 May 2022 09:30:29 AM,photo,"Podría decir mil cosas de ti, pero lo único que sale de mi boca es ¡Gracias! ?
Feliz día mamá, te desea Qpaypro.
 

#Diadelamadre
#Qpaypro
#PagosEnLinea",121,7,0,0,0,0,1,0,0,,https://www.facebook.com/photo.php?fbid=2959224777702361&set=a.504567235015204&type=3,128
1692583127699872_2957492804542225,https://facebook.com/1692583127699872_2957492804542225,1692583127699872,07 May 2022 06:07:00 PM,photo,"Los carritos abandonados representan una oportunidad de compra para clientes que quieren  adquirir tus productos.

No pierdas la oportunidad, con Qpayshop podrás recuperar esas ventas. ??

Contáctanos para más información:

PBX +(502) 2311-5001
ventas@qpaypro.com
www.qpaypro.com
 
#eComerce
#Carritosabandonados
#PagosEnLinea",0,0,0,0,0,0,0,0,0,,https://www.facebook.com/photo.php?fbid=2957492804542225&set=a.504567235015204&type=3,0
1692583127699872_2955354244756081,https://facebook.com/1692583127699872_2955354244756081,1692583127699872,05 May 2022 08:49:00 AM,link,"Conoce las metricas más importantes del comercio electrónico de Guatemala ??

https://www.qpaypro.com/las-metricas-mas-importantes-del-ecommerce-en-guatemala/ 

#eCommerce #Guatemala #PagosEnLínea",92,0,0,1,0,0,0,0,0,,https://l.facebook.com/l.php?u=https%3A%2F%2Fwww.qpaypro.com%2Flas-metricas-mas-importantes-del-ecommerce-en-guatemala%2F&h=AUB6g2dAFpfZpVnGUoN3a_UCo5KzhD3NLwP2dbL4pfpXDmhUO7Zn5fwbdHboDbLR2l2lGp0bOqd9NH6bEOuWlPJAWiYnXaOmPTA-p3aYqeVi52JCUFWR7EueXmtO0AdD&s=1,93
1692583127699872_2954587714832734,https://facebook.com/1692583127699872_2954587714832734,1692583127699872,04 May 2022 08:22:00 AM,photo,"La transformación digital que impulsó la pandemia aumentó enormemente el número de personas que prefieren realizar sus comprar en línea.
Con Qpaypro permites que puedan realizar sus pagos desde tu tienda online. ?

Únete a esta transformación, contáctanos para más información:

PBX +(502) 2311-5001
ventas@qpaypro.com
www.qpaypro.com",1,0,0,0,0,0,0,0,0,,https://www.facebook.com/photo.php?fbid=2954587714832734&set=a.504567235015204&type=3,1
1692583127699872_2952512821706890,https://facebook.com/1692583127699872_2952512821706890,1692583127699872,01 May 2022 06:14:53 PM,photo,"Los verdaderos héroes son quienes trabajan con pasión y entrega. Gracias a los héroes que trabajan con Qpaypro. 

¿Ya tienes tu servicio? Contáctanos. 

PBX +(502) 2311-5001
ventas@qpaypro.com
www.qpaypro.com
 
#DiaDelTrabajo
#Qpaypro
#PagosEnLinea",1,0,0,0,0,0,0,0,0,,https://www.facebook.com/photo.php?fbid=2952512821706890&set=a.504567235015204&type=3,1
1692583127699872_2950284915263014,https://facebook.com/1692583127699872_2950284915263014,1692583127699872,28 Apr 2022 03:38:00 PM,photo,"Gestionar tu tienda en línea nunca fue tan fácil ??

Añade un chat en vivo a una tienda en línea con Qpayshop y brinda atención personalizada a tus clientes.

Contáctanos:

PBX +(502) 2311-5001
ventas@qpaypro.com
www.qpaypro.com

#eComerce
#SolucionesDePago
#PagosEnLinea",0,0,0,0,0,0,0,0,0,,https://www.facebook.com/photo.php?fbid=2950284915263014&set=a.504567235015204&type=3,0
1692583127699872_2949630201995152,https://facebook.com/1692583127699872_2949630201995152,1692583127699872,27 Apr 2022 04:19:57 PM,photo,"Queremos invitarte este viernes 29 de Abril a las 10 de la mañana, a nuestra 5ta sesión QpayU, ""Marca® El pilar clave para transmitir la confianza que tu negocio necesita"", con nuestro invitado experto LuisFer Alvarez. 

Recuerda que todas nuestras sesiones son gratuitas y exclusivas para nuestros clientes Qpaypro, así que te recomendamos no perderte ninguna. 

Conoce más de Qpaypro en www.qpaypro.com

#QpayU #Emprendimiento #Marketing #eCommerce",0,0,0,0,0,0,0,0,0,,https://www.facebook.com/photo.php?fbid=2949630201995152&set=a.504567235015204&type=3,0
1692583127699872_2948314838793355,https://facebook.com/1692583127699872_2948314838793355,1692583127699872,25 Apr 2022 05:54:00 PM,photo,"¿Cónoces nuestro programa Qpayu? ? 

Invitamos a toda nuestra comunidad Qpaypro a participar en nuestras sesiones digitales con contenido de valor para tu negocio totalmente gratis. ??

Conoce más de nuestro programa en https://zcu.io/DjxU
 
Contáctanos para más información:
PBX +(502) 2311-5001
ventas@qpaypro.com

#eComerce
#SolucionesDePago
#PagosEnLinea",2,0,0,0,0,0,0,0,0,,https://www.facebook.com/photo.php?fbid=2948314838793355&set=a.504567235015204&type=3,2
1692583127699872_2944509952507177,https://facebook.com/1692583127699872_2944509952507177,1692583127699872,20 Apr 2022 08:34:00 AM,photo,"Tu negocio cuenta con una estrategia de pago como ¿planes de suscripción? ? ? ? 

Solicita información de Qpaybilling y conoce todos los beneficios que tenemos para ti.

Contáctanos para más información:
PBX +(502) 2311-5001
ventas@qpaypro.com
www.qpaypro.com

#eComerce
#SolucionesDePago
#PagosEnLinea",1,0,0,0,0,0,0,0,0,,https://www.facebook.com/photo.php?fbid=2944509952507177&set=a.504567235015204&type=3,1
1692583127699872_2941335312824641,https://facebook.com/1692583127699872_2941335312824641,1692583127699872,15 Apr 2022 07:14:00 PM,photo,"??  Añade Facebook Messenger a tu tienda en línea para que puedas atender a tus clientes desde esta vía desde Qpayshop. ¿Ya cuentas con una tienda en línea? Si aún no cuentas con una solicita más información:

PBX +(502) 2311-5001
ventas@qpaypro.com
www.qpaypro.com
 
#eComerce
#SolucionesDePago
#PagosEnLinea",2,0,0,0,0,0,0,0,0,,https://www.facebook.com/photo.php?fbid=2941335312824641&set=a.504567235015204&type=3,2
1692583127699872_2940325842925588,https://facebook.com/1692583127699872_2940325842925588,1692583127699872,14 Apr 2022 08:17:00 AM,photo,"Gestiona sin esfuerzo todo el ciclo de vida del cliente. ¡Cobra tus suscripciones fácilmente! ??‍♂️?? 

Contáctanos para más información:
PBX +(502) 2311-5001
ventas@qpaypro.com
www.qpaypro.com
 
#eComerce
#SolucionesDePago
#PagosEnLinea",1,0,0,0,0,0,0,0,0,,https://www.facebook.com/photo.php?fbid=2940325842925588&set=a.504567235015204&type=3,1
1692583127699872_2938300133128159,https://facebook.com/1692583127699872_2938300133128159,1692583127699872,11 Apr 2022 05:45:04 PM,album,"☝?? ¿Conoces los beneficios que Qpaypro te ofrece? Vista www.qpaypro.com para conocer más de nosotros. 
 
#eComerce
#SolucionesDePago
#PagosEnLinea",53,0,0,0,0,0,0,0,2,,https://www.facebook.com/504840204987907/posts/2938300133128159,53
1692583127699872_2935711326720373,https://facebook.com/1692583127699872_2935711326720373,1692583127699872,07 Apr 2022 06:37:00 PM,photo,"Realizar pagos nunca fue tan fácil, con Qpaypro te garantizamos transacciones seguras y confiables. ?? 

Con más de 500 mil transacciones procesadas somos la mejor opción para implementar cobros en línea para tu negocio. ??

Contáctanos para más información:

PBX +(502) 2311-5001
ventas@qpaypro.com
www.qpaypro.com

#eComerce #SolucionesDePago #PagosEnLinea",2,0,0,0,0,0,0,0,0,,https://www.facebook.com/photo.php?fbid=2935711326720373&set=a.504567235015204&type=3,2
1692583127699872_2935008250124014,https://facebook.com/1692583127699872_2935008250124014,1692583127699872,06 Apr 2022 05:44:07 PM,photo,"Aumenta tus ventas al transaccionar fuera de guatemala, cobra en línea a tus clientes del exterior de forma rápida y segura. ✅??

Contáctanos para más información:

PBX +(502) 2311-5001
ventas@qpaypro.com
www.qpaypro.com

#eComerce #SolucionesDePago #PagosEnLinea",3,0,0,0,0,0,0,0,0,,https://www.facebook.com/photo.php?fbid=2935008250124014&set=a.504567235015204&type=3,3
1692583127699872_2934338773524295,https://facebook.com/1692583127699872_2934338773524295,1692583127699872,05 Apr 2022 06:36:00 PM,photo,"Con Qpaypro podrás facilitar las compras de tus clientes al brindarles la opción de pagar con tarjeta de debito y crédito en línea de una forma segura. ??‍✈️??

Contáctanos para más información:

PBX +(502) 2311-5001
ventas@qpaypro.com
www.qpaypro.com

#eComerce #SolucionesDePago #PagosEnLinea",201,1,2,0,0,0,0,2,0,,https://www.facebook.com/photo.php?fbid=2934338773524295&set=a.504567235015204&type=3,204
1692583127699872_2934294810195358,https://facebook.com/1692583127699872_2934294810195358,1692583127699872,05 Apr 2022 04:56:58 PM,photo,"Queremos invitarte este viernes 8 de Abril a las 10 de la mañana, a nuestra 4ta sesión QpayU, ""La importancia del cumplimiento legal en mi negocio"". 

Y en esta ocasión es una gran sorpresa porque te traemos a dos expertas en el tema:
Sofía Taracena y Paola Arana. 

Recuerda que todas nuestras sesiones son gratuitas y exclusivas para nuestros clientes Qpaypro, así que te recomendamos no perderte ninguna. 

#eCommerce #Guatemala #Qpayu",5,0,0,0,0,0,0,0,0,,https://www.facebook.com/photo.php?fbid=2934294810195358&set=a.504567235015204&type=3,5
1692583127699872_2932018250423014,https://facebook.com/1692583127699872_2932018250423014,1692583127699872,02 Apr 2022 10:01:01 AM,photo,"En Qpayshop puedes sincronizar fácilmente tus catálogos de productos en Facebook e Instagram para que puedas vender directamente en tus redes sociales.?️?

Nuestros servicios 
✅Qpaypro
✅Qpayshop
✅Qpaybilling

#eCommerce #payments #pagosenlinea #ventasenlinea #emprendedores  #Qpaypro  #Guatemala",2,0,0,0,0,0,0,0,0,,https://www.facebook.com/photo.php?fbid=2932018250423014&set=a.504567235015204&type=3,2
1692583127699872_2931424910482348,https://facebook.com/1692583127699872_2931424910482348,1692583127699872,01 Apr 2022 01:11:00 PM,photo,"¿Ya cuentas con una tienda en línea? ??
Vende desde tu propia tienda en línea con integración para pagos con tarjeta de crédito o débito. ? 

Contáctanos para más información:

PBX +(502) 2311-5001
ventas@qpaypro.com
www.qpaypro.com",1,0,0,0,0,0,1,0,0,,https://www.facebook.com/photo.php?fbid=2931424910482348&set=a.504567235015204&type=3,1
1692583127699872_2926621924295980,https://facebook.com/1692583127699872_2926621924295980,1692583127699872,25 Mar 2022 06:15:00 PM,photo,"En Qpaypro estamos creando experiencias de pago fáciles e innovadoras.??

Dale a tus clientes las facilidades que ellos necesitan. ?

¡Afíliate ahora! ✅

Visita nuestra pagina web www.qpaypro.com 

#eCommerce #tarjetasdecredito #pagosenlinea #vendeenlinea #Qpaypro #Guatemala",0,0,0,0,0,0,0,0,0,,https://www.facebook.com/photo.php?fbid=2926621924295980&set=a.504567235015204&type=3,0
1692583127699872_2925204314437741,https://facebook.com/1692583127699872_2925204314437741,1692583127699872,23 Mar 2022 06:10:00 PM,photo,"Estás en buenas manos, tenemos un grupo de expertos disponible por medio de whatsapp y llamadas para resolver cualquier inquietud. ?❓

Nuestros servicios 
✅Qpaypro
✅Qpayshop 
✅Qpaybilling

Visita nuestra pagina web www.qpaypro.com 

#guatemala #pagosenlinea #empredimeinto #ventasenlinea #pagosseguros #atencion #soporte",0,0,0,0,0,0,0,1,0,,https://www.facebook.com/photo.php?fbid=2925204314437741&set=a.504567235015204&type=3,0
1692583127699872_2921741148117391,https://facebook.com/1692583127699872_2921741148117391,1692583127699872,18 Mar 2022 07:11:00 PM,photo,"Rápido y sencillo, así es pagar con código QR ?

Afíliate a cualquiera de nuestros planes y disfruta de éste beneficio ?

#eCommerce  #Qpaypro #Guatemala",2,0,0,0,0,0,0,0,0,,https://www.facebook.com/photo.php?fbid=2921741148117391&set=a.504567235015204&type=3,2
1692583127699872_2919258978365608,https://facebook.com/1692583127699872_2919258978365608,1692583127699872,15 Mar 2022 09:09:00 AM,photo,"Una preocupación menos para ti y tu negocio.?

Somos la primera y única pasarela de pagos de Guatemala en recibir  todas las tarjetas de crédito ??️

¡En Qpaypro te ayudamos a crecer!

#eCommerce #payments #pagosenlinea #ventasenlinea #Shopping #Startups #emprendedores #Qpaypro  #Guatemala",3,0,0,0,0,0,1,0,0,,https://www.facebook.com/photo.php?fbid=2919258978365608&set=a.504567235015204&type=3,3
1692583127699872_2917976661827173,https://facebook.com/1692583127699872_2917976661827173,1692583127699872,13 Mar 2022 11:42:00 AM,photo,"Diversifica tus oportunidades de venta con links de pago ??‍?

Dale a tus clientes las facilidades que ellos necesitan. ?️

¡Afíliate ahora! ✅

Visita nuestra pagina web https://zcu.io/z3Sw 

#Ecommerce #payments #pagosenlinea #ventasenlinea #Shopping #Startups #emprendedores  #QPayPro  #Guatemala",0,0,0,0,0,0,0,0,0,,https://www.facebook.com/photo.php?fbid=2917976661827173&set=a.504567235015204&type=3,0
1692583127699872_2917302325227940,https://facebook.com/1692583127699872_2917302325227940,1692583127699872,12 Mar 2022 11:09:01 AM,photo,"✅Qpaypro Payments se encarga de procesar las transacciones de compra entre tu y tus clientes. Y ahora que ya puedes aceptar todas las tarjetas de crédito y débito ¿Qué esperas para disfrutar de todos los beneficios de vender en línea?

Afíliate y empieza a vender con la mejor plataforma de eCommerce en Guatemala ?? www.qpaypro.com

#Visa #Mastercard #AmericanExpress #eCommerce #payments #pagosenlinea #ventasenlinea #emprendedores  #Guatemala",88,1,2,0,0,0,0,2,0,,https://www.facebook.com/photo.php?fbid=2917302325227940&set=a.504567235015204&type=3,91
1692583127699872_2916506628640843,https://facebook.com/1692583127699872_2916506628640843,1692583127699872,11 Mar 2022 07:58:00 AM,photo,"Nos unimos con un mismo objetivo ayudar a cientos de negocios a digitalizarse ? Ahora tu comercio podrá aceptar tarjetas de American express y Cuotas #BAC ?

En Qpaypro trabajamos de la mano con los mejores para que el comercio digital en Guatemala siga creciendo ??

Y tu ¿Que esperas para afiliarte?

#eCommerce #Payments #Pagosenlinea #BACCredomatic #BAC #bank  #Qpaypro #Guatemala",6,0,0,0,0,0,0,0,0,,https://www.facebook.com/photo.php?fbid=2916506628640843&set=a.504567235015204&type=3,6
1692583127699872_2915826178708888,https://facebook.com/1692583127699872_2915826178708888,1692583127699872,10 Mar 2022 07:37:09 AM,photo,"Con Qpaypro tus clientes podrán pagar con cualquiera de las tarjetas de crédito más reconocidas a nivel mundial gracias a nuestra alianza con #BAC Credomatic. ??

Visa, Mastercard y American Express tres razones más para afiliarte y alcanzar tus metas. ??

Visita nuestra pagina web https://zcu.io/3aZ2 

#Ecommerce #payments #pagosenlinea #ventasenlinea #Shopping #Startups #emprendedores  #Qpaypro  #Guatemala",4,0,0,0,0,0,0,0,1,,https://www.facebook.com/photo.php?fbid=2915826178708888&set=a.504567235015204&type=3,4
1692583127699872_2915143695443803,https://facebook.com/1692583127699872_2915143695443803,1692583127699872,09 Mar 2022 07:05:00 AM,photo,"Estamos felices de anunciar esta nueva alianza con una de las entidades bancarias más importantes en Guatemala, la cual traerá grandes beneficios que se integrarán a tu plataforma de eCommerce. ??

Conoce más acerca de la gran alianza de Qpaypro y BAC Credomatic aquí ? https://zcu.io/Axt4 

¡Afíliate ahora a la mejor plataforma de eCommerce! ✅

#Ecommerce #payments #pagosenlinea #FinancialServices #BACCredomatic #BAC #Qpaypro #Guatemala",169,0,1,1,0,0,4,2,5,,https://www.facebook.com/photo.php?fbid=2915143695443803&set=a.504567235015204&type=3,171
1692583127699872_2914548132170026,https://facebook.com/1692583127699872_2914548132170026,1692583127699872,08 Mar 2022 09:32:58 AM,photo,"Tu negocio necesita una plataforma con todas las funciones de eCommerce que te ayuden a gestionar y crecer tu negocio?

Crear tu propia tienda en línea fácilmente y en cuestión de minutos ⌛https://www.qpaypro.com/qpayshop/       

#Ecommerce #payments #pagosenlinea #ventasenlinea #Shopping #Startups #emprendedores  #Qpaypro  #Guatemala",0,0,0,0,0,0,0,0,0,,https://www.facebook.com/photo.php?fbid=2914548132170026&set=a.504567235015204&type=3,0
1692583127699872_2914040312220808,https://facebook.com/1692583127699872_2914040312220808,1692583127699872,07 Mar 2022 04:54:37 PM,photo,"Queremos invitarte este miércoles a nuestra 2da sesión QpayU, ""La Gestión del Talento Humano desde la selección hasta la contratación"", que la estará realizando la experta Heidy Chinchilla, este miércoles 09 de marzo a las 10:00 de la mañana.

Recuerda que todas nuestras sesiones son gratuitas y exclusivas para nuestros clientes QpayPro, así que te recomendamos no perderte ninguna. 

Conoce más de Qpaypro en ? https://www.qpaypro.com/ 

#QpayU #Guatemala #eCommerce #TalentoHumano #HeidyChinchilla",2,0,0,0,0,0,0,0,0,,https://www.facebook.com/photo.php?fbid=2914040312220808&set=a.504567235015204&type=3,2
1692583127699872_2911962332428606,https://facebook.com/1692583127699872_2911962332428606,1692583127699872,04 Mar 2022 04:01:21 PM,photo,"Cada vez más empresas entre pequeñas, medianas y grandes, confían en nosotros para ser su pasarela de pagos online. ??

Anímate a crecer con nosotros e íntegra Qpaypro a tu sitio web fácilmente ?

#Ecommerce #payments #pagosenlinea #ventasenlinea #Shopping #Startups #emprendedores  #Qpaypro #Guatemala",2,0,0,0,0,0,0,0,0,,https://www.facebook.com/photo.php?fbid=2911962332428606&set=a.504567235015204&type=3,2
1692583127699872_2911229979168508,https://facebook.com/1692583127699872_2911229979168508,1692583127699872,03 Mar 2022 03:22:50 PM,photo,"¿Tienes un negocio por suscripción? ⬇️ Programa tus cobros recurrentes de manera semanal, mensual ó anual ?

Automatiza procesos y ahorra tiempos ⏳ con Qqpaybilling 

Afíliate y empieza a disfrutar de nuestros servicios : https://www.qpaypro.com/qpaybilling/
??

#Ecommerce #payments #pagosenlinea #Billing #Onlinesales #ventasenlinea #Shopping #Qpaypro  #Guatemala",2,0,0,0,0,0,0,0,0,,https://www.facebook.com/photo.php?fbid=2911229979168508&set=a.504567235015204&type=3,2
1692583127699872_2905476653077174,https://facebook.com/1692583127699872_2905476653077174,1692583127699872,23 Feb 2022 03:57:41 PM,album,"✔️ Experiencia de usuario optimizada 
✔️ Integración con QPayPro en 5 minutos

¿Quieres conocer más beneficios? ????‍♂️ Vista www.qpaypro.com

 #eCommerce #PasarelaDePagos #PagosEnLinea #Guatemala",1,0,0,0,0,0,0,0,0,,https://www.facebook.com/504840204987907/posts/2905476653077174,1
1692583127699872_2904794983145341,https://facebook.com/1692583127699872_2904794983145341,1692583127699872,22 Feb 2022 05:25:20 PM,link,"Descubre la importancia de tener pagos seguros con tarjetas en tu eCommerce ??

Conoce porque vender con QPayPro es más fácil y seguro ? 
",3,0,0,0,0,0,0,0,0,,https://l.facebook.com/l.php?u=https%3A%2F%2Fwww.qpaypro.com%2Fimportancia-de-los-pagos-electronicos-seguros%2F&h=AUA-mPofJobg2V8OtfN9J-lqv2fuWmXt6hzJmeZzCFb1C-RVVh2977BdGvIPqAG8P_rLufOF2kt_25WruGU42QEmvhBN4si3rTKoPqy-KeYSPU4qv2RM1_gH68fSMi3q&s=1,3
1692583127699872_2903962163228623,https://facebook.com/1692583127699872_2903962163228623,1692583127699872,21 Feb 2022 02:43:14 PM,album,"El objetivo del Retargeting ó Remarketing es impactar de nuevo en aquellos usuarios que ya conocen tu marca, de este modo, harás avanzar más rápido a los usuarios por el embudo de conversión, aumentarás el reconocimiento de tu marca y ampliarás las posibilidades de lograr una venta.

Recuerda acompañarlo con gatillos mentales para que sea más eficaz y así lograr más conversiones.

#retargeting #eCommerce #marketing #guatemala",4,0,0,0,0,0,0,0,0,,https://www.facebook.com/504840204987907/posts/2903962163228623,4
1692583127699872_2902016596756513,https://facebook.com/1692583127699872_2902016596756513,1692583127699872,18 Feb 2022 08:07:14 PM,photo,,3,1,0,0,0,0,0,0,0,,https://www.facebook.com/photo.php?fbid=4877572132336425&set=a.455325566609749&type=3,4
1692583127699872_2901971593427680,https://facebook.com/1692583127699872_2901971593427680,1692583127699872,18 Feb 2022 06:21:00 PM,photo,"Te recordamos que al adquirir tu afiliación en QpayPro, tienes acceso a nuestro programa QpayU, sesiones con expertos en diversos temas de negocio.

Este miércoles 23 de febrero, tendremos a nuestro invitado especial Herbert Sapper quien nos impartirá la primera sesión de QpayU: Estrategia y Ejecución, la clave del crecimiento ágil.

??‍♂️??Afíliate ahora mismo ingresando a ? www.qpaypro.com",5,0,0,0,0,0,0,0,0,,https://www.facebook.com/photo.php?fbid=2901971593427680&set=a.504567235015204&type=3,5
1692583127699872_2901020966856076,https://facebook.com/1692583127699872_2901020966856076,1692583127699872,17 Feb 2022 08:21:00 AM,video,"Para nosotros en QpayPro formar parte de la estrategia de cada uno de nuestros comercios es lo más importante.

Sabemos que como empresa, hay otras áreas de negocio que también son indispensables reforzar para lograr resultados extraordinarios, como estrategia, operaciones, marketing, recursos humanos, branding, legal, etc.

Es por esto que al adquirir tu afiliación en QpayPro tienes acceso exclusivo a QpayU,  sesiones con expertos de diversos temas de negocio que te ayudarán a impulsar tus resultados. 

Si aún no eres cliente de QPayPro puedes afiliarte aquí ? https://zcu.io/JgwJ",4,0,0,0,0,0,0,0,0,,https://www.facebook.com/504840204987907/videos/447635993729434,4
1692583127699872_2895212564103583,https://facebook.com/1692583127699872_2895212564103583,1692583127699872,08 Feb 2022 05:19:28 PM,photo,"No te pierdas la oportunidad de empezar a vender en línea aceptando tarjetas de crédito y débito en el mes del amor y la amistad.

Regístrate del 8 al 17 de febrero y recibe el 20% de descuento en tu afiliación a QPayPro aquí ?https://zcu.io/0s13 

#PROMO #eCommerce #Guatemala",1,0,0,0,0,0,0,0,0,,https://www.facebook.com/photo.php?fbid=2895212564103583&set=a.504567235015204&type=3,1
1692583127699872_2877644995860340,https://facebook.com/1692583127699872_2877644995860340,1692583127699872,13 Jan 2022 09:42:34 AM,video,"Próximamente, nuevas alianzas que se integrarán a tu plataforma de eCommerce QPayPro.

#TarjetasDeCredito #BAC #eCommerce #QPayPro",4,0,0,0,0,0,1,0,0,,https://www.facebook.com/504840204987907/videos/955503265380476,4
1692583127699872_2868611500097023,https://facebook.com/1692583127699872_2868611500097023,1692583127699872,31 Dec 2021 08:25:00 AM,photo,"¿Qué esperas para vender más cada día? Con nuestras soluciones eCommerce siempre podrás enfocarte en vender más de manera fácil, rápida y segura.",3,0,0,0,0,0,0,0,0,,https://www.facebook.com/photo.php?fbid=2868611500097023&set=a.504567235015204&type=3,3
1692583127699872_2863608160597357,https://facebook.com/1692583127699872_2863608160597357,1692583127699872,24 Dec 2021 07:36:00 AM,photo,"Enfoca tus estrategias para descubrir nuevos insights en el Q5 y aprovecha nuevas oportunidades para aumentar tus ventas en fin de año.

#QPayPro #Q5 #VentasEnLínea #Guatemala",3,0,0,0,0,0,0,0,0,,https://www.facebook.com/photo.php?fbid=2863608160597357&set=a.504567235015204&type=3,3
1692583127699872_2862971960660977,https://facebook.com/1692583127699872_2862971960660977,1692583127699872,23 Dec 2021 08:28:26 AM,video,"#QPayTalks ??Nuestros amigos de Compu Fire nos cuentan que canales de venta utilizan.

Compra en línea y paga con tarjeta en: https://compufire.com.gt/

#QPayPro #PagosEnLinea #TarjetasDeCredito #Guatemala",0,0,0,0,0,0,0,0,0,,https://www.facebook.com/504840204987907/videos/1276968222784274,0
1692583127699872_2862476414043865,https://facebook.com/1692583127699872_2862476414043865,1692583127699872,22 Dec 2021 02:19:26 PM,video,"#QPayTalks Do Mi Sol nos cuenta como fue integrar QPayPro a su tienda en línea.

Compra en línea y paga con tarjeta en: https://www.domisolmusic.com/ 

#eCommerce #TiendaEnLinea #TarjetasDeCredito",0,0,0,0,0,0,0,0,0,,https://www.facebook.com/504840204987907/videos/294412452633022,0
1692583127699872_2861614250796748,https://facebook.com/1692583127699872_2861614250796748,1692583127699872,21 Dec 2021 08:02:00 AM,photo,"¿Ya usaste los nuevos pagos con QR? Que esperas para tenerlo con QPayPro. ?

#QR #eCommerce #Guatemala",2,0,0,0,0,0,0,0,0,,https://www.facebook.com/photo.php?fbid=2861614250796748&set=a.504567235015204&type=3,2
1692583127699872_2861072240850949,https://facebook.com/1692583127699872_2861072240850949,1692583127699872,20 Dec 2021 11:37:00 AM,photo,"En tu tienda online y las redes sociales la imagen juega un papel fundamental para motivar la compra de tus productos, Siembre busca presentar la mejor imagen lo más real posible y mostrando todas las características de tus productos con la ayuda de una buena iluminación al hacer tus fotos.

#QPayPro #QPayShop #eCommerce #Fotografia",0,0,0,0,0,0,0,0,0,,https://www.facebook.com/photo.php?fbid=2861072240850949&set=a.504567235015204&type=3,0
1692583127699872_2858939387730901,https://facebook.com/1692583127699872_2858939387730901,1692583127699872,17 Dec 2021 08:07:00 AM,photo,"El 40% de las las transaciones se hacen a cuotas y esta tendencia solo va en aumento, facilita aún más la compra a tus clientes permitiendoles hacer sus compras a cuotas en tu eCommerce.

Pregúntanos como habilitar visacuotas y mastercuotas con QPayPro ?

#TarjetasDeCredito #eCommerce #VentasEnLínea #Guatemala",3,1,0,0,0,0,0,0,0,,https://www.facebook.com/photo.php?fbid=2858939387730901&set=a.504567235015204&type=3,4
1692583127699872_2858294227795417,https://facebook.com/1692583127699872_2858294227795417,1692583127699872,16 Dec 2021 08:52:00 AM,photo,"Servir es nuestra primera obligación​. ?
Somos una empresa comprometida a vivir nuestros valores institucionales y ser referentes de ello.​?✅

#Servir #QPayPro #Guatemala",4,1,0,0,0,0,1,0,0,,https://www.facebook.com/photo.php?fbid=2858294227795417&set=a.504567235015204&type=3,5
1692583127699872_2857033797921460,https://facebook.com/1692583127699872_2857033797921460,1692583127699872,14 Dec 2021 10:50:06 AM,album,"Define tu Buyer persona ?
Una vez que lo hagas, estarás un paso más cerca de alcanzar la estrategia perfecta junto a  QPayPro,  por eso hemos elaborado una plantilla que te ayudará a detallar cada una de las características de tus clientes ideales, con el fin de conocerlos a fondo y poder elaborar estrategias más efectivas y personalizadas. 

Descárgala aquí https://zcu.io/e00k 

#eCommerce #Marketing #QPayPro #Guatemala",3,0,0,0,0,0,0,0,1,,https://www.facebook.com/504840204987907/posts/2857033797921460,3
1692583127699872_2856358451322328,https://facebook.com/1692583127699872_2856358451322328,1692583127699872,13 Dec 2021 04:09:00 PM,photo,"Con #QPayBilling encuentras mucho más que un sistema de cobros recurrentes.

Dispones de todas las herramientas necesarias para gestionar el ciclo de vida de tus clientes, desde aceptar pagos recurrentes hasta la gestión de suscripciones a tus diferentes servicios de una manera fácil, cómoda y práctica.

#TarjetasDeCredito #QPayPro #Suscripciones",2,0,0,0,0,0,0,0,0,,https://www.facebook.com/photo.php?fbid=2856358451322328&set=a.504567235015204&type=3,2
1692583127699872_2853426241615549,https://facebook.com/1692583127699872_2853426241615549,1692583127699872,09 Dec 2021 08:29:16 AM,link,"En momentos en los que nuestro entorno cambia con inusual velocidad, necesitamos herramientas que nos permitan afrontarlo sin quedarnos un paso atrás.  

La visión de facilitar e incentivar eCommerce en Guatemala ha llevado a Qpaypro a desarrollar, no solo herramientas y soluciones sino a la realización de eventos sin precedentes en el país. 

Conoce más en nuestro blog aquí ? https://zcu.io/JYmi",1,0,0,0,0,0,0,0,0,,https://l.facebook.com/l.php?u=https%3A%2F%2Fwww.qpaypro.com%2Fsoluciones-inteligentes-respaldan-crecimiento-empresarial%2F&h=AUCUSPb1IaQnbsX8vXttAfwC795rOHEzlqh0_fOZUVbgbnmfLJ4zAjsgpUUwtbHGz7ZiSzjl9LkLkKBrktACpedmt2mhpPNKfcqljSxROCJX1PJyuWEC-2KMOsWpBDrj&s=1,1
1692583127699872_2849446848680155,https://facebook.com/1692583127699872_2849446848680155,1692583127699872,03 Dec 2021 10:35:13 AM,photo,?¡Ú-L-T-I-M-O  D-Í-A!? Entra YA? y no te pierdas de todas la ofertas que ClickSale tiene al alcance de un clic ?️. Solo en https://clicksale.gt/,1,0,0,0,0,0,0,0,0,,https://www.facebook.com/photo.php?fbid=2849446848680155&set=a.504567235015204&type=3,1
1692583127699872_2849357882022385,https://facebook.com/1692583127699872_2849357882022385,1692583127699872,03 Dec 2021 07:52:01 AM,photo,"#QPayPro cuenta con el respaldo de cientos de clientes, a quienes les permite aceptar pagos en línea con tarjeta de crédito y débito en Guatemala y facilitar así la compra a sus clientes sin importar el canal de venta en el que estos se encuentren.  

#TarjetaDeCredito #PagosEnLinea #Guatemala",2,0,0,0,0,0,2,0,0,,https://www.facebook.com/photo.php?fbid=2849357882022385&set=a.504567235015204&type=3,2
1692583127699872_2849344738690366,https://facebook.com/1692583127699872_2849344738690366,1692583127699872,03 Dec 2021 07:31:00 AM,photo,"La transformación digital que impulsó la pandemia aumentó enormemente el numero de personas que prefieren utilizar tarjetas de credito por encima del efectivo, totalmente comprensible si pensamos en las ventajas que ven los consumidores al pagar con tarjetas. ?

✅ Ahorra tiempo haciendo que sea más facil realizar compras desde casa.
✅  Mantener un registro, los estados de cuenta de las tarjetas de crédito pueden ayudar a dar seguimiento a los gastos.
✅ Beneficios, desde programas de viajero frecuente hasta descuentos en la compra de diferentes articulos.
✅ Préstamos a bajo costo, muchos clientes puden hacer uso de un crédito rotativo para aprovechar una oferta cuando no vayan a tener dinero en efectivo disponible hasta dentro de una semana.",1,0,0,0,0,0,0,0,0,,https://www.facebook.com/photo.php?fbid=2849344738690366&set=a.504567235015204&type=3,1
1692583127699872_2848702748754565,https://facebook.com/1692583127699872_2848702748754565,1692583127699872,02 Dec 2021 08:04:00 AM,photo,?? ¡TECNO AL ALCANCE DE UN CLIC! ?? Aprovecha hasta 50% OFF en tus marcas favoritas solo en www.clicksale.gt,1,0,0,0,0,0,0,0,0,,https://www.facebook.com/photo.php?fbid=2848702748754565&set=a.504567235015204&type=3,1
1692583127699872_2848297568795083,https://facebook.com/1692583127699872_2848297568795083,1692583127699872,01 Dec 2021 05:02:00 PM,photo,"¡Alista la maleta para tu próximo viaje!? Te damos hasta 50% OFF para que disfrutes tus vacaciones este fin de año.

Conoce las ofertas en www.clicksale.gt",0,0,0,0,0,0,0,0,0,,https://www.facebook.com/photo.php?fbid=2848297568795083&set=a.504567235015204&type=3,0
1692583127699872_2847482258876614,https://facebook.com/1692583127699872_2847482258876614,1692583127699872,30 Nov 2021 10:59:00 AM,photo,"¡Corre ?y no te pierdas ninguna Cyberofertas ?️  al alcance de un clic!?️ Ingresa a www.clicksale.gt y conoce todas las categorías, marcas y descuentos? 

ClickSale del 29 de noviembre al 3 de diciembree, no te pierdas ninguna oportunidad",1,0,0,0,0,0,0,0,0,,https://www.facebook.com/photo.php?fbid=2847482258876614&set=a.504567235015204&type=3,1
1692583127699872_2846506058974234,https://facebook.com/1692583127699872_2846506058974234,1692583127699872,29 Nov 2021 12:00:00 AM,photo,"?? ¡CLICKSALE EMPEZÓ!?? Todo lo que quieras al alcance un clic ?️ ya está aquí, ingresa y conoce todas las marcas?️ y  cyberofertas a partir de las 12:00 pm?
¡Encuentra lo que buscas en https://zcu.io/Jtf4! ?",1,0,0,0,0,0,0,3,15,,https://www.facebook.com/photo.php?fbid=2846506058974234&set=a.504567235015204&type=3,1
1692583127699872_2846069595684547,https://facebook.com/1692583127699872_2846069595684547,1692583127699872,28 Nov 2021 07:41:00 AM,photo,"? ? ¡ESTAMOS A SOLO 1 DÍA!? ?  ClickSale llega como siempre lo soñaste, regístrate YA en www.clicksale.gt  y no te pierdas ninguna oferta al alcance de un clic. ?️

¡No lo dejes pasar!",2,0,0,0,0,0,0,0,0,,https://www.facebook.com/photo.php?fbid=2846069595684547&set=a.504567235015204&type=3,2
1692583127699872_2845470979077742,https://facebook.com/1692583127699872_2845470979077742,1692583127699872,27 Nov 2021 08:27:00 AM,photo,"??¡SOLO FALTAN 2 DÍAS! ?? Con ClickSale  puedes comprar desde donde quieras ?  y lo que quieras ? a los mejores precios al alcance de un clic. ?️

No olvides registrarte y no perderte de ninguna oferta ? www.clicksale.gt",1,0,0,0,0,0,0,0,0,,https://www.facebook.com/photo.php?fbid=2845470979077742&set=a.504567235015204&type=3,1
1692583127699872_2844776092480564,https://facebook.com/1692583127699872_2844776092480564,1692583127699872,26 Nov 2021 07:21:00 AM,photo,"??¡QUEDAN 3 DÍAS! ?? ClickSale llega con miles de ofertas en diferentes categorías solo para ti.? Inscríbete y no te pierdas de ninguna oportunidad de tener lo que sueñas. ☁️

Inscríbete en www.clicksale.gt",1,0,0,0,0,0,0,0,0,,https://www.facebook.com/photo.php?fbid=2844776092480564&set=a.504567235015204&type=3,1
1692583127699872_2844359679188872,https://facebook.com/1692583127699872_2844359679188872,1692583127699872,25 Nov 2021 03:04:01 PM,photo,"?¡No te pierdas de nada de lo que ClickSale tiene para ti!? Regístrate en www.clicksale.gt y aprovecha de todas las Cyberofertas al alcance de un clic

?Del 29 de noviembre al 3 de diciembre.",2,0,0,0,0,0,0,0,0,,https://www.facebook.com/photo.php?fbid=2844359679188872&set=a.504567235015204&type=3,2
1692583127699872_2844140629210777,https://facebook.com/1692583127699872_2844140629210777,1692583127699872,25 Nov 2021 07:31:00 AM,link,"En QPayPro creamos experiencias eCommerce y pagos digitales faciles e innovadoras que mejoran los negocios de nuestros clientes día con día como los nuevos pagos con QR o QPayTokens que ahorra tiempo a tus clientes, permitiendo que almacenen sus métodos de pago o tarjetas directamente desde la aplicación de forma rápida y segura.

Más que solo una solución de pagos electrónicos, nos vemos realmente como socios estratégicos de nuestros negocios afiliados. Conoce más sobre la tecnología de vanguardia para pagos en línea  que tenemos en QPayPro aquí ? https://zcu.io/xT0W 

#eCommerce #QPaytokens #Guatemala #PagosEnLínea",2,0,0,0,0,0,0,0,0,,https://l.facebook.com/l.php?u=https%3A%2F%2Fwww.qpaypro.com%2F2021%2F11%2F24%2Ftokenizacion-y-codigo-qr-tecnologia-de-vanguardia-para-pagos-en-linea%2F&h=AUBcmmpLwytVIrvB6U4tGBAR88VT8joJMofZ8HMcrLGZZNQ0aOP01tnOMeyVkc21TvDGcXuF6DD1AvCrDjXmGrc3tDY1IHloG-bimJfTSHDH88i6hAHjosFPs0SuJhCF&s=1,2
1692583127699872_2843786939246146,https://facebook.com/1692583127699872_2843786939246146,1692583127699872,24 Nov 2021 06:33:07 PM,video,"¡PREPARADOS!?
ClickSale llega del 29 de noviembre al 3 de diciembre con miles de ofertas increíbles?.  Recuerda que para conocer toda la información de lo que te traemos esta edición, debes inscribirte en https://zcu.io/6EFx 

¡NO TE PIERDAS LAS MEJORES OFERTAS DEL AÑO! ?",6,0,0,0,0,0,0,1,0,,https://www.facebook.com/504840204987907/videos/880690869244453,6
1692583127699872_2843764639248376,https://facebook.com/1692583127699872_2843764639248376,1692583127699872,24 Nov 2021 05:45:00 PM,photo,"?¡Te imaginas tener miles de posibilidades para comprar lo que siempre quisiste!? No te pierdas miles de cyberofertas al alcance de un click⚡️ 

No te lo pierdas en ? www.clicksale.gt",1,0,0,0,0,0,0,0,0,,https://www.facebook.com/photo.php?fbid=2843764639248376&set=a.504567235015204&type=3,1
1692583127699872_2843129739311866,https://facebook.com/1692583127699872_2843129739311866,1692583127699872,23 Nov 2021 06:54:00 PM,photo,"Llega una nueva oportunidad para disfrutar miles de ofertas a un solo clic. Prepárate para #ClickSale.gt, el cyber evento que reunirá a marcas de diferentes categorías para ofrecerte los mejores productos y servicios en descuento.
⠀
? 29 de noviembre al 3 de diciembre  | Inscríbete en https://zcu.io/n6Gy",2,0,0,0,0,0,0,0,0,,https://www.facebook.com/photo.php?fbid=2843129739311866&set=a.504567235015204&type=3,2
1692583127699872_2842229359401904,https://facebook.com/1692583127699872_2842229359401904,1692583127699872,22 Nov 2021 09:04:00 AM,photo,"Crea tus plantillas de pago, modifica tus cuotas y conoce las múltiples novedades que hemos añadido para ti. ?",1,0,0,0,0,0,0,0,0,,https://www.facebook.com/photo.php?fbid=2842229359401904&set=a.504567235015204&type=3,1
1692583127699872_2840166906274816,https://facebook.com/1692583127699872_2840166906274816,1692583127699872,19 Nov 2021 07:52:00 AM,photo,"Únete a los cientos de clientes que impulsan su negocio diariamente con QPayPro.

#PagosEnLinea #TarjetasDeCredito #eCommerce #Guatemala",0,0,0,0,0,0,0,0,0,,https://www.facebook.com/photo.php?fbid=2840166906274816&set=a.504567235015204&type=3,0
1692583127699872_2839483586343148,https://facebook.com/1692583127699872_2839483586343148,1692583127699872,18 Nov 2021 07:55:00 AM,photo,? Nuestra misión empresarial en QPayPro.,2,0,0,0,0,0,0,0,0,,https://www.facebook.com/photo.php?fbid=2839483586343148&set=a.504567235015204&type=3,2
1692583127699872_2838106833147490,https://facebook.com/1692583127699872_2838106833147490,1692583127699872,16 Nov 2021 08:15:00 AM,photo,"Las redes sociales y las tiendas online ya están más integradas en la vida de los consumidores que nunca. Por eso no es de extrañar que las marcas las utilicen para llegar a su publico ideal, gracias a la conversación y a la humanización de la marca.

#SocialCommerce #eCommerce #QpayPro",0,0,0,0,0,0,0,0,0,,https://www.facebook.com/photo.php?fbid=2838106833147490&set=a.504567235015204&type=3,0
1692583127699872_2837429119881928,https://facebook.com/1692583127699872_2837429119881928,1692583127699872,15 Nov 2021 08:02:00 AM,photo,"Empezar a vender tus productos con tu propia tienda en línea es más fácil que nunca, con 3 pasos puedes crear tus productos en QPayShop.

Crea tu cuenta DEMO y compruebalo por ti mismo aquí ? https://zcu.io/twnB 

#QPayShop #eCommerce #TiendaEnLínea",2,0,0,0,0,1,0,0,0,,https://www.facebook.com/photo.php?fbid=2837429119881928&set=a.504567235015204&type=3,3
1692583127699872_2835304890094351,https://facebook.com/1692583127699872_2835304890094351,1692583127699872,12 Nov 2021 08:05:00 AM,photo,"Gracias a los anuncios en redes sociales puedes llegar a clientes potenciales que de otra manera, jamás hubieran conocido tu tienda online. ?

#FacebookAds #eCommerce #Guatemala",2,0,0,0,0,0,0,0,0,,https://www.facebook.com/photo.php?fbid=2835304890094351&set=a.504567235015204&type=3,2
1692583127699872_2834591056832401,https://facebook.com/1692583127699872_2834591056832401,1692583127699872,11 Nov 2021 08:05:10 AM,album,"El Black Friday es sinónimo de compras, clientes y aumento en las transacciones para los los negocios, por eso y para que no te pille desprevenido te traemos algunas estrategías de marketing para Black Friday que puedes implementar facilmente en tu negocio.

No olvides que con tu afiliación a QPayPro tienes acceso a mentorias y sesiones con nuestros especialistas en eCommerce para a implementar estás y más estrategias de marketing para tu eCommerce.",5,0,0,0,0,0,0,2,0,,https://www.facebook.com/504840204987907/posts/2834591056832401,5
1692583127699872_2833178660306974,https://facebook.com/1692583127699872_2833178660306974,1692583127699872,09 Nov 2021 07:59:02 AM,photo,"? Envía links de pago a tus clientes para que te paguen con tarjeta desde cualquier lugar. 

#LinksDePago #eCommerce #TarjetasDeCredito",6,0,0,0,0,1,0,0,0,,https://www.facebook.com/photo.php?fbid=2833178660306974&set=a.504567235015204&type=3,7
1692583127699872_2832490463709127,https://facebook.com/1692583127699872_2832490463709127,1692583127699872,08 Nov 2021 07:52:00 AM,photo,"Ofrece a tus clientes la oportunidad de ver, hablar y participar con tu marca. Además te permite establecer lazos más estrechos durante los LIVE ?, y al mismo tiempo harás más humana tu marca.

Planifica y escoge la plataforma ideal que te conecte de manera más directa con tu audiencia.",2,1,0,0,0,0,0,0,0,,https://www.facebook.com/photo.php?fbid=2832490463709127&set=a.504567235015204&type=3,3
1692583127699872_2830397723918401,https://facebook.com/1692583127699872_2830397723918401,1692583127699872,05 Nov 2021 08:19:00 AM,photo,"Integra la mejor solución de eCommerce a tu tienda en línea con WooCommerce, con QPayPro acepta pagos con tarjetas, visacuotas y mastercuotas en 24 Hrs.

#WooCommerce #eCommerce #TarjetasDeCredito #Guatemala",5,1,0,0,0,1,1,0,1,,https://www.facebook.com/photo.php?fbid=2830397723918401&set=a.504567235015204&type=3,7
1692583127699872_2829975090627331,https://facebook.com/1692583127699872_2829975090627331,1692583127699872,04 Nov 2021 06:18:07 PM,video,"??Nuestros amigos de Mumuso Guatemala nos cuentan como fue esa primera venta cuando abrieron su tienda en línea ?

Compra en línea y paga con tarjeta en: https://www.mumuso.com.gt

#eCommerce #Mumuso #Guatemala #VentasOnline #PagosEnLinea #TarjetasDeCredito",4,0,0,0,0,0,0,0,0,,https://www.facebook.com/504840204987907/videos/1311392759314457,4
1692583127699872_2828886057402901,https://facebook.com/1692583127699872_2828886057402901,1692583127699872,03 Nov 2021 08:21:00 AM,photo,"Crea una estrategia de acuerdo a tu público objetivo, para impulsar las ventas de tu eCommerce ¿Cómo lo logras?

✔ Envíos GRATIS: Todo lo que diga “gratis”, vende. Si enviás el producto sin costo a tus clientes, esto se recibirá muy bien por parte de tus clientes potenciales, ya que percibirán que les estás ahorrando una buena cantidad de dinero.

✔ Ofrece descuentos en segundas compras: Para cualquier persona que está a punto de comprar algo, es realmente tentadora la posibilidad de llevarse un artículo más, aprovechando un descuento interesante.

✔ Sección de ofertas: Es importante tener en tu ecommerce una sección dedicada a la venta de artículos que están fuera de temporada, o que no han tenido salida.",1,0,0,0,0,0,0,1,0,,https://www.facebook.com/photo.php?fbid=2828886057402901&set=a.504567235015204&type=3,1
1692583127699872_2828441744113999,https://facebook.com/1692583127699872_2828441744113999,1692583127699872,02 Nov 2021 04:43:42 PM,photo,"Mejora el posicionamiento de tu tienda online con un blog de uso.

Atrae más personas a tu tienda online brindando contenidos de valor en tu blog como tutoriales y recetas que realmente sean útiles para tu publico objetivo.
 
#QPayPro #Blog #eCommerce",1,0,0,0,0,0,1,0,0,,https://www.facebook.com/photo.php?fbid=2828441744113999&set=a.504567235015204&type=3,1
1692583127699872_2816204442004396,https://facebook.com/1692583127699872_2816204442004396,1692583127699872,16 Oct 2021 09:33:36 AM,link,"¡Conoce las ventajas de poner tus cobros recurrentes en automatico!

?  Las suscrpciones con QPayBilling permiten agregar clientes a un plan creado para poder generar cobros recurrientes de tus servicios.

Aprende a reducir los impactos de las nuevas restricciones gubernamentales con QPayBilling aquí ?https://www.qpaypro.com/ventajas-de-utilizar-sistemas-de-cobro-automatico/",5,0,0,0,0,0,0,0,0,,https://l.facebook.com/l.php?u=https%3A%2F%2Fwww.qpaypro.com%2F2021%2F10%2F16%2Fventajas-de-utilizar-sistemas-de-cobro-automatico%2F&h=AUA8jpxIePoNtJBrOtQpYJx2hzUwbZvC9e5a0tqgiyOBsXuHPE4L7pVZWjGzbE0wI_AUMDoYk-akE_1yMbWoAvIQTU5rz-xoIWW5x-4cvCjVxYyUUHenPc8EEI920rD_&s=1,5
1692583127699872_2815650692059771,https://facebook.com/1692583127699872_2815650692059771,1692583127699872,15 Oct 2021 03:41:32 PM,video,"En QPayPro somos expertos en eCommerce y pagos digitales en Guatemala, ofreciendo soluciones fáciles e innovadoras que mejoran los negocios de nuestros clientes día con día.

Conoce más en ? www.qpaypro.com",3,0,0,0,0,0,0,0,0,,https://www.facebook.com/504840204987907/videos/293361679279847,3
1692583127699872_2808277466130427,https://facebook.com/1692583127699872_2808277466130427,1692583127699872,06 Oct 2021 09:23:23 AM,photo,Participa en la conferencia de nuestro Especialista en eCommerce Carlos Tánchez en la Feria Virtual de #Centromype aqui ? https://feria.cenpromype.org/stand/NjkwMw==,2,0,0,0,0,0,0,0,0,,https://www.facebook.com/photo.php?fbid=2808277466130427&set=a.504567235015204&type=3,2
1692583127699872_2808251076133066,https://facebook.com/1692583127699872_2808251076133066,1692583127699872,06 Oct 2021 08:51:55 AM,photo,"Participa y visítanos en nuestro stand en la Feria virtual de #Centromype
Visitanos aqui ? https://feria.cenpromype.org/stand/NjkwMw==",1,0,0,0,0,0,0,0,0,,https://www.facebook.com/photo.php?fbid=2808251076133066&set=a.504567235015204&type=3,1
1692583127699872_2807330059558501,https://facebook.com/1692583127699872_2807330059558501,1692583127699872,04 Oct 2021 06:29:08 PM,photo,"Si no quieres perder más ventas no dependas solo de las redes sociales para vender, sigue atendiendo a tus clientes desde tu propia tienda en línea con #Qpayshop.

Conoce más info aquí ? qpaypro.com/qpayshop
Llámanos al ? 2311-5001

#TiendaEnLinea #Ventas #TarjetasDeCredito #eCommerce #Guatemala",5,0,0,0,0,0,2,1,0,,https://www.facebook.com/photo.php?fbid=2807330059558501&set=a.504567235015204&type=3,5
1692583127699872_2804477709843736,https://facebook.com/1692583127699872_2804477709843736,1692583127699872,01 Oct 2021 08:11:32 AM,video,"??Nuestros amigos de Cantel nos cuentan como montar su tienda en línea con #Qpayshop.

??Compra en línea y paga con tarjeta en: https://cantel.com.gt/

#eCommerce #Qpaypro #PagosEnLinea #Cantel #Guatemala",2,0,0,0,0,0,0,0,0,,https://www.facebook.com/504840204987907/videos/290454442915454,2
1692583127699872_2803776949913812,https://facebook.com/1692583127699872_2803776949913812,1692583127699872,30 Sep 2021 09:52:58 AM,photo,"¿Estás listo para dar el primer paso en la digitalización de tu negocio? 

Visita nuestro stand de #Qpaypro en la Feria virtual de Proveedores Ecommerce en Centroamérica y El Caribe aquí ?http://feria.cenpromype.org/",5,0,0,0,0,0,0,1,0,,https://www.facebook.com/photo.php?fbid=2803776949913812&set=a.504567235015204&type=3,5
1692583127699872_2801554623469378,https://facebook.com/1692583127699872_2801554623469378,1692583127699872,27 Sep 2021 12:47:35 PM,photo,"¿Sabías que con con Qpayshop puedes crear una tienda DEMO?  ?

Descubre lo fácil que es crear tu tienda en línea aquí ?https://zcu.io/Y5Tg",2,0,0,0,0,0,0,1,0,,https://www.facebook.com/photo.php?fbid=2801554623469378&set=a.504567235015204&type=3,2
1692583127699872_2798438707114303,https://facebook.com/1692583127699872_2798438707114303,1692583127699872,23 Sep 2021 02:43:01 PM,photo,"¿Sábias que con #QPaypro todas tus transacciones están respaldadas sobre los más altos estándares de seguridad? Estamos certificados por Visanet Guatemala y avalados por Visa Internacional. 

#seguridad #visa #pagosenlinea # guatemala",2,0,0,0,0,0,0,1,0,,https://www.facebook.com/photo.php?fbid=2798438707114303&set=a.504567235015204&type=3,2
1692583127699872_2797591610532346,https://facebook.com/1692583127699872_2797591610532346,1692583127699872,22 Sep 2021 12:50:21 PM,photo,"Participa y vota por #Qpaypro en el evento de Ecommerce Day América Central y el Caribe, del 22 al 24 de septiembre. El envento contará con representantes de la industria ecommerce de Guatemala y el mundo.

Conoce más en https://zcu.io/JpDh

#ecommerce #evento #pagosenlinea #vota #guatemala",4,0,0,0,0,0,0,0,0,,https://www.facebook.com/photo.php?fbid=2797591610532346&set=a.504567235015204&type=3,4
1692583127699872_2796703243954516,https://facebook.com/1692583127699872_2796703243954516,1692583127699872,21 Sep 2021 09:45:40 AM,video,"¿Yá conoces las nuevas plantillas de pago?

Personaliza tu página de pago dentro de #QPayPro a tu manera. 
Afíliate hoy y empieza a cobrar en 24Hrs. 
 
#QPayPro #Update #PlantillasDePago #Guatemala #PagosEnLinea",1,0,0,0,0,0,0,0,0,,https://www.facebook.com/504840204987907/videos/939643870296853,1
1692583127699872_2793805730910934,https://facebook.com/1692583127699872_2793805730910934,1692583127699872,17 Sep 2021 02:54:18 PM,photo,"Deja de perder clientes aceptando solo efectivo, se como Batman y acepta tarjetas en línea con #QPayPro 

#PagosEnLinea #Ecommerce #ComercioElectronico ?",4,0,0,1,0,0,0,1,0,,https://www.facebook.com/photo.php?fbid=2793805730910934&set=a.504567235015204&type=3,5
1692583127699872_2793583820933125,https://facebook.com/1692583127699872_2793583820933125,1692583127699872,17 Sep 2021 08:15:55 AM,video,"¿Brindas una experiencia de compra adecuada para tus clientes?

Facilitar la compra a tus clientes es crucial para impactar positivamente en la desición de compra de tus clientes, nadie quiere dar mil vueltas para adquirir tu producto o servicio, por ello, entre menos esfuerzo tengan que hacer tus clientes para pagarte mayor será la probabilidad de que cierres tus ventas.

#qpayprotips #pagosenlinea #ventas #guatemala",1,0,0,0,0,0,0,0,0,,https://www.facebook.com/504840204987907/videos/337697511475531,1
1692583127699872_2793121730979334,https://facebook.com/1692583127699872_2793121730979334,1692583127699872,16 Sep 2021 04:27:52 PM,photo,"¿Sabías que con #Qpayshop tienes una administración simple y desde la palma de tu mano gracias a nuestra App?

#qpaypro #app #ecommerce #tiendaenlinea #tarjetadecredito #visa #guatemala",2,0,0,0,0,0,0,0,0,,https://www.facebook.com/photo.php?fbid=2793121730979334&set=a.504567235015204&type=3,2
1692583127699872_2792137204411120,https://facebook.com/1692583127699872_2792137204411120,1692583127699872,15 Sep 2021 08:00:13 AM,photo,"Celebramos los 200 años de independencia de nuestra hermosa Guatemala, en #Qpaypro apoyamos el crecimiento impulsando los negocios en esta nueva era del comercio digital en nuestro país.

#IndependenciaGuatemala #Guatemala #BicentenarioGuatemala",1,0,0,0,0,0,1,0,0,,https://www.facebook.com/photo.php?fbid=2792137204411120&set=a.504567235015204&type=3,1
1692583127699872_2791012031190304,https://facebook.com/1692583127699872_2791012031190304,1692583127699872,13 Sep 2021 07:13:34 PM,video,"??Nuestros amigos de Kalon nos cuentan que problemas les ayudó a resolver QPayPro.

??Compra en línea y paga con tarjeta en: https://kalon.shop/ 

#E-Commerce #POSVirtual #PagosEnLínea #Guatemala",4,0,0,0,0,0,0,0,0,,https://www.facebook.com/504840204987907/videos/3115415182049328,4
1692583127699872_2789183554706485,https://facebook.com/1692583127699872_2789183554706485,1692583127699872,11 Sep 2021 07:01:00 AM,link,"Actualizaciones a la función links de pago.
Con el propósito de personalizar la experiencia de pagos como la categorización de los comercios afiliados, se implementó la opción de crear un nuevo diseño de links de pago. Esta opción cuenta con la relación de más visas cuotas y master cuotas, además de nuevas plantillas de pago, que facilitarán las transacciones. 

Conoce más sobre la nueva actualización a la plataforma aquí  ? zcu.io/81LT 

#QPayPro #LinksDePago #VentasEnLínea #Guatemala",1,0,0,0,0,0,0,0,0,,https://l.facebook.com/l.php?u=https%3A%2F%2Fwww.qpaypro.com%2F2021%2F09%2F10%2Fconoce-las-nuevas-actualizaciones-y-plantillas-de-pago%2F&h=AUBsmcTwBnSplf-vyp-ToUmwePDXHJLqb1u0Q8ST3-bu8hL6jV_Atvq04TBAvoNm4qRsSfEkyv4ofAGRMxCevwSutx2nSjJi_C1TAB7eex1W_h0sMzH5XkCuXkBEdziA&s=1,1
1692583127699872_2788849681406539,https://facebook.com/1692583127699872_2788849681406539,1692583127699872,10 Sep 2021 07:44:38 PM,video,"Deja de perder ventas con las restricciones de horario al vender solo de modo tradicional.

Elimina las barreras que te impiden llevar tus ventas a otro nivel,  como comercio electrónico  podrás realizar transacciones las 24 horas del día aumentando significativamente las oportunidades de compra a tus clientes.

#QPayPro #PagosEnLínea #E-Commerce #Guatemala",1,0,0,0,0,0,0,0,0,,https://www.facebook.com/504840204987907/videos/382773426690215,1
1692583127699872_2788713331420174,https://facebook.com/1692583127699872_2788713331420174,1692583127699872,10 Sep 2021 02:32:38 PM,video,"#QPayTalks, ¿Plataforma de venta en línea o solo vender en Redes Sociales?

Compra en línea y paga con tarjeta Trading United Mentory  en: https://tradingunitedmentory.com/
 
#ventas #comercioeléctronico #comprasonline #servicios #tarjetacrédito #tarjetadébito   #redessociales",2,0,0,0,0,0,0,0,0,,https://www.facebook.com/504840204987907/videos/1089345038265979,2
1692583127699872_2786457924979048,https://facebook.com/1692583127699872_2786457924979048,1692583127699872,07 Sep 2021 01:15:21 PM,video,"Descubre los beneficios del comercio electrónico ?

Puedes mostrar una mayor #gamadeproductos, sin limitación geográfica y con un publico más amplio. 
Si quieres saber más ?? https://zcu.io/E6pB

#QPayPro #VentasEnLínea #E-Commerce #Guatemala",1,0,0,0,0,0,0,0,0,,https://www.facebook.com/504840204987907/videos/236343168448811,1
1692583127699872_2783705831920924,https://facebook.com/1692583127699872_2783705831920924,1692583127699872,03 Sep 2021 03:40:25 PM,photo,"Facilita la compra a tus clientes, #QPayPro te brinda diferentes soluciones para no pasar el precio por inbox ?

#QPayPro #QPayShop #E-commerce #VentasEnLínea #Guatemala",3,0,0,0,0,0,0,2,0,,https://www.facebook.com/photo.php?fbid=2783705831920924&set=a.504567235015204&type=3,3
1692583127699872_2783671755257665,https://facebook.com/1692583127699872_2783671755257665,1692583127699872,03 Sep 2021 02:30:36 PM,video,"#QPayTalks: ¿Por qué es tan importante formalizar mi negocio para llevarlo al siguiente nivel?

Nuestros amigos de Compu Fire nos cuentan de qué tan importante es formalizar un negocio.

Compra en línea y paga con tarjeta en: https://compufire.com.gt/
 
#ventas #comercioeléctronico #comprasonline #servicios #tarjetacrédito #tarjetadébito #negocios",0,0,0,0,0,0,0,0,0,,https://www.facebook.com/504840204987907/videos/282505026595695,0
1692583127699872_2783002811991226,https://facebook.com/1692583127699872_2783002811991226,1692583127699872,02 Sep 2021 05:24:30 PM,album,"Conoce algunas de las ventajas de tener tu comercio en E-commerce vs si solo te quedas en tradicional.

#QPayPro #eCommerce #Tradicional #Guatemala",4,0,0,0,0,0,0,0,0,,https://www.facebook.com/504840204987907/posts/2783002811991226,4
1692583127699872_2782156402075867,https://facebook.com/1692583127699872_2782156402075867,1692583127699872,01 Sep 2021 01:14:45 PM,video,"Nuevas plantillas de pago.
Trabajamos para ofrecerte siempre lo mejor, por eso seguimos creciendo y llevando innovación a nuestra plataforma, conoce la nueva actualización a las plantillas de pago.

Crea tus plantillas de pago, modifica tus cuotas y conoce las múltiples novedades que hemos añadido para ti. ?

#QPayPro #Novedades #PlantillasDePago #Guatemala",7,3,0,0,0,0,0,2,0,,https://www.facebook.com/504840204987907/videos/383993419766571,10
1692583127699872_2780697175555123,https://facebook.com/1692583127699872_2780697175555123,1692583127699872,30 Aug 2021 03:01:39 PM,photo,"¿Sabías que puedes aumentar el volumen de compra de tus clientes gracias al beneficio de hacer sus compras en cuotas en tu comercio?  Y lo mejor se te deposita el valor total en tu día de liquidación.

#QPayPro #PagosEnLínea #VisaEnCuotas #MasterCuotas #Guatemala",4,0,0,0,0,0,0,2,0,,https://www.facebook.com/photo.php?fbid=2780697175555123&set=a.504567235015204&type=3,4
1692583127699872_2778435195781321,https://facebook.com/1692583127699872_2778435195781321,1692583127699872,27 Aug 2021 01:37:29 PM,link,"¿Conocías las diferencias entre Ecommerce y Marketplace? Si vendes en línea #QPayPro te puede solucionar la vida.

Conoce más aquí ? https://zcu.io/wIvH 

#e-commerce #marketplace #ventasenlinea #guatemala",2,0,0,0,0,0,0,0,0,,https://l.facebook.com/l.php?u=https%3A%2F%2Fwww.qpaypro.com%2F2021%2F08%2F27%2Fdiferencias-entre-ecommerce-y-marketplace%2F&h=AUBWQCWV2TJ_UHz6S28QaasEjOVpEf51LFk_dzeKI-kNBMFtgi5_k37za_yWK8HhY91iEIEgexRUS-otktAFCsX0G3O5jxLyXY1MYdY-Yw7JldRPlUViOEo9GDl8uDm2&s=1,2
1692583127699872_2777533182538189,https://facebook.com/1692583127699872_2777533182538189,1692583127699872,26 Aug 2021 08:00:20 AM,album,"#QPayProTips Como vendedores online disponemos de una multitud de opciones que podemos ofrecer para incrementar nuestras ventas, una de las opciones más populares y exitosas entre los compradores online son los servicios de suscripción. Puedes vender cualquier producto o servicio con esta técnica de ventas basada en pagos recurrentes sin tener que volver a realizar los pedidos.

Complementa tus fuentes de ingresos automáticamente y realiza cobros recurrentes con #QPayBilling aquí ? zcu.io/7icM 

#eCommerce #CobrosRecurrentes #Suscripciones #Guatemala",1,0,0,0,0,0,0,0,1,,https://www.facebook.com/504840204987907/posts/2777533182538189,1
1692583127699872_2775587066066134,https://facebook.com/1692583127699872_2775587066066134,1692583127699872,23 Aug 2021 04:35:00 PM,photo,"Acompáñanos y conoce la importancia de las plataformas e-commerce para el turismo en Guatemala ?? con QPayPro y la Cámara de Turismo de Guatemala, regístrate gratis y mira lo fácil que es vender y cobrar con tarjeta en línea. 

¡Conéctate! aquí ?
https://zcu.io/HVA2 

? 25 de Agosto
⏰ 9:00 A.M.",2,0,0,0,0,0,0,0,1,,https://www.facebook.com/photo.php?fbid=2775587066066134&set=a.504567235015204&type=3,2
1692583127699872_2775534596071381,https://facebook.com/1692583127699872_2775534596071381,1692583127699872,23 Aug 2021 02:28:50 PM,video,"#QPayTalks: ¿Cómo se siente recibir tu primera venta en línea?

Nuestros amigos de Do Mi Sol nos cuentan de cómo fue esa primera venta en línea.

Compra en línea y paga con tarjeta en: https://www.domisolmusic.com/
 
#ventas #comercioeléctronico #comprasonline #servicios #tarjetacrédito #tarjetadébito",1,0,0,0,0,0,0,0,0,,https://www.facebook.com/504840204987907/videos/821217581919313,1
1692583127699872_2773392239618950,https://facebook.com/1692583127699872_2773392239618950,1692583127699872,20 Aug 2021 03:03:59 PM,video,"??Nuestros amigos de Mumuso Guatemala nos cuentan como fue integrar Qpaypro a su eCommerce.

Compra en línea y paga con tarjeta en: https://www.mumuso.com.gt

#Qpaypro #Mumuso #PagosEnLínea #eCommerce #Guatemala",2,0,0,0,0,0,0,0,0,,https://www.facebook.com/504840204987907/videos/2384491618347703,2
1692583127699872_2772607389697435,https://facebook.com/1692583127699872_2772607389697435,1692583127699872,19 Aug 2021 01:51:29 PM,photo,"Acompáñanos y vive la experiencia de vender con tu propia tienda en línea en una demostración en vivo de QPayShop, regístrate y mira lo fácil que es crear tu tienda en línea en minutos.

¡Conéctate! aquí ?
https://zcu.io/9wP6

? 25 de Agosto
⏰ 11:00 A.M.",43,0,0,0,0,0,0,2,0,,https://www.facebook.com/photo.php?fbid=2772607389697435&set=a.504567235015204&type=3,43
1692583127699872_2772604696364371,https://facebook.com/1692583127699872_2772604696364371,1692583127699872,19 Aug 2021 01:45:38 PM,photo,"Acompáñanos y aprende lo fácil que es vender en línea con QPayPro, regístrate y mira lo fácil que es vender y cobrar con tarjeta en línea. 

¡Conéctate! aquí ?
https://zcu.io/HTS1

? 24 de Agosto
⏰ 10:00 A.M.",10,0,0,0,0,0,0,1,0,,https://www.facebook.com/photo.php?fbid=2772604696364371&set=a.504567235015204&type=3,10
1692583127699872_2771911186433722,https://facebook.com/1692583127699872_2771911186433722,1692583127699872,18 Aug 2021 04:25:20 PM,album,"#QPayProTips Si quieres vender más tienes que saber qué es el Cross Selling. Hablamos de la venta cruzada. Una estrategia de venta que consiste en ofrecer a los clientes productos o servicios complementarios. 

Hay muchas técnicas de #crossselling y aquí te contamos una de ellas. Si quieres aumentar tus ventas, ¡No pierdas de vista el papel que juegan las ventas cruzadas!

#QPayPro #eCommerce #VentasEnLínea #CrossSelling #Guatemala",1,0,0,0,0,0,0,0,0,,https://www.facebook.com/504840204987907/posts/2771911186433722,1
1692583127699872_2771186893172818,https://facebook.com/1692583127699872_2771186893172818,1692583127699872,17 Aug 2021 04:49:01 PM,photo,"¿Qué esperas para activar tu tienda online? Llega a más clientes en todo el mundo en solo 4 pasos:

1. Configura tu tienda ⚙
2. Sube tus productos y categorías ?
3. Agrega tus métodos de pago ?
4. Configura la entrega y envío ?

Ingresa y aprende a como tener tu propia tienda en línea aquí ? qpaypro.com/qpayshop

Si lo crees, lo creas.  ? ❤️

#QPayShop #eCommerce #PagosEnLinea #Emprender #Guatemala",2,0,0,0,0,0,0,0,0,,https://www.facebook.com/photo.php?fbid=2771186893172818&set=a.504567235015204&type=3,2
1692583127699872_2768198896804951,https://facebook.com/1692583127699872_2768198896804951,1692583127699872,13 Aug 2021 12:40:06 PM,video,"??Nuestros amigos de Cantel nos cuentan como les ha ayudado Qpaypro en su comercio. ??Compra en línea y paga con tarjeta en: https://cantel.com.gt/

#ecommerce #Qpaypro #PagosEnLinea #Cantel #Guatemala",0,0,0,0,0,0,0,0,0,,https://www.facebook.com/504840204987907/videos/3047980532087679,0
1692583127699872_2767438193547688,https://facebook.com/1692583127699872_2767438193547688,1692583127699872,12 Aug 2021 11:38:57 AM,photo,"Crea experiencias de compra sin fricciones facilitando la compra a tus clientes,  con #Qpaypro cobrar en línea es la forma más fácil y rápida de logarlo.

Aumenta tus ventas y acepta más transacciones, comienza ahora ? qpaypro.com/

#ECommerce #ComercioEletronico #TiendaVirtual #PagosOnline ?",0,0,0,0,0,0,0,0,0,,https://www.facebook.com/photo.php?fbid=2767438193547688&set=a.504567235015204&type=3,0
1692583127699872_2766854136939427,https://facebook.com/1692583127699872_2766854136939427,1692583127699872,11 Aug 2021 05:14:31 PM,album,"#QPayProTips Emplear esta estrategia en tu negocio es indispensable, ya que te ayudara más conversiones a mediano y largo plazo.

Y tú, ¿Utilizas el email marketing a tu favor? 

#QPayPro #eCommerce #VentasEnLínea #EmailMarketing #Guatemala",2,0,0,1,0,0,0,0,0,,https://www.facebook.com/504840204987907/posts/2766854136939427,3
1692583127699872_2766038197021021,https://facebook.com/1692583127699872_2766038197021021,1692583127699872,10 Aug 2021 02:24:32 PM,video,"#QPayTalks: ¿Puedo vender mis servicios fuera de Guatemala con QPayPro?

Compra en línea en Trading United Mentory  y paga con tarjeta desde cualquier parte del mundo : https://tradingunitedmentory.com/

#ventas #comercioeléctronico #comprasonline #servicios #tarjetacrédito #tarjetadébito",0,0,0,0,0,0,0,0,0,,https://www.facebook.com/504840204987907/videos/182530400608436,0
1692583127699872_2765392083752299,https://facebook.com/1692583127699872_2765392083752299,1692583127699872,09 Aug 2021 05:21:02 PM,photo,"Tu sueño de expandir tu empresa en Guatemala  también es el nuestro ??? Con #Qpaypro cobrar en línea es la forma más fácil y rápida de logarlo.

Tenemos una #PasarelaDePagos que se adapta a tus necesidades. Comienza ahora ? qpaypro.com/

#Ropa #Moda #ECommerce #ComercioEletronico #TiendaVirtual #PagosOnline ?",1,0,0,0,0,0,0,0,0,,https://www.facebook.com/photo.php?fbid=2765392083752299&set=a.504567235015204&type=3,1
1692583127699872_2763161320642042,https://facebook.com/1692583127699872_2763161320642042,1692583127699872,06 Aug 2021 04:14:05 PM,photo,"¡Las mejores ofertas en #clicksalegt! Entra a https://clicksale.gt/ del 6 al 8 de agosto, conoce todas nuestros comercios participantes y compra con descuentos exclusivos.

#clicksalegt #qpaypro #guatemala #ofertas #descuentos #promo",2,0,0,0,0,0,0,1,60,,https://www.facebook.com/photo.php?fbid=2763161320642042&set=a.504567235015204&type=3,2
1692583127699872_2762379934053514,https://facebook.com/1692583127699872_2762379934053514,1692583127699872,05 Aug 2021 02:30:29 PM,photo,"?¡Las mejores ofertas con descuentos de hasta 50% en ClickSale.gt!

Compra este 6, 7 y 8 de Agosto con las ofertas más exclusivas de Guatemala del 2021 aquí ? https://clicksale.gt/

#clicksalegt #ofertas #promociones #guatemala #descuentos",4,0,0,0,0,0,0,5,49,,https://www.facebook.com/photo.php?fbid=2762379934053514&set=a.504567235015204&type=3,4
1692583127699872_2760103340947840,https://facebook.com/1692583127699872_2760103340947840,1692583127699872,02 Aug 2021 10:10:47 AM,video,"#clicksale Tu comercio también puede estar en ClickSale.gt, el cyber evento de 3 días llenos de ofertas donde buscamos promover las ventas online en el país.

Participa GRATIS  aquí ?qpaypro.com/clicksale

#QPayPro #VisaNet #eCommerce #Guatemala #VentasEnLínea",9,0,0,0,0,0,0,0,0,,https://www.facebook.com/504840204987907/videos/246360937318441,9
1692583127699872_2756636127961228,https://facebook.com/1692583127699872_2756636127961228,1692583127699872,28 Jul 2021 02:04:09 PM,album,"#QPayProTips Que tu eCommerce sea responsive garantiza que toda tu tienda online se adapte al tamaño de la pantalla y dispositivo que esté utilizando cada cliente potencial que visite tu tienda, de esta manera logras que sea mucho más fácil navegar en tu sitio web y por lo tanto facilitas la compa a tus clientes.

QPayShop ya incluye un diseño  responsive con todas las funcionalidades necesarias para el comercio a través del móvil, incluyendo el proceso de pago, puedes encontrar más info en ? qpaypro.com/qpayshop

#QPayShop #eCommerce #VentasEnLínea #ResponsiveDesign #Guatemala",2,0,0,0,0,0,0,0,0,,https://www.facebook.com/504840204987907/posts/2756636127961228,2
1692583127699872_2755769021381272,https://facebook.com/1692583127699872_2755769021381272,1692583127699872,27 Jul 2021 10:41:52 AM,link,"A pesar de que a estas alturas, el comercio electrónico es algo muy habitual para las empresas, aún hay quienes no conocen bien cómo funciona. 

Si quieres vender tus productos o servicios en eCommerce #QPayPro te comparte la nota en el siguiente link ? https://zcu.io/eb5k

 #eCommerce #OpcionesDePago #Responsive #Seguridad #Guatemala",190,1,1,0,0,0,0,1,0,,https://l.facebook.com/l.php?u=https%3A%2F%2Fwww.qpaypro.com%2F2021%2F07%2F27%2Fquieres-vender-tus-productos-o-servicios-en-ecommerce%2F&h=AUAWbQZKHcs7BOZcDqJvesPtQJtSGV_zygFXNgpkKIik4olr5yqRivvHrXoKEE-dBS_QLKUqglYT5hRQbhOJu94ASlsvvgpnoSoHu1-PGN2CQnuLh6lv9bDSwsF8oaHa&s=1,192
1692583127699872_2755040191454155,https://facebook.com/1692583127699872_2755040191454155,1692583127699872,26 Jul 2021 10:20:03 AM,photo,"Potencia tu #negocio con soluciones pensadas a la medida de tus necesidades ? afíliate y recibe tu dinero de forma segura  ? qpaypro.com/payments/

#QPayPro #PagosEnLinea #LinksDePago #POSVirtual #PasarelaDePagos #Guatemala",3,0,0,0,0,0,0,0,0,,https://www.facebook.com/photo.php?fbid=2755040191454155&set=a.504567235015204&type=3,3
1692583127699872_2752191755072332,https://facebook.com/1692583127699872_2752191755072332,1692583127699872,22 Jul 2021 10:58:30 AM,photo,"Cobra sencillo, fácil y seguro ? qpaypro.com/payments

#QPayPro #eCommerce #PagosEnLínea #CobraFácil #Guatemala",12,0,0,0,0,0,0,4,2,,https://www.facebook.com/photo.php?fbid=2752191755072332&set=a.504567235015204&type=3,12
1692583127699872_2752061675085340,https://facebook.com/1692583127699872_2752061675085340,1692583127699872,22 Jul 2021 07:00:38 AM,video,"Nuestros amigos de Kalon nos cuentan qué los motivó a trabajar con Qpaypro.

??Compra en línea y paga con tarjeta en: https://zcu.io/99DY

#Qpaypro #KalonCosmetics #eCommerce #PagosEnLinea #Guatemala",1,0,0,0,0,0,0,0,0,,https://www.facebook.com/504840204987907/videos/409230463817001,1
1692583127699872_2751572458467595,https://facebook.com/1692583127699872_2751572458467595,1692583127699872,21 Jul 2021 02:21:01 PM,album,"#QPayProTips Los precios psicológicos se basan en la teoría de que ciertos precios tienen un impacto psicológico en el consumidor. Eres tú quien estableces las reglas, utilizando los precios psicológicos en tu tienda online estás contribuyendo estratégicamente a que los usuarios gasten más.

Y tú, ¿Utilizas precios psicológicos en tu negocio? 

#QPayPro #eCommerce #VentasEnLínea #PreciosPsicológicos #Guatemala",5,1,0,0,0,0,0,0,0,,https://www.facebook.com/504840204987907/posts/2751572458467595,6
1692583127699872_2750845051873669,https://facebook.com/1692583127699872_2750845051873669,1692583127699872,20 Jul 2021 02:19:30 PM,video,"#QPayTalks La importancia de contar con un equipo de canales digitales para impulsar mis ventas.

Compra en línea y paga con tarjeta en Do Mi Sol: https://www.domisolmusic.com/

#ventasonline #comercioeléctornico #redessociales #ventas #pagarenlínea #tarjetadébito #tarjetacrédito",2,0,0,0,0,0,0,0,0,,https://www.facebook.com/504840204987907/videos/553573202502312,2
1692583127699872_2749968931961281,https://facebook.com/1692583127699872_2749968931961281,1692583127699872,19 Jul 2021 09:30:46 AM,video,"#Tips Conoce como facilitar la experiencia de compra a tus clientes para aumentar tu tasa de conversión. 

Si quieres conocer más tips para aumentar tus ventas en línea puedes leer este artículo  ? https://zcu.io/4jNV

#QPayPro #VentasEnLinea #eCommerce  #PagosEnLinea #Guatemala",3,0,0,0,0,0,0,2,0,,https://www.facebook.com/504840204987907/videos/2912330412415828,3
1692583127699872_2748003002157874,https://facebook.com/1692583127699872_2748003002157874,1692583127699872,16 Jul 2021 02:14:23 PM,video,"#QPayTalks Incrementando las ventas en mi tienda en línea

Compra en línea y paga con tarjeta en Do Mi SOL: https://www.domisolmusic.com/
 
#Ventasonline #compraenlínea #comercioeléctronico #música",4,0,0,0,0,0,0,1,0,,https://www.facebook.com/504840204987907/videos/1238985686554722,4
1692583127699872_2747389275552580,https://facebook.com/1692583127699872_2747389275552580,1692583127699872,15 Jul 2021 05:30:00 PM,photo,"#VTEX Conoce al nuevo miembro de la familia de integraciones de QPayPro.

Contamos con el Plugin para tu tienda en línea en #VTEX  para cobrar con tarjetas débito y crédito además de contar con todos los beneficios de QPayPro:

✔ Links de pago
✔ POS Virtual
✔ Visacuotas y Mastercuotas
✔ Suscripciones y cobros recurrentes(QPayBilling)
✔ Acceso a asesorías en eCommerce

En solo un par de clics puedes tener una plataforma de eCommerce completa y lista para cobrar.

#QPayPro #Lanzamiento #NuevoPlugin #eCommerce #PagosEnLínea #TiendaEnLínea",5,0,0,0,0,0,0,0,0,,https://www.facebook.com/photo.php?fbid=2747389275552580&set=a.504567235015204&type=3,5
1692583127699872_2747305902227584,https://facebook.com/1692583127699872_2747305902227584,1692583127699872,15 Jul 2021 02:21:32 PM,video,"#QPayTalks: ¿Qué tan fácil es implementar los pagos en línea?

Compra en línea y paga con tarjeta en: https://compufire.com.gt/
 
#ventasonline #comercioeléctornico #redessociales #ventas #pagarenlínea #tarjetadébito #tarjetacrédito",1,0,0,0,0,0,0,0,0,,https://www.facebook.com/504840204987907/videos/332679408407673,1
1692583127699872_2746640398960801,https://facebook.com/1692583127699872_2746640398960801,1692583127699872,14 Jul 2021 04:07:15 PM,album,"Consigue pasar de un cliente que compra una única vez, a uno fiel que lo hace de forma asidua disponiendo de un servicio de atención y fidelización de clientes excepcional.

En resumen, haz que tu público se sienta especial e importante. Y para ello #QPayPro te trae 3 consejos que debes poner en practica para aumentar tus ventas en línea. ?

#VentasEnLinea #eCommerce #PagosEnLínea #Tips #Guatemala",3,0,0,0,0,0,0,0,0,,https://www.facebook.com/504840204987907/posts/2746640398960801,3
1692583127699872_2745952572362917,https://facebook.com/1692583127699872_2745952572362917,1692583127699872,13 Jul 2021 06:07:54 PM,video,"#Tips ¡Conoce 3 concejos que te ayudaran a incrementar tus ventas en línea! 

Si quieres conocer más tips para aumentar tus ventas en línea puedes leer este artículo  ? https://zcu.io/GhJP

#QPayPro #VentasEnLinea #eCommerce  #Guatemala",5,0,0,0,0,0,0,1,0,,https://www.facebook.com/504840204987907/videos/213590757313561,5
1692583127699872_2745777225713785,https://facebook.com/1692583127699872_2745777225713785,1692583127699872,13 Jul 2021 12:20:17 PM,link,"¿Pagar con tarjeta de débito o crédito es seguro ? Se indica que 8 de cada 10 guatemaltecos usuarios de internet han comprado en línea y el 73% lo ha hecho el último año, principalmente durante la pandemia.  

Conoce los mitos y realidades de las compras en línea en Guatemala. #QPayPro te comparte la nota en el siguiente link ? https://zcu.io/RmYm  

 #PagosEnLínea  #TarjetasDeCredito #Guatemala",2,0,0,0,0,0,0,1,0,,https://l.facebook.com/l.php?u=https%3A%2F%2Fwww.qpaypro.com%2F2021%2F07%2F13%2Fmitos-y-realidades-sobre-las-compras-en-linea%2F&h=AUCXlI5xQKxx0koaw_rILgC9g8n0BTPvnMqQTO7Y8Xj1qjpT701AkG9Avap8sJX-cWUA4ES8533rVVsFMPi5zLbQBhjus2vdJ3wlRJksB3PooN8m9__21uPejuFJqfcb&s=1,2
1692583127699872_2744960189128822,https://facebook.com/1692583127699872_2744960189128822,1692583127699872,12 Jul 2021 09:45:29 AM,photo,"Nuestros planes Professional y Enterprise te incluyen asesorías personalizadas 1 a 1 en comercio electrónico en donde se te darán tips y mejoras que puedes aplicar en tu estrategia digital, todo con la finalidad que aumentes tus ventas en línea.

¡Afíliate hoy y empieza a vender en 24 horas! ?
https://zcu.io/i6Qr

#QPayPro #eCommerce #Asesorias #VentasEnLínea #Guatemala",3,0,0,0,0,0,0,1,0,,https://www.facebook.com/photo.php?fbid=2744960189128822&set=a.504567235015204&type=3,3
1692583127699872_2742793252678849,https://facebook.com/1692583127699872_2742793252678849,1692583127699872,09 Jul 2021 02:12:20 PM,video,"#QPayTalks El gran beneficio de los pagos en línea como estrategia en mi negocio.

QPayPro, El mejor aliado que hemos tenido en Compu Fire.

Compra en línea y paga con tarjeta en: https://compufire.com.gt/

#Comercioeléctronico #pagosonline #pagosenlínea #ventas #comprasonline #tarjetadébito #tarjetacrédito",1,0,0,0,0,0,0,0,0,,https://www.facebook.com/504840204987907/videos/508840623721403,1
1692583127699872_2742143896077118,https://facebook.com/1692583127699872_2742143896077118,1692583127699872,08 Jul 2021 04:38:17 PM,photo,"¡Digitaliza tu negocio! Te ayudamos a implementar una plataforma de pagos totalmente en línea. Cobra a tus clientes con tarjeta débito y crédito  de manera rápida, segura y fácil de usar en tu tienda online.

¡Afíliate hoy y empieza a vender en 24 horas! ?
https://zcu.io/nhKu

#QPayPro #Bono14 #eCommerce #TiendasOnline #PagosEnLinea #Woocommerce #PrestaShop #OpenCart",1,0,0,0,0,0,0,1,0,,https://www.facebook.com/photo.php?fbid=2742143896077118&set=a.504567235015204&type=3,1
1692583127699872_2741218002836374,https://facebook.com/1692583127699872_2741218002836374,1692583127699872,07 Jul 2021 02:40:00 PM,photo,"Sabías que en Guatemala hay más 7 mil empresas vendiendo en línea, y la proyección para el cierre de este año es llegar a 8 mil 500 empresas, es decir, un aumento del 152%.

¿Y tú ya vendes en línea? Nosotros te ayudamos, Afíliate ahora y empieza a vender en 24Hrs!

#ventasonline #comercioeléctronico #tarjetadébito #tarjetacrédito #ventas #empresas",1,0,0,0,0,0,0,0,0,,https://www.facebook.com/photo.php?fbid=2741218002836374&set=a.504567235015204&type=3,1
1692583127699872_2740553452902829,https://facebook.com/1692583127699872_2740553452902829,1692583127699872,06 Jul 2021 05:10:52 PM,album,"¡Aprovecha el #BONO14  a favor de tu empresa! Aumenta tus ventas cobrando en línea a tus clientes HOY.

✅ Links de pago
✅ POS Virtual
✅ Visacuotas y Mastercuotas
✅ Integraciones a tiendas en línea
✅ Suscripciones y cobros recurrentes (QPayBilling)
✅ Acceso a asesorías en eCommerce

Somos la mejor plataforma de pagos en línea, recibe el 28% de descuento en afiliación Professional y Enterprise.

¡Afíliate hoy y empieza a vender en 24 horas! ?
https://zcu.io/DKZl 

#Qpaypro #Guatemala #eCommerce #Bono14 #PagosEnLínea",2,0,0,0,0,0,0,1,1,,https://www.facebook.com/504840204987907/posts/2740553452902829,2
1692583127699872_2739728679651973,https://facebook.com/1692583127699872_2739728679651973,1692583127699872,05 Jul 2021 02:10:19 PM,video,"#QPayTalks La facilidad de integrar el plugin de pago a nuestro sitio web, la mejor experiencia que hemos tenido en Do Mi Sol con QPayPro
 
Compra en línea y paga con tarjeta en: https://www.domisolmusic.com/
 
#comercioeléctronico #ventasonline #comprasenlínea #tiendaenlínea #web",3,0,0,0,0,0,0,1,0,,https://www.facebook.com/504840204987907/videos/141930734705072,3
1692583127699872_2737525843205590,https://facebook.com/1692583127699872_2737525843205590,1692583127699872,02 Jul 2021 02:08:18 PM,video,"#QPayTalks:La facilidad y rapidez, puntos clave que nos motivo a usar QPayPro en Trading United Mentory.

Compra en línea y paga con tarjeta en: https://tradingunitedmentory.com/
 
#qpaypro #ventasonline #comprasenlínea #comercioeléctronico #pagoscontarjeta #tarjetadébito #tarjetacrédito",1,0,0,0,0,0,0,0,0,,https://www.facebook.com/504840204987907/videos/400779141294533,1
1692583127699872_2734474383510736,https://facebook.com/1692583127699872_2734474383510736,1692583127699872,28 Jun 2021 02:06:23 PM,video,"#QPayTalks Nuestro principal modelo de negocio es la venta en línea y nuestras ventas se han potenciado al aceptar tarjetas en en nuestros canales digitales.

Nuestros amigos de Compu Fire Guatemala nos cuentan de cómo Qpaypro ha potenciado sus ventas.

Compra en línea y paga con tarjeta en: https://compufire.com.gt/

#potenciarventas #compras #pagoonline #ventas #ventasenlínea #redessociales",3,0,0,0,0,0,0,1,0,,https://www.facebook.com/504840204987907/videos/850683408988795,3
1692583127699872_2732311813726993,https://facebook.com/1692583127699872_2732311813726993,1692583127699872,25 Jun 2021 02:02:25 PM,video,"#QPayTalks ¿Qué tan fácil es vender en línea hoy en día?

Nuestros amigos de Trading United Mentory nos cuentan cómo hacerlo.
Compra en línea y paga con tarjeta en: https://tradingunitedmentory.com/

#compras #ventasonline #pagosenlínea #tiendaonline #tarjetadébito #tarjetacrédito",5,0,0,0,0,0,0,0,0,,https://www.facebook.com/504840204987907/videos/509449637140117,5
1692583127699872_2730768947214613,https://facebook.com/1692583127699872_2730768947214613,1692583127699872,23 Jun 2021 02:37:02 PM,photo,"¿Sabias que el emprendimiento femenino está adquiriendo mucha relevancia en Guatemala? 

Cada día más mujeres crecen en el ámbito laboral o a través de la creación de sus propias empresas, según el GEM en su reporte, al menos el 45% de las personas entrevistadas en dicho estudio eran mujeres emprendedoras. En QPayPro nos encanta apoyar el emprendimiento, para ello creamos el plan Starter para que puedas iniciar tu negocio fácilmente. 

¡Afíliate ahora!
 
#comercioeléctronico #ventasonline #tarjetadébito #tarjetacrédito #ventasenlínea #qpaypro #emprendimiento #mujeres",0,0,0,0,0,0,0,0,0,,https://www.facebook.com/photo.php?fbid=2730768947214613&set=a.504567235015204&type=3,0
1692583127699872_2729295967361911,https://facebook.com/1692583127699872_2729295967361911,1692583127699872,21 Jun 2021 01:59:31 PM,video,"#QPayTalks: ¿Qué tan fácil es integrar un método de pago con tarjeta a mi tienda en línea? La importancia de contar con un aliado experto como QPayPro para lograrlo.

Mira el caso de éxito de nuestros amigos de Domisol - Do Mi Sol - Audio e Instrumentos Musicales.

Compra en línea y paga con tarjeta en: https://www.domisolmusic.com/
 #comercioeléctronico #ventas #métododepago #pagos #tiendaonline",1,0,0,0,0,0,0,0,0,,https://www.facebook.com/504840204987907/videos/600613344255030,1
1692583127699872_2727195624238612,https://facebook.com/1692583127699872_2727195624238612,1692583127699872,18 Jun 2021 01:56:34 PM,video,"#QPayTalks: Cómo un hobbie se convirtió en una oportunidad de negocio rentable durante la pandemia y cómo QPayPro ayudo a lograr exponenciarla y a cubrir otros mercados.

Mira el caso de éxito de nuestros amigos de Trading United Mentory

Compra en línea y paga con tarjeta en: https://tradingunitedmentory.com/
 
#Compras #comercioeléctronico #oportunidad #negocio #ventasenlínea",13,5,0,0,0,0,0,2,0,,https://www.facebook.com/504840204987907/videos/323694572579394,18
1692583127699872_2726534434304731,https://facebook.com/1692583127699872_2726534434304731,1692583127699872,17 Jun 2021 02:41:01 PM,photo,"¡Feliz día del padre!

Qpaypro, les desea un feliz día a todos los padres por su dedicación y esfuerzo día con día.

¡Qpaypro, tu solución para vender en línea!
 
#ventasonline #comercioeléctronico #tarjetadébito #tarjetacrédito #ventas  #papá #felizdíapapá",4,0,0,0,0,0,0,0,0,,https://www.facebook.com/photo.php?fbid=2726534434304731&set=a.504567235015204&type=3,4
1692583127699872_2725815994376575,https://facebook.com/1692583127699872_2725815994376575,1692583127699872,16 Jun 2021 02:36:00 PM,photo,"El Comercio electrónico ayuda a tus clientes a ahorrar tiempo y esfuerzo al hacer su compra. Ayúdalos facilitándoles la compra al aceptar tarjetas de crédito y débito en línea.

¡Afíliate hoy y empieza a vender en 24hrs!

#comercioeléctronico #ventasonline #tarjetadébito #tarjetacrédito #ventasenlínea",0,0,0,0,0,0,0,0,0,,https://www.facebook.com/photo.php?fbid=2725815994376575&set=a.504567235015204&type=3,0
1692583127699872_2724518421172999,https://facebook.com/1692583127699872_2724518421172999,1692583127699872,14 Jun 2021 05:30:25 PM,video,"#QPayTalks, Nuestros amigos de Compu Fire Guatemala nos cuentan de porqué recomendarían a Qpaypro para sus ventas en línea.

Compra en línea y paga con tarjeta en: https://compufire.com.gt/
#comercioelectrónico #ventas #qpaypro #ecommerce #compufire",1,0,0,0,0,0,0,0,0,,https://www.facebook.com/504840204987907/videos/234374084823883,1
1692583127699872_2720423548249153,https://facebook.com/1692583127699872_2720423548249153,1692583127699872,08 Jun 2021 04:58:46 PM,photo,"#QpayProLIVE es un espacio para compartir en vivo contigo nuevos lanzamientos, preguntas y respuestas de nuestros productos, experiencias con clientes y temas que pueden impactar el comercio electrónico y los negocios.

Mantente al pendiente de nuestros eventos en FACEBOOK para que puedas inscribirte y poder compartir un momento con nosotros.

#ecommerce #onlinepayments #webinar #facebookLive #comercioonline #comercioelectronico #qpaypro",1,2,0,0,0,0,0,0,0,,https://www.facebook.com/photo.php?fbid=2720414791583362&set=a.504567235015204&type=3,3
1692583127699872_2719554155002759,https://facebook.com/1692583127699872_2719554155002759,1692583127699872,07 Jun 2021 10:46:02 AM,photo,"?¿Sabías que si tienes promociones en días clave puedes potenciar tus ventas? ?

?Activa una promoción junto a una campaña para que tus clientes sepan qué tendrás descuentos y promociones especiales.
 

#ecommerce #qpaypro #marketing #pay #digitalmarketing #entrepreneur #onlineshopping #website #marketingdigital #onlinebusiness #online #onlineshop #socialmedia #qpayshop #instagram #comercioelectrónico #redessocialles #seo #shopping #business #empresas #onlinestore #store #tiendaenlínea #tienda #fanpage #socialmediamarketing #startup #shoppingonline #payments",0,0,0,0,0,0,0,0,0,,https://www.facebook.com/photo.php?fbid=2719554155002759&set=a.504567235015204&type=3,0
1692583127699872_2717514271873414,https://facebook.com/1692583127699872_2717514271873414,1692583127699872,04 Jun 2021 11:44:00 AM,photo,"??¿Sabías que más del 67% de los comercios en línea en Guatemala pertenecen al sector de retail?
 

#ecommerce #qpaypro #marketing #pay #digitalmarketing #entrepreneur #onlineshopping #website #marketingdigital #onlinebusiness #online #onlineshop #socialmedia #qpayshop #instagram #comercioelectrónico #redessocialles #seo #shopping #business #empresas #onlinestore #store #tiendaenlínea #tienda #fanpage #socialmediamarketing #startup #shoppingonline #payments",0,0,0,0,0,0,0,0,0,,https://www.facebook.com/photo.php?fbid=2717514271873414&set=a.504567235015204&type=3,0
1692583127699872_2716114965346678,https://facebook.com/1692583127699872_2716114965346678,1692583127699872,02 Jun 2021 11:25:27 AM,video,"??Nuestros amigos de Plackit nos cuentan de cómo fue la integración de Qpaypro en sus canales digitales.

??Compra en línea y paga con tarjeta en: https://www.plackit.com/tienda/ 

#ecommerce #qpaypro #marketing #pay #digitalmarketing #entrepreneur #onlineshopping #website #marketingdigital #onlinebusiness #online #onlineshop #socialmedia #qpayshop #instagram #comercioelectrónico #redessocialles #seo #shopping #business #empresas #onlinestore #store #tiendaenlínea #tienda #fanpage #socialmediamarketing #startup #shoppingonline #payments",0,0,0,0,0,0,0,1,0,,https://www.facebook.com/504840204987907/videos/4099450586815331,0
1692583127699872_2714736595484515,https://facebook.com/1692583127699872_2714736595484515,1692583127699872,31 May 2021 11:43:01 AM,photo,"??Con Qpaypro puedes utilizar tus Visa Cuotas o Máster Coutas a partir de 24 hrs de tu afiliación.
 

#ecommerce #qpaypro #marketing #pay #digitalmarketing #entrepreneur #onlineshopping #website #marketingdigital #onlinebusiness #online #onlineshop #socialmedia #qpayshop #instagram #comercioelectrónico #redessocialles #seo #shopping #business #empresas #onlinestore #store #tiendaenlínea #tienda #fanpage #socialmediamarketing #startup #shoppingonline #payments",0,0,0,0,0,0,0,0,0,,https://www.facebook.com/photo.php?fbid=2714736595484515&set=a.504567235015204&type=3,0
1692583127699872_2712737039017804,https://facebook.com/1692583127699872_2712737039017804,1692583127699872,28 May 2021 11:40:00 AM,photo,"?Sabías que en Qpaypro hemos implementado un programa de asesorías gratuitas enfocadas en marketing digital y comercio electrónico para aumentar tus ventas y cómo sacarle provecho a tu presupuesto ??
 
Agenda la tuya en el portal de inicio de Qpaypro e incrementa tus ventas en un 50%
 

#ecommerce #qpaypro #marketing #pay #digitalmarketing #entrepreneur #onlineshopping #website #marketingdigital #onlinebusiness #online #onlineshop #socialmedia #qpayshop #instagram #comercioelectrónico #redessocialles #seo #shopping #business #empresas #onlinestore #store #tiendaenlínea #tienda #fanpage #socialmediamarketing #startup #shoppingonline #payments",1,0,0,0,0,0,0,0,0,,https://www.facebook.com/photo.php?fbid=2712737039017804&set=a.504567235015204&type=3,1
1692583127699872_2711289129162595,https://facebook.com/1692583127699872_2711289129162595,1692583127699872,26 May 2021 11:52:47 AM,album,"Vende en línea hoy y multiplica tus ventas con nuestro nuevo plan QPAYPRO STARTER. Afíliate aquí por $49 anuales (Precio especial únicamente en línea utilizando el código STARTER):

https://www.qpaypro.com/starter-promo/

Activamos tu negocio en 24 horas así que no esperes ni un minuto más.

¿Qué te incluye el PLAN STARTER?
- Links de pago: Envía links de pago por redes sociales, whatsapp, email y más.
- POS virtual: Vende en tu tienda física a través de tu tablet o smartphone.
- Una moneda (Q)
- Seguridad y prevención por fraude
- Asesoría personalizada 1 a 1 y soporte",6,2,0,0,0,0,1,0,3,,https://www.facebook.com/504840204987907/posts/2711289129162595,8
1692583127699872_2711274285830746,https://facebook.com/1692583127699872_2711274285830746,1692583127699872,26 May 2021 11:23:21 AM,video,"??Nuestros amigos de Kalon nos cuentan de cómo Qpaypro ha facilitado sus ventas.

??Compra en línea y paga con tarjeta en: https://kalon.shop/ 

#ecommerce #qpaypro #marketing #pay #digitalmarketing #entrepreneur #onlineshopping #website #marketingdigital #onlinebusiness #online #onlineshop #socialmedia #qpayshop #instagram #comercioelectrónico #redessocialles #seo #shopping #business #empresas #onlinestore #store #tiendaenlínea #tienda #fanpage #socialmediamarketing #startup #shoppingonline #payments",2,0,0,0,0,0,0,0,0,,https://www.facebook.com/504840204987907/videos/159310299495948,2
1692583127699872_2709824605975714,https://facebook.com/1692583127699872_2709824605975714,1692583127699872,24 May 2021 11:30:03 AM,photo,"?¿Deseas llevar tus finanzas de una manera ordenada y simple? ?
 
Envía tus links de pago por todas las redes sociales y cobra de inmediato usando Qpaypro.
 
✅?Inicia ya por tan solo: Q129 al mes con Visacuotas
 

#ecommerce #qpaypro #marketing #pay #digitalmarketing #entrepreneur #onlineshopping #website #marketingdigital #onlinebusiness #online #onlineshop #socialmedia #qpayshop #instagram #comercioelectrónico #redessocialles #seo #shopping #business #empresas #onlinestore #store #tiendaenlínea #tienda #fanpage #socialmediamarketing #startup #shoppingonline #payments",0,0,0,0,0,0,0,0,0,,https://www.facebook.com/photo.php?fbid=2709824605975714&set=a.504567235015204&type=3,0
1692583127699872_2707756926182482,https://facebook.com/1692583127699872_2707756926182482,1692583127699872,21 May 2021 11:30:02 AM,photo,"✅?En sus marcas, listos, a vender!
 
?Vende hasta 1000 productos
?Sincroniza tu tienda en redes sociales
?Recupera carritos abandonados
?Administra tu inventario por tallas
 
Inicia ya por tan solo: Q389 al mes con Visacuotas
 

#ecommerce #qpaypro #marketing #pay #digitalmarketing #entrepreneur #onlineshopping #website #marketingdigital #onlinebusiness #online #onlineshop #socialmedia #qpayshop #instagram #comercioelectrónico #redessocialles #seo #shopping #business #empresas #onlinestore #store #tiendaenlínea #tienda #fanpage #socialmediamarketing #startup #shoppingonline #payments",1,0,0,0,0,0,0,0,0,,https://www.facebook.com/photo.php?fbid=2707756926182482&set=a.504567235015204&type=3,1
1692583127699872_2706354346322740,https://facebook.com/1692583127699872_2706354346322740,1692583127699872,19 May 2021 11:21:26 AM,video,"??Nuestros amigos de Cantel nos cuentan de cómo ha facilitado Qpaypro a su equipo.

??Compra en línea y paga con tarjeta en: https://cantel.com.gt/ 

#ecommerce #qpaypro #marketing #pay #digitalmarketing #entrepreneur #onlineshopping #website #marketingdigital #onlinebusiness #online #onlineshop #socialmedia #qpayshop #instagram #comercioelectrónico #redessocialles #seo #shopping #business #empresas #onlinestore #store #tiendaenlínea #tienda #fanpage #socialmediamarketing #startup #shoppingonline #payments",1,0,0,0,0,0,0,0,0,,https://www.facebook.com/504840204987907/videos/1634104693446414,1
1692583127699872_2704620546496120,https://facebook.com/1692583127699872_2704620546496120,1692583127699872,17 May 2021 11:30:04 AM,photo,"??Nos ponemos del lado de nuestros clientes, entendemos su negocio y de su necesidad de mejorar y crecer día con día, es por eso que los ayudamos a crecer con nuestras soluciones y los guiamos en el camino en este mundo digital.
 

#ecommerce #qpaypro #marketing #pay #digitalmarketing #entrepreneur #onlineshopping #website #marketingdigital #onlinebusiness #online #onlineshop #socialmedia #qpayshop #instagram #comercioelectrónico #redessocialles #seo #shopping #business #empresas #onlinestore #store #tiendaenlínea #tienda #fanpage #socialmediamarketing #startup #shoppingonline #payments",1,0,0,0,0,0,0,0,0,,https://www.facebook.com/photo.php?fbid=2704620546496120&set=a.504567235015204&type=3,1
1692583127699872_2702602053364636,https://facebook.com/1692583127699872_2702602053364636,1692583127699872,14 May 2021 11:30:02 AM,photo,"?Contamos con una plataforma confiable y segura para nuestros clientes.
Estamos activos 24/7 para el procesamiento de tus transacciones, contamos con un equipo dedicado a su infraestructura y está hospedada en uno de los centros de datos de más alto nivel en el mundo ?✅

¡QPayPro asegura las miles de transacciones diarias de sus afiliados!
 
#ecommerce #qpaypro #marketing #pay #digitalmarketing #entrepreneur #onlineshopping #website #marketingdigital #onlinebusiness #online #onlineshop #socialmedia #qpayshop #instagram #comercioelectrónico #redessocialles #seo #shopping #business #empresas #onlinestore #store #tiendaenlínea #tienda #fanpage #socialmediamarketing #startup #shoppingonline #payments",1,0,0,0,0,0,0,0,0,,https://www.facebook.com/photo.php?fbid=2702602053364636&set=a.504567235015204&type=3,1
1692583127699872_2701150646843110,https://facebook.com/1692583127699872_2701150646843110,1692583127699872,12 May 2021 11:16:43 AM,video,"??Nuestros amigos de Mumuso Guatemala nos cuentan de cuál fue la motivación para implementar Qpaypro.

Compra en línea y paga con tarjeta en: https://www.mumuso.com.gt 

#ecommerce #qpaypro #marketing #pay #digitalmarketing #entrepreneur #onlineshopping #website #marketingdigital #onlinebusiness #online #onlineshop #socialmedia #qpayshop #instagram #comercioelectrónico #redessocialles #seo #shopping #business #empresas #onlinestore #store #tiendaenlínea #tienda #fanpage #socialmediamarketing #startup #shoppingonline #payments",2,1,0,0,0,0,0,1,0,,https://www.facebook.com/504840204987907/videos/473959010535059,3
1692583127699872_2699794280312080,https://facebook.com/1692583127699872_2699794280312080,1692583127699872,10 May 2021 11:30:02 AM,photo,"?El comercio electrónico es la oportunidad de potenciar tu negocio y para eso necesitas que tus clientes puedan realizar pagos de manera online, Qpaypro te ayudará a que tus clientes puedan efectuar sus pagos de manera totalmente virtual, fácil rápida y segura ??
 

#ecommerce #qpaypro #marketing #pay #digitalmarketing #entrepreneur #onlineshopping #website #marketingdigital #onlinebusiness #online #onlineshop #socialmedia #qpayshop #instagram #comercioelectrónico #redessocialles #seo #shopping #business #empresas #onlinestore #store #tiendaenlínea #tienda #fanpage #socialmediamarketing #startup #shoppingonline #payments",0,0,0,0,0,0,0,2,0,,https://www.facebook.com/photo.php?fbid=2699794280312080&set=a.504567235015204&type=3,0
1692583127699872_2697570150534493,https://facebook.com/1692583127699872_2697570150534493,1692583127699872,07 May 2021 11:30:02 AM,photo,"?¿Sabias que si aceptas pagos vía electrónica puedes incrementar tus ventas  potencialmente hasta un 20%? ✅Qpaypro te ayudará a implementar una plataforma de pagos totalmente en línea, rápida, segura y fácil de usar.
 

#ecommerce #qpaypro #marketing #pay #digitalmarketing #entrepreneur #onlineshopping #website #marketingdigital #onlinebusiness #online #onlineshop #socialmedia #qpayshop #instagram #comercioelectrónico #redessocialles #seo #shopping #business #empresas #onlinestore #store #tiendaenlínea #tienda #fanpage #socialmediamarketing #startup #shoppingonline #payments",6,1,0,0,0,1,0,2,0,,https://www.facebook.com/photo.php?fbid=2697570150534493&set=a.504567235015204&type=3,8
1692583127699872_2696193440672164,https://facebook.com/1692583127699872_2696193440672164,1692583127699872,05 May 2021 11:12:19 AM,video,"??Nuestros amigos de Plackit nos cuentan sus herramientas para el comercio electrónico.

??Compra en línea y paga con tarjeta en: https://www.plackit.com/tienda/ 

#ecommerce #qpaypro #marketing #pay #digitalmarketing #entrepreneur #onlineshopping #website #marketingdigital #onlinebusiness #online #onlineshop #socialmedia #qpayshop #instagram #comercioelectrónico #redessocialles #seo #shopping #business #empresas #onlinestore #store #tiendaenlínea #tienda #fanpage #socialmediamarketing #startup #shoppingonline #payments",1,1,0,0,0,0,0,0,0,,https://www.facebook.com/504840204987907/videos/368035897924925,2
1692583127699872_2694812304143611,https://facebook.com/1692583127699872_2694812304143611,1692583127699872,03 May 2021 11:30:02 AM,photo,"?¿Sabias que las compras en línea tuvieron un crecimiento del 50% en el 2020? Qpaypro facilitará la compra de tus productos a través de tarjetas de crédito y debito, acepta pagos después de 24Hrs de tu afiliación ??
 
 
#ecommerce #qpaypro #marketing #pay #digitalmarketing #entrepreneur #onlineshopping #website #marketingdigital #onlinebusiness #online #onlineshop #socialmedia #qpayshop #instagram #comercioelectrónico #redessocialles #seo #shopping #business #empresas #onlinestore #store #tiendaenlínea #tienda #fanpage #socialmediamarketing #startup #shoppingonline #payments",1,0,0,0,0,0,0,0,0,,https://www.facebook.com/photo.php?fbid=2694812304143611&set=a.504567235015204&type=3,1
1692583127699872_2692761834348658,https://facebook.com/1692583127699872_2692761834348658,1692583127699872,30 Apr 2021 11:30:00 AM,photo,"¿Ya preparaste tus campañas publicitarias para el día de la madre? ?

?Sí aun no, estas a tiempo de realizarlas, estas campañas tienen que estar pensadas anticipadamente para que tus clientes sepan que tendrás promociones y poder abarcar un mayor porcentaje de clientes. ?
 
#ecommerce #qpaypro #marketing #pay #digitalmarketing #entrepreneur #onlineshopping #website #marketingdigital #onlinebusiness #online #onlineshop #socialmedia #qpayshop #instagram #comercioelectrónico #redessocialles #seo #shopping #business #empresas #onlinestore #store #tiendaenlínea #tienda #fanpage #socialmediamarketing #startup #shoppingonline #payments",0,0,0,0,0,0,0,0,0,,https://www.facebook.com/photo.php?fbid=2692761834348658&set=a.504567235015204&type=3,0
1692583127699872_2691406457817529,https://facebook.com/1692583127699872_2691406457817529,1692583127699872,28 Apr 2021 11:07:46 AM,video,"??Nuestros amigos de Kalon nos cuentan de su tienda en línea.

??Compra en línea y paga con tarjeta en: https://kalon.shop/ 

#ecommerce #qpaypro #marketing #pay #digitalmarketing #entrepreneur #onlineshopping #website #marketingdigital #onlinebusiness #online #onlineshop #socialmedia #qpayshop #instagram #comercioelectrónico #redessocialles #seo #shopping #business #empresas #onlinestore #store #tiendaenlínea #tienda #fanpage #socialmediamarketing #startup #shoppingonline #payments",1,0,0,0,0,0,0,0,0,,https://www.facebook.com/504840204987907/videos/509518370222672,1
1692583127699872_2690086011282907,https://facebook.com/1692583127699872_2690086011282907,1692583127699872,26 Apr 2021 11:30:04 AM,photo,"¡Feliz día de la secretaria! ??

Qpaypro, les desea un feliz día a todas aquellas secretarias por su dedicación y esfuerzo día con día ?

¡Qpaypro, tu solución para vender en línea! ??

 
#ecommerce #qpaypro #marketing #pay #digitalmarketing #entrepreneur #onlineshopping #website #marketingdigital #onlinebusiness #online #onlineshop #socialmedia #qpayshop #instagram #comercioelectrónico #redessocialles #seo #shopping #business #empresas #onlinestore #store #tiendaenlínea #tienda #fanpage #socialmediamarketing #startup #shoppingonline #payments",2,0,0,0,0,0,0,0,0,,https://www.facebook.com/photo.php?fbid=2690086011282907&set=a.504567235015204&type=3,2
1692583127699872_2687973288160846,https://facebook.com/1692583127699872_2687973288160846,1692583127699872,23 Apr 2021 11:30:03 AM,photo,"?Los guatemaltecos presentan un uso del 75% internet intensivo al día, y de gran peso a la hora de tomar una decisión de compra, impulsa tu negocio de forma online e incrementa tus ventas aceptando tarjetas de crédito o debido de forma online ??

¡Con Qpaypro acepta pagos en línea!

#ecommerce #qpaypro #marketing #pay #digitalmarketing #entrepreneur #onlineshopping #website #marketingdigital #onlinebusiness #online #onlineshop #socialmedia #qpayshop #instagram #comercioelectrónico #redessocialles #seo #shopping #business #empresas #onlinestore #store #tiendaenlínea #tienda #fanpage #socialmediamarketing #startup #shoppingonline #payments",4,0,0,0,0,0,0,0,0,,https://www.facebook.com/photo.php?fbid=2687973288160846&set=a.504567235015204&type=3,4
1692583127699872_2686570488301126,https://facebook.com/1692583127699872_2686570488301126,1692583127699872,21 Apr 2021 11:02:27 AM,video,"??Nuestros amigos de Cantel nos cuentan cómo son sus nuevas formas de compra.

??Compra en línea y paga con tarjeta en: https://cantel.com.gt/ 

#ecommerce #qpaypro #marketing #pay #digitalmarketing #entrepreneur #onlineshopping #website #marketingdigital #onlinebusiness #online #onlineshop #socialmedia #qpayshop #instagram #comercioelectrónico #redessocialles #seo #shopping #business #empresas #onlinestore #store #tiendaenlínea #tienda #fanpage #socialmediamarketing #startup #shoppingonline #payments",2,0,0,0,0,0,0,0,0,,https://www.facebook.com/504840204987907/videos/548840559437213,2
1692583127699872_2685253871766121,https://facebook.com/1692583127699872_2685253871766121,1692583127699872,19 Apr 2021 11:30:02 AM,photo,"?El comportamiento de las personas ha cambiado, ahora el 65% de las personas prefieren pagos de manera online, Qpaypro te ayudará a implementar las herramientas necesarias para que gestiones tus pagos de manera totalmente digital ??

¡No pierdas clientes y potencia tus ventas! ?

#ecommerce #qpaypro #marketing #pay #digitalmarketing #entrepreneur #onlineshopping #website #marketingdigital #onlinebusiness #online #onlineshop #socialmedia #qpayshop #instagram #comercioelectrónico #redessocialles #seo #shopping #business #empresas #onlinestore #store #tiendaenlínea #tienda #fanpage #socialmediamarketing #startup #shoppingonline #payments",2,0,0,0,0,0,0,0,0,,https://www.facebook.com/photo.php?fbid=2685253871766121&set=a.504567235015204&type=3,2
1692583127699872_2683241238634051,https://facebook.com/1692583127699872_2683241238634051,1692583127699872,16 Apr 2021 11:30:04 AM,photo,"?Qpaypro es tu aliado de negocios, facilita la compra a tu cliente con una plataforma eficiente de cobros en línea y comienza ha impulsar tu negocio hoy mismo, déjanos tus datos para que un asesor especializado te de toda la información ⬇?
 
#ecommerce #qpaypro #marketing #pay #digitalmarketing #entrepreneur #onlineshopping #website #marketingdigital #onlinebusiness #online #onlineshop #socialmedia #qpayshop #instagram #comercioelectrónico #redessocialles #seo #shopping #business #empresas #onlinestore #store #tiendaenlínea #tienda #fanpage #socialmediamarketing #startup #shoppingonline #payments",4,0,0,0,0,0,1,0,0,,https://www.facebook.com/photo.php?fbid=2683241238634051&set=a.504567235015204&type=3,4
1692583127699872_2681886555436186,https://facebook.com/1692583127699872_2681886555436186,1692583127699872,14 Apr 2021 10:57:31 AM,video,"??Nuestros amigos de Mumuso Guatemala nos cuentan como es el Rush operativo ?

Compra en línea y paga con tarjeta en: https://www.mumuso.com.gt 

#ecommerce #qpaypro #marketing #pay #digitalmarketing #entrepreneur #onlineshopping #website #marketingdigital #onlinebusiness #online #onlineshop #socialmedia #qpayshop #instagram #comercioelectrónico #redessocialles #seo #shopping #business #empresas #onlinestore #store #tiendaenlínea #tienda #fanpage #socialmediamarketing #startup #shoppingonline #payments",3,0,0,0,0,0,0,0,0,,https://www.facebook.com/504840204987907/videos/362144315124328,3
1692583127699872_2680511768906998,https://facebook.com/1692583127699872_2680511768906998,1692583127699872,12 Apr 2021 11:30:02 AM,photo,"?Actualmente, el comercio electrónico es uno de los sectores de mayor actividad. Su auge a nivel global se debe principalmente a dos factores: avance de la tecnología y nuevos hábitos de consumo por parte de los consumidores. Está proyectado que el comercio electrónico al final del año 2021 tendrá un crecimiento del 70% ??

#ecommerce #qpaypro #marketing #pay #digitalmarketing #entrepreneur #onlineshopping #website #marketingdigital #onlinebusiness #online #onlineshop #socialmedia #qpayshop #instagram #comercioelectrónico #redessocialles #seo #shopping #business #empresas #onlinestore #store #tiendaenlínea #tienda #fanpage #socialmediamarketing #startup #shoppingonline #payments",4,0,0,0,0,0,0,1,0,,https://www.facebook.com/photo.php?fbid=2680511768906998&set=a.504567235015204&type=3,4
1692583127699872_2671472639810911,https://facebook.com/1692583127699872_2671472639810911,1692583127699872,30 Mar 2021 01:36:49 PM,photo,"¡Nos tomamos un respiro! ??

Nuestra área administrativa estará cerrada a partir del 31 de marzo y regresamos en horario normal el 5 de abril. 

? No olvides que nuestro soporte de ayuda a nuestros clientes seguirá activo por si tienes una duda o consulta. 

¡Regresa de tus vacaciones y potencia tus ventas! ??",1,0,0,0,0,0,0,0,0,,https://www.facebook.com/photo.php?fbid=2671472586477583&set=a.504567235015204&type=3,1
1692583127699872_2668397636785078,https://facebook.com/1692583127699872_2668397636785078,1692583127699872,29 Mar 2021 09:30:16 AM,photo,"15% de descuento en Plan Professional Qpaypro ?
? Regresa de tus vacaciones y empieza a vender en línea aceptando tarjetas de crédito y débito ?

*?????? ?????? ??? ????? ?? ?? ????? ?? ??????? ? ?? ????? ????*

¡Afíliate Hoy! ?

https://payments.qpaypro.com/checkout/visanetgt_qpay/64193",1,0,0,0,0,0,0,0,0,,https://www.facebook.com/photo.php?fbid=2668394930118682&set=a.504567235015204&type=3,1
1692583127699872_2668379650120210,https://facebook.com/1692583127699872_2668379650120210,1692583127699872,26 Mar 2021 09:30:01 AM,link,"30% de descuento Planes Qpaypro ?

?? Ofrécele a tus clientes la opción de pagarte con tarjeta de crédito o débito en línea sin importar el canal de venta en el que se encuentre y sin necesidad de un sitio web. Por eso traemos descuentos en nuestros 3 planes de Qpaypro para que puedas potenciar tus ventas ?

*?????? ?????? ?́????????? ??????? ?? ?? ????? ????*",0,0,0,0,0,0,0,1,1,,https://l.facebook.com/l.php?u=https%3A%2F%2Fwww.qpaypro.com%2F&h=AUAB-v_plb9KiOZ9fvd7igMMMPV88WcBtAMKmtLEUqjtBi7KAtRs1iLKldQPIqa1GK9QWFicxWSsc2IxD1wU9qYrTxm5quTJKUyKPMihcFgem5EBaJPA0U9DkxAj71HP&s=1,0
1692583127699872_2668382173453291,https://facebook.com/1692583127699872_2668382173453291,1692583127699872,26 Mar 2021 09:30:00 AM,link,"15% de descuento Planes Qpayshop ??

?? QPayShop te da el poder de vender fácilmente en cualquier lugar, a cualquier persona, a través de Internet y en todo el mundo. Por eso traemos descuentos en nuestros 2 planes de Qpayshop para que puedas potenciar tus ventas y crear tu propia tienda en línea en minutos ??

*?????? ?????? ?́????????? ??????? ?? ?? ????? ????*",0,0,0,0,0,0,0,1,0,,https://l.facebook.com/l.php?u=https%3A%2F%2Fwww.qpaypro.com%2F&h=AUDLRj4_mDtYwIp20YBNebhD5UgerR5GijfEMJv5azaLIS79HqeaIfDi-LiVzTMHZ7MwjfsBk8WwXxnH7nzIazDc1VdH7KVKBaQuFRDsN9rsuRi9AqCUYjMjQfD5Kr8_&s=1,0
1692583127699872_2665791463712362,https://facebook.com/1692583127699872_2665791463712362,1692583127699872,22 Mar 2021 11:52:01 AM,photo,Que esperas para iniciar hoy mismo ? ¡Consulta nuestros paquetes y precios en la sección de historias destacadas! Despega tu negocio a la era digital. ✅?,1,0,0,0,0,0,0,0,0,,https://www.facebook.com/photo.php?fbid=2665791463712362&set=a.504567235015204&type=3,1
1692583127699872_2663838043907704,https://facebook.com/1692583127699872_2663838043907704,1692583127699872,19 Mar 2021 04:30:27 PM,video,"Nuestros amigos de Mumuso Guatemala nos cuentan como fue implementar diferentes formas de pago para sus clientes ??

Compra en línea y paga con tarjeta en 
https://www.mumuso.com.gt

#ecommerce #qpaypro #marketing #pymes #digitalmarketing #entrepreneur #onlineshopping #website #marketingdigital #onlinebusiness #online #onlineshop #socialmedia #qpayshop #instagram #comercioelectrónico",2,0,0,0,0,0,0,0,0,,https://www.facebook.com/504840204987907/videos/435865234145440,2
1692583127699872_2661506687474173,https://facebook.com/1692583127699872_2661506687474173,1692583127699872,19 Mar 2021 12:30:00 PM,link,"Esta es una de las mejores campañas publicitarias de Facebook para impulsar las ventas de comercio electrónico ??

#ecommerce #qpaypro #marketing #pymes #digitalmarketing #entrepreneur #onlineshopping #website #marketingdigital #onlinebusiness #online #onlineshop #socialmedia #qpayshop #instagram #comercioelectrónico",2,0,0,0,0,0,0,0,0,,https://l.facebook.com/l.php?u=https%3A%2F%2Fwww.qpaypro.com%2F&h=AUDFFSoI1qp3Bnx1vNrNYCVjEVwiFnSoh9xiyeB4gDmmnoOBLWGyHsGKmpHBmB7_yEdlq7xdz4Y1syHUcw72h2FprYujRbzLXNpViwJ0U8pS8eCYzsG_e0Ha85vLyGiN&s=1,2
1692583127699872_2661493557475486,https://facebook.com/1692583127699872_2661493557475486,1692583127699872,18 Mar 2021 11:30:00 AM,link,"Aceptar tarjetas de crédito nunca fue tan fácil utilizando Qpaypro ??

#ecommerce #qpaypro #marketing #pymes #digitalmarketing #entrepreneur #onlineshopping #website #marketingdigital #onlinebusiness #online #onlineshop #socialmedia #qpayshop #instagram #comercioelectrónico",0,0,0,0,0,0,0,1,0,,https://l.facebook.com/l.php?u=https%3A%2F%2Fwww.qpaypro.com%2F&h=AUC6sgM1m4uLD3SDKA0j-X3N6ZBiXJgJOG5eeikmBXfBT78XHJaNZtk32O1D8kfvL7iA5CjvgoeIc3n6LhVIoxZAYI8fAbHFqvqQydFtppGgRk1NGAah9gufxODHh1U-&s=1,0
1692583127699872_2662378420720333,https://facebook.com/1692583127699872_2662378420720333,1692583127699872,17 Mar 2021 03:00:25 PM,video,"Nuestros amigos de Cantel, nos cuentan como tener diferentes formas de pago para sus clientes ha sido funcional y como han llegado a más clientes ??

Visita su tienda en línea en
https://www.cantel.com.gt",1,0,0,0,0,0,0,0,0,,https://www.facebook.com/504840204987907/videos/523632811967672,1
1692583127699872_2661545104136998,https://facebook.com/1692583127699872_2661545104136998,1692583127699872,16 Mar 2021 12:22:00 PM,photo,"¿Sabías qué con Qpaybilling eliminas costos de impresión y envío de facturas por cobrar, lo que a su vez disminuye los tiempos de llegada de las mismas agilizando los procesos de pago? ?? 

#ecommerce #qpaypro #marketing #pymes #digitalmarketing #entrepreneur #onlineshopping #website #marketingdigital #onlinebusiness #online #onlineshop #socialmedia #qpayshop #instagram #comercioelectrónico",3,0,0,0,0,0,0,0,0,,https://www.facebook.com/photo.php?fbid=2661545104136998&set=a.504567235015204&type=3,3
1692583127699872_2660938920864283,https://facebook.com/1692583127699872_2660938920864283,1692583127699872,15 Mar 2021 05:15:27 PM,video,"?Qpaypro acompaña el crecimiento de Kalon en el comercio electrónico en Guatemala ?

Visita su tienda en línea en:
https://www.kalon.shop 

Para ver la entrevista completa ingresa aquí ? https://zcu.io/kR0O 

#ecommerce #qpaypro #marketing #pymes #digitalmarketing #entrepreneur #onlineshopping #website #marketingdigital #onlinebusiness #online #onlineshop #socialmedia #qpayshop #instagram #comercioelectrónico",1,0,0,0,0,0,0,0,0,,https://www.facebook.com/504840204987907/videos/3639767839484551,1
1692583127699872_2660786137546228,https://facebook.com/1692583127699872_2660786137546228,1692583127699872,15 Mar 2021 03:30:00 PM,link,"¿Por qué mi negocio necesita Qpayshop? ?⭐

En este post te explicamos porque Qpayshop, es la plataforma ideal para tu negocio y todos los beneficios que tendrás si te afilias hoy. ?

#ecommerce #qpaypro #marketing #pymes #digitalmarketing #entrepreneur #onlineshopping #website #marketingdigital #onlinebusiness #online #onlineshop #socialmedia #qpayshop #instagram #comercioelectrónico",2,0,0,0,0,0,0,0,0,,https://l.facebook.com/l.php?u=https%3A%2F%2Fwww.qpaypro.com%2F&h=AUCyCy2CsONdIeb6CvQ6uw-Y9ufc1bYyg7sdpVE1uPzadEAco3AA-_rMEvyLm2avHRSUpJrF7up3KwjoDxplWAmOG5aK9634VEeZnA4k0EJ24kNmMEbVNpaYu3bt_ij0&s=1,2
1692583127699872_2660782350879940,https://facebook.com/1692583127699872_2660782350879940,1692583127699872,15 Mar 2021 11:40:00 AM,photo,"¿Sabías que el 23% de los usuarios desconfía del sitio en el que compran?? 
Recuerda que nuestros sistemas de pago en Qpaypro están avalados y certificados por Visa ?✅

#ecommerce #qpaypro #marketing #pymes #digitalmarketing #entrepreneur #onlineshopping #website #marketingdigital #onlinebusiness #online #onlineshop #socialmedia #qpayshop #instagram #comercioelectrónico",3,1,0,0,0,0,0,0,0,,https://www.facebook.com/photo.php?fbid=2660782350879940&set=a.504567235015204&type=3,4
1692583127699872_2658637637761078,https://facebook.com/1692583127699872_2658637637761078,1692583127699872,12 Mar 2021 03:30:03 PM,photo,"Recuerda que con Qpaypro puedes lanzar tu negocio al mundo digital en solo 24 hrs⏰

? ¡Afíliate Hoy!

#ecommerce #qpaypro #business #digitalmarketing #ecommercebusiness #entrepreneur #onlineshopping #website #marketingdigital #onlinebusiness #online #onlineshop #socialmedia #branding #qpayshop #smallbusiness #desarrolloweb #redessociales #marketing #comercio",0,0,0,0,0,0,0,1,0,,https://www.facebook.com/photo.php?fbid=2658637637761078&set=a.504567235015204&type=3,0
1692583127699872_2658461771111998,https://facebook.com/1692583127699872_2658461771111998,1692583127699872,12 Mar 2021 09:30:06 AM,photo,"Qpaypro Tips ?

En este post podrás encontrar un video en donde te mostramos como crear links de pago fácilmente.

Sí quieres saber como ingresa al link? https://zcu.io/idzK

#ecommerce #qpaypro #business #digitalmarketing #ecommercebusiness #entrepreneur #onlineshopping #website #marketingdigital #onlinebusiness #online #onlineshop #socialmedia #branding #qpayshop #smallbusiness #desarrolloweb #redessociales #marketing #comercio",1,0,0,0,0,0,1,0,0,,https://www.facebook.com/photo.php?fbid=2658461771111998&set=a.504567235015204&type=3,1
1692583127699872_2657936541164521,https://facebook.com/1692583127699872_2657936541164521,1692583127699872,11 Mar 2021 04:30:31 PM,video,"✔ Nuestros amigos de Mumuso, nos cuentan acerca de como les ha ido en el comercio electrónico y como reinventaron su negocio.

Sí quieres ver la entrevista completa ingresa aquí ? https://zcu.io/0hv6

#ecommerce #qpaypro #business #digitalmarketing #ecommercebusiness #entrepreneur #onlineshopping #website #marketingdigital #onlinebusiness #online #onlineshop #socialmedia #branding #qpayshop #smallbusiness #desarrolloweb #redessociales #marketing #comercio #comercioeléctronico",1,0,0,0,0,0,0,0,0,,https://www.facebook.com/504840204987907/videos/799409694259069,1
1692583127699872_2657622057862636,https://facebook.com/1692583127699872_2657622057862636,1692583127699872,11 Mar 2021 08:37:01 AM,photo,"Nuestra Misión es crear experiencias de pago seguras e innovadoras que mejoran los negocios de nuestros clientes día con día ?

¡Qpaypro, la plataforma de pago ideal para tu negocio!

#ecommerce #qpaypro  #business #digitalmarketing #ecommercebusiness #entrepreneur #onlineshopping #website #marketingdigital #onlinebusiness #online #onlineshop #socialmedia #branding #qpayshop #smallbusiness #desarrolloweb #redessociales #marketing #comercio #comercioeléctronico",4,0,0,0,0,0,0,0,0,,https://www.facebook.com/photo.php?fbid=2657622057862636&set=a.504567235015204&type=3,4
1692583127699872_2657099071248268,https://facebook.com/1692583127699872_2657099071248268,1692583127699872,10 Mar 2021 02:00:09 PM,photo,"El Plan Bronze de Qpayshop es el ideal para empezar tu tienda en línea ?.

No te pierdas la oportunidad de potenciar tu negocio y lograr vender más abriendo tu tienda en línea con hasta 100 productos y lo podrás tener activo en 24 horas ?

#ecommerce #qpaypro #busines #ecommercebusiness #entrepreneur #onlineshopping #website #marketingdigital #onlinebusiness #online #onlineshop #socialmedia #branding #qpayshop #smallbusiness #desarrolloweb #redessociales #marketing #comercio #comercioeléctronico",1,0,0,0,0,0,0,0,0,,https://www.facebook.com/photo.php?fbid=2657099071248268&set=a.504567235015204&type=3,1
1692583127699872_2657001637924678,https://facebook.com/1692583127699872_2657001637924678,1692583127699872,10 Mar 2021 10:32:21 AM,video,"✔ Nuestros amigos de Cantel, nos cuentan cómo es el comercio electrónico  y que canales digitales manejan.

Si quieres ver la entrevista completa ingresa aquí ?: https://zcu.io/eJ7u

#ecommerce #qpaypro #business #digitalmarketing #ecommercebusiness #entrepreneur #onlineshopping #website #marketingdigital #onlinebusiness #online #onlineshop #socialmedia #branding #qpayshop #smallbusiness #desarrolloweb #redessociales #marketing #comercio #comercioeléctronico",2,0,0,0,0,0,0,0,0,,https://www.facebook.com/504840204987907/videos/885660802282634,2
1692583127699872_2656558804635628,https://facebook.com/1692583127699872_2656558804635628,1692583127699872,09 Mar 2021 07:33:45 PM,link,,1,0,0,0,0,0,0,0,0,,,1
1692583127699872_2656555681302607,https://facebook.com/1692583127699872_2656555681302607,1692583127699872,09 Mar 2021 07:30:32 PM,link,,1,0,0,0,0,0,0,0,0,,,1
1692583127699872_2656555134635995,https://facebook.com/1692583127699872_2656555134635995,1692583127699872,09 Mar 2021 07:29:55 PM,link,,0,0,0,0,0,0,0,0,0,,,0
1692583127699872_2656555164635992,https://facebook.com/1692583127699872_2656555164635992,1692583127699872,09 Mar 2021 07:29:53 PM,link,,0,0,0,0,0,0,0,0,0,,,0
1692583127699872_2637306446560864,https://facebook.com/1692583127699872_2637306446560864,1692583127699872,08 Feb 2021 12:25:01 PM,photo,"¡Que Tu Negocio No Se Detenga! 

#QPayBilling es la plataforma definitiva para gestionar tus cobros recurrentes, es fácil Rápido y Seguro para tus clientes. Si buscas automatizar tus cobros en línea, contáctanos ahora. ⬇",2,0,0,0,0,0,0,1,0,,https://www.facebook.com/photo.php?fbid=2637306446560864&set=a.504567235015204&type=3,2
1692583127699872_2635311570093685,https://facebook.com/1692583127699872_2635311570093685,1692583127699872,05 Feb 2021 12:24:01 PM,photo,"El comercio electrónico está creciendo y es la oportunidad perfecta de poder potenciar tu negocio y para eso necesitas que tus clientes puedan realizar pagos de manera totalmente en línea, #QPayPro te ayudará a que tus clientes puedan efectuar pagos con tarjetas de crédito o debito.",0,0,0,0,0,0,0,0,0,,https://www.facebook.com/photo.php?fbid=2635311570093685&set=a.504567235015204&type=3,0
1692583127699872_2634661780158664,https://facebook.com/1692583127699872_2634661780158664,1692583127699872,04 Feb 2021 11:30:07 AM,photo,"Asiste a nuestro Webinar? Reactivando comercios post pandemia con ayuda del Ecommerce.

Sí tu comercio electrónico no estaba preparado para una pandemia, en este webinar te ayudamos con consejos, tips, practicas y funciones que te ayudaran a reactivar tu comercio electrónico y poderte preparar de la mejor manera en los medios digitales.
?
Día y Hora: Jueves 11 de Febrero - De 10:00 a 10:45 AM
Lugar: Webinar vía Zoho Meet
Link: https://zcu.io/HEI9",216,2,1,0,0,0,1,1,0,,https://www.facebook.com/photo.php?fbid=2634661780158664&set=a.504567235015204&type=3,219
1692583127699872_2633931970231645,https://facebook.com/1692583127699872_2633931970231645,1692583127699872,03 Feb 2021 08:23:00 AM,photo,"¿Sabias que si aceptas pagos vía electrónica puedes incrementar tus ventas  potencialmente hasta un 20%? #QPayPro te ayudará a implementar una plataforma de pagos totalmente en línea, rápida, segura y fácil de usar.",0,0,0,0,0,0,0,0,0,,https://www.facebook.com/photo.php?fbid=2633931970231645&set=a.504567235015204&type=3,0
1692583127699872_2632695620355280,https://facebook.com/1692583127699872_2632695620355280,1692583127699872,01 Feb 2021 12:23:02 PM,photo,"¡Facilita la experiencia de compra!

Las transacciones en línea te permitirán de forma inmediata generar pagos fáciles, rápidos y seguros a través de nuestra plataforma.

¡No pierdas clientes y afíliate con nosotros #QPayPro!",0,0,0,0,0,0,0,1,0,,https://www.facebook.com/photo.php?fbid=2632695620355280&set=a.504567235015204&type=3,0
1692583127699872_2630756610549181,https://facebook.com/1692583127699872_2630756610549181,1692583127699872,29 Jan 2021 03:23:02 PM,photo,"¿Sabias que si implementas una estrategia de marketing digital conseguirás un 40% más de tráfico tu sitio web?
Es importante que tu empresa esté siempre en los primeros lugares de búsqueda de Google para poder potenciar las ventas. #QPayPro es el aliado perfecto para que tus clientes puedan adquirir tus productos de una forma rápida, segura y rápida.",2,0,0,0,0,0,0,1,0,,https://www.facebook.com/photo.php?fbid=2630756610549181&set=a.504567235015204&type=3,2
1692583127699872_2629359964022179,https://facebook.com/1692583127699872_2629359964022179,1692583127699872,27 Jan 2021 12:22:00 PM,photo,"¿Sabias que el mayor desarrollo de ventas en línea se hace a través de Facebook e Instagram? 

Tener presencia en redes sociales es de vital importancia debido al crecimiento de las mismas y un factor fundamental son las transacciones online, no puedes tener una tienda en línea sin ofrecerle a tus clientes la posibilidad de pagar de manera totalmente online, con #QPayPro puedes aceptar tarjetas de crédito o debito desde cualquier distancia.",1,0,0,0,0,0,0,0,0,,https://www.facebook.com/photo.php?fbid=2629359964022179&set=a.504567235015204&type=3,1
1692583127699872_2628309947460514,https://facebook.com/1692583127699872_2628309947460514,1692583127699872,25 Jan 2021 10:21:02 PM,photo,"Con #QPayBilling olvídate de las notificaciones de cobros mensuales, nuestra herramienta de gestión de cobros automáticos #QPayBilling es lo que necesitas para gestionar cobros recurrentes. 

¡Si buscas automatizar tus cobros en línea, contáctanos ahora! ⬇",3,0,0,0,0,0,0,1,1,,https://www.facebook.com/photo.php?fbid=2628309947460514&set=a.504567235015204&type=3,3
1692583127699872_2626129714345204,https://facebook.com/1692583127699872_2626129714345204,1692583127699872,22 Jan 2021 12:20:00 PM,photo,"¿Sabias que las compras en línea tuvieron un crecimiento del 47%? #QPayPro facilitará la compra de tus productos a través de tarjetas de crédito y debito, acepta pagos después de 24Hrs de tu afiliación.",1,0,0,0,0,0,0,0,0,,https://www.facebook.com/photo.php?fbid=2626129714345204&set=a.504567235015204&type=3,1
1692583127699872_2624862174471958,https://facebook.com/1692583127699872_2624862174471958,1692583127699872,20 Jan 2021 02:19:00 PM,photo,"El comportamiento de las personas ha cambiado, ahora el 57% de las personas prefieren pagos de manera online, #QPayPro te ayudará a implementar las herramientas necesarias para que gestiones tus pagos de manera totalmente digital.

¡No pierdas clientes y potencia tus ventas!",2,1,0,0,0,0,0,0,0,,https://www.facebook.com/photo.php?fbid=2624862174471958&set=a.504567235015204&type=3,3
1692583127699872_2623496094608566,https://facebook.com/1692583127699872_2623496094608566,1692583127699872,18 Jan 2021 11:18:00 AM,photo,"Crea, administra y vende desde tu propia tienda en línea. En minutos podrás promover tus productos fácilmente con #QPayShop.
Crea tu cuenta y empieza tu tienda en línea aquí  ?  https://zcu.io/DVhc",0,0,0,0,0,0,1,0,0,,https://www.facebook.com/photo.php?fbid=2623496094608566&set=a.504567235015204&type=3,0
1692583127699872_2621556618135847,https://facebook.com/1692583127699872_2621556618135847,1692583127699872,15 Jan 2021 10:18:01 AM,photo,"Los guatemaltecos presentan un uso del 75% internet intensivo al día, y de gran peso a la hora de tomar una decisión de compra, impulsa tu negocio de forma online e incrementa tus ventas aceptando tarjetas de crédito o debido de forma online.

¡Con #QPayPro acepta pagos en línea!",3,0,0,0,0,0,0,0,0,,https://www.facebook.com/photo.php?fbid=2621556618135847&set=a.504567235015204&type=3,3
1692583127699872_2620175651607277,https://facebook.com/1692583127699872_2620175651607277,1692583127699872,13 Jan 2021 09:17:00 AM,photo,"¿Sabias que 8 de cada 10 personas compro alguna vez de forma online y el 73% lo hizo este año? 

Este es el momento indicado para potenciar tus ventas de manera online y tu aliado perfecto para hacerlo es #QPayPro, en donde podrás aceptar pagos de manera online y 24Hrs después de tu afiliación.",3,0,0,0,0,0,0,2,1,,https://www.facebook.com/photo.php?fbid=2620175651607277&set=a.504567235015204&type=3,3
1692583127699872_2618971858394323,https://facebook.com/1692583127699872_2618971858394323,1692583127699872,11 Jan 2021 12:00:26 PM,photo,"¡Vende en piloto automático! Con nuestro nuevo sistema de cobros recurrentes #QPayBilling podrás administrar tus suscripciones y cobros de una manera fácil, rápida y segura. Si buscas automatizar tus cobros en línea, contáctanos ahora. ⬇",1,0,0,0,0,0,0,0,0,,https://www.facebook.com/photo.php?fbid=2618971858394323&set=a.504567235015204&type=3,1
1692583127699872_2614260572198785,https://facebook.com/1692583127699872_2614260572198785,1692583127699872,04 Jan 2021 07:05:48 PM,link,"Únete a nuestro equipo, tenemos plazas disponibles, aplica aquí ?
",2,0,0,0,0,0,1,1,8,,https://l.facebook.com/l.php?u=https%3A%2F%2Fjobs.qpaypro.com%2Fjobs%2FCareers&h=AUDqhwsDqnSJ5-KjR3z1h4q80AArniTR3taV9XEkAFqffe2RB6nTQrA6EOAZFsbUOqcfCErG6EJ4fDwzmNcA_RmapHMrkyB0q6PqEavGLU2DS_4dn5XV0NykiV3GEeJh&s=1,2
1692583127699872_2611403575817818,https://facebook.com/1692583127699872_2611403575817818,1692583127699872,31 Dec 2020 02:46:00 PM,photo,"Tips para realizar ventas de último minuto durante las festividades
A pocas semanas de la navidad y año nuevo, probablemente  ya pensaste en las mejores ofertas que podrías otorgar en los días que quedan de la temporada. 

?Notificaciones personalizadas.
? Cyber Week
? Guerra de precios",0,0,0,0,0,0,0,0,0,,https://www.facebook.com/photo.php?fbid=2611403575817818&set=a.504567235015204&type=3,0
1692583127699872_2611168479174661,https://facebook.com/1692583127699872_2611168479174661,1692583127699872,31 Dec 2020 08:42:02 AM,photo,"Hoy es un buen día para decir gracias por todos los que han confiado en nosotros para realizar sus transacciones en línea y darle la bienvenida a 365 días más llenos de nuevas oportunidades para potenciar tu negocio y tus ventas.

Recibe de #QPayPro nuestros mejores deseos para el 2021.

#AñoNuevo #HappyNewYear",3,0,0,0,0,0,0,0,0,,https://www.facebook.com/photo.php?fbid=2611168479174661&set=a.504567235015204&type=3,3
1692583127699872_2610667462558096,https://facebook.com/1692583127699872_2610667462558096,1692583127699872,30 Dec 2020 02:10:02 PM,photo,"¡Que Tu Negocio No Se Detenga! 

#QPayBilling es la plataforma definitiva para gestionar tus cobros recurrentes, es fácil Rápido y Seguro para tus clientes. Si buscas automatizar tus cobros en línea, contáctanos ahora. ⬇",3,0,0,0,0,0,0,0,0,,https://www.facebook.com/photo.php?fbid=2610667462558096&set=a.504567235015204&type=3,3
1692583127699872_2609182686039907,https://facebook.com/1692583127699872_2609182686039907,1692583127699872,28 Dec 2020 04:09:01 PM,photo,"Impulsa tu negocio vendiendo en línea.
Soluciones de pago en línea para empresas.

Empieza a cobrar en línea en 24Hrs. 
https://zcu.io/fMJu",3,0,0,0,0,0,0,0,0,,https://www.facebook.com/photo.php?fbid=2609182686039907&set=a.504567235015204&type=3,3
1692583127699872_2609173366040839,https://facebook.com/1692583127699872_2609173366040839,1692583127699872,28 Dec 2020 03:44:02 PM,photo,"Prácticas para mejorar la calidad de tus leads.

En el mundo de los negocios, lo importante siempre es buscar la forma de obtener más ventas. Pues al fin y al cabo es lo que te hace ganar más dinero. En la actualidad, hay diversas perspectivas de cómo se puede lograr eso. Una de ellas es mejorar la calidad de tus leads.

➡Obtener la mayor información posible sobre el Lead.
➡ Actualiza la información que pides en tus formularios.
➡ Encárgate de nutrir el lead para mejorar su calidad
➡ Mejora la calidad e información de tus blogs.",0,0,0,0,0,0,0,0,0,,https://www.facebook.com/photo.php?fbid=2609173366040839&set=a.504567235015204&type=3,0
1692583127699872_2606670692957773,https://facebook.com/1692583127699872_2606670692957773,1692583127699872,25 Dec 2020 11:09:01 AM,photo,"Las transacciones en línea te permitirán de forma inmediata generar pagos fáciles, rápidos y seguros a través de nuestra plataforma.

¡No pierdas clientes y afíliate con nosotros #QPayPro!",1,0,0,0,0,0,0,0,0,,https://www.facebook.com/photo.php?fbid=2606670692957773&set=a.504567235015204&type=3,1
1692583127699872_2606655526292623,https://facebook.com/1692583127699872_2606655526292623,1692583127699872,25 Dec 2020 10:41:00 AM,photo,"¡QPayPro te desea una Feliz Navidad!

Recibe de parte de la familia #QPAYPRO nuestros mejores deseos para que en esta Navidad el amor y la esperanza habiten en tu hogar y se conviertan en el motor que impulse tus metas.",2,2,0,0,0,0,0,0,0,,https://www.facebook.com/photo.php?fbid=2606655526292623&set=a.504567235015204&type=3,4
1692583127699872_2605343013090541,https://facebook.com/1692583127699872_2605343013090541,1692583127699872,23 Dec 2020 01:08:00 PM,photo,"Las ventas E-commerce deben de ser simples y debes de tener una plataforma que te apoye en todo el proceso, con #QPayShop tu podrás:
Cargar tus productos a tu plataforma.
Venderlos fácilmente en tu propia tienda en línea.
Configurar tus métodos de envío.
Aceptar pagos con tarjeta de crédito por medio de #QPayPro.

¡Empieza tu tienda en línea ahora! https://zcu.io/1WEI",0,0,0,0,0,0,1,0,0,,https://www.facebook.com/photo.php?fbid=2605343013090541&set=a.504567235015204&type=3,0
1692583127699872_2603941646564011,https://facebook.com/1692583127699872_2603941646564011,1692583127699872,21 Dec 2020 11:08:00 AM,photo,"¿Tu empresa ya vende de forma online? Hoy en día si tu negocio no está vendiendo de forma online, estas perdiendo ventas. Potencia el alcance tus clientes potenciales e incrementa tus oportunidades de venta con #QPayPro, el aliado perfecto para aceptar pagos en línea e impulsar tu negocio.",0,0,0,0,0,0,0,0,0,,https://www.facebook.com/photo.php?fbid=2603941646564011&set=a.504567235015204&type=3,0
1692583127699872_2601964473428395,https://facebook.com/1692583127699872_2601964473428395,1692583127699872,18 Dec 2020 02:07:02 PM,photo,"Con #QPayBilling olvídate de las notificaciones de cobros mensuales, nuestra herramienta de gestión de cobros automáticos #QPayBilling es lo que necesitas para gestionar cobros recurrentes. 

¡Si buscas automatizar tus cobros en línea, contáctanos ahora! ⬇",1,0,0,0,0,0,0,0,0,,https://www.facebook.com/photo.php?fbid=2601964473428395&set=a.504567235015204&type=3,1
1692583127699872_2600590800232429,https://facebook.com/1692583127699872_2600590800232429,1692583127699872,16 Dec 2020 04:07:00 PM,photo,"¿Sabias que más de 40% de personas buscan su producto por redes sociales y esperan efectuar una compra en línea? Si todavía no estas vendiendo en línea, HOY es el momento para hacerlo, con QPayPro, empieza a cobrar y vender en línea de una forma fácil rápida y segura.",1,0,0,0,0,0,0,0,0,,https://www.facebook.com/photo.php?fbid=2600590800232429&set=a.504567235015204&type=3,1
1692583127699872_2600463113578531,https://facebook.com/1692583127699872_2600463113578531,1692583127699872,16 Dec 2020 11:41:00 AM,photo,"Cómo aumentar la tasa de apertura de tus emails.

Hay disparadores emocionales que tienes que tener en cuenta para saber cómo aumentar la tasa de apertura de tus emails.

➡Ganancia: Todo el mundo en algún momento de su vida desea ganar algo, entonces la clave es: ¿Qué crees que quiere ganar tu audiencia? Una vez que tengas localizado qué es lo que puede querer ganar tu audiencia, tienes que hacer el asunto de tu correo enfocado a ese premio que pueden obtener, puede ser de forma sutil o explícita. 

➡ Lógica: Las personas no queremos que nos vendan cosas así como así, por ello es importante el razonamiento. ¿Vas a vender algo? Razona MUY detalladamente (y de forma honesta, por supuesto) todas las ventajas de tu producto o servicio o de lo que quieras comunicar. 

➡ Temor: Esto puede parecer algo muy serio o muy heavy, pero no tenemos que llevarlo al extremo. Si tienes la audiencia correcta, tienes que enviarles el mensaje adecuado y hacer “clic” en el botón del miedo. 

➡ Escasez: Juega con esto en tus asuntos, lanzamientos, ofertas… Es importante que destaques que toda tu actividad no es ilimitada, tiene fecha de caducidad.",0,0,0,0,0,0,0,0,0,,https://www.facebook.com/photo.php?fbid=2600463113578531&set=a.504567235015204&type=3,0
1692583127699872_2599059633718879,https://facebook.com/1692583127699872_2599059633718879,1692583127699872,14 Dec 2020 11:12:13 AM,photo,"¡ULTIMOS DÍAS del Cyber Sale QPayPro!

Aprovecha los últimos días en donde podrás encontrar  descuentos especiales en donde podrás realizar tus ultimas compras de fin de año.

*Valido del 7 al 18 de diciembre*

¡Con QPayPro potencia tus ventas online!",0,0,0,0,0,0,0,0,0,,https://www.facebook.com/photo.php?fbid=2599059633718879&set=a.504567235015204&type=3,0
1692583127699872_2598989320392577,https://facebook.com/1692583127699872_2598989320392577,1692583127699872,14 Dec 2020 09:06:03 AM,photo,"Ahora la tendencia es el comercio digital, con #QPayPro puedes crear, gestionar y cobrar con tu propia tienda en línea, #QPayPro es la mejor opción para presentar tus productos y servicios en una plataforma amigable y funcional.",0,0,0,0,0,0,0,0,0,,https://www.facebook.com/photo.php?fbid=2598989320392577&set=a.504567235015204&type=3,0
1692583127699872_2596859107272265,https://facebook.com/1692583127699872_2596859107272265,1692583127699872,11 Dec 2020 10:35:00 AM,photo,"¡Conoce mejor a tu marca!

No hablamos de saber nuestro nombre nada más. Debemos profundizar en las características que nos hacen conectar con nuestra audiencia. 

➡¿Qué hace tu marca?
➡ ¿Cómo habla tu marca?
➡ ¿Cómo piensa tu marca?
➡ ¿Cómo se ve tu marca?",1,0,0,0,0,0,0,0,0,,https://www.facebook.com/photo.php?fbid=2596859107272265&set=a.504567235015204&type=3,1
1692583127699872_2595344020757107,https://facebook.com/1692583127699872_2595344020757107,1692583127699872,09 Dec 2020 09:05:02 AM,photo,"#QPayPro es tu aliado de negocios, facilita la compra a tus clientes con una plataforma eficiente y de fácil acceso. Comienzan a impulsar tu negocio hoy mismo, afíliate con nosotros.",2,0,0,0,0,0,2,0,0,,https://www.facebook.com/photo.php?fbid=2595344020757107&set=a.504567235015204&type=3,2
1692583127699872_2594597620831747,https://facebook.com/1692583127699872_2594597620831747,1692583127699872,08 Dec 2020 08:38:50 AM,video,"¡Experiencias y Herramientas para tu negocio !

En este video, explicamos un poco acerca de la experiencia de usuario que se le brinda a los clientes y que herramientas elegir para una mejor experiencia.",4,0,0,1,0,0,0,0,0,,https://www.facebook.com/504840204987907/videos/1035321053546320,5
1692583127699872_2593887124236130,https://facebook.com/1692583127699872_2593887124236130,1692583127699872,07 Dec 2020 02:06:05 PM,photo,"Crea, administra y vende desde tu propia tienda en línea. En minutos podrás promover tus productos fácilmente con #QPayShop.
Crea tu cuenta y empieza tu tienda en línea aquí  ?  https://zcu.io/DVhc",1,0,0,0,0,0,0,0,0,,https://www.facebook.com/photo.php?fbid=2593887124236130&set=a.504567235015204&type=3,1
1692583127699872_2593806150910894,https://facebook.com/1692583127699872_2593806150910894,1692583127699872,07 Dec 2020 11:34:00 AM,photo,"¡Tu talento vale mucho!
Todos tenemos algún talento o conocimiento que podemos transformar en productos o contenido de valor. Aprende a monetizar tu TALENTO.

Dar el paso y tomar la decisión.
Identifica tu talento o conocimiento que puede ayudarte aportar.
Sentarte y decide la fecha que empezarás.",1,0,0,0,0,0,0,0,0,,https://www.facebook.com/photo.php?fbid=2593806150910894&set=a.504567235015204&type=3,1
1692583127699872_2593754837582692,https://facebook.com/1692583127699872_2593754837582692,1692583127699872,07 Dec 2020 10:05:01 AM,photo,"¿Sabias que la compra online se percibe como una experiencia que fundamentalmente permite ahorrar tiempo, y que resulta sencilla?
Aumenta y potencia las ventas de tu negocio aceptando pagos con tarjetas de crédito o debito. 

¡QPayPro, tu aliado para potenciar tu negocio!",0,0,0,0,0,0,0,0,0,,https://www.facebook.com/photo.php?fbid=2593754837582692&set=a.504567235015204&type=3,0
1692583127699872_2593646604260182,https://facebook.com/1692583127699872_2593646604260182,1692583127699872,07 Dec 2020 07:08:00 AM,photo,"¡HOY Empieza el Cyber Sale QPayPro!

Un evento especial en donde algunos de nuestros clientes tendrán descuentos especiales en donde podrás realizar tus ultimas compras de fin de año.

*Valido del 7 al 18 de diciembre*

¡Con QPayPro potencia tus ventas online!",0,0,0,0,0,0,0,0,0,,https://www.facebook.com/photo.php?fbid=2593646604260182&set=a.504567235015204&type=3,0
1692583127699872_2590598574564985,https://facebook.com/1692583127699872_2590598574564985,1692583127699872,03 Dec 2020 08:04:22 AM,photo,"¡Vende en piloto automático! Con nuestro nuevo sistema de cobros recurrentes #QPayBilling podrás administrar tus suscripciones y cobros de una manera fácil, rápida y segura. Si buscas automatizar tus cobros en línea, contáctanos ahora. ⬇",2,0,0,0,0,0,0,0,0,,https://www.facebook.com/photo.php?fbid=2590598574564985&set=a.504567235015204&type=3,2
1692583127699872_2589351758023000,https://facebook.com/1692583127699872_2589351758023000,1692583127699872,01 Dec 2020 04:32:00 PM,photo,"Las 3 P’S de un plan de Branding.
Una identidad de marca sólida no se trata solo del diseño del logotipo, un sitio web o una tarjeta de presentación, es una combinación de imágenes y estrategia.

✔  Propósito: Determina el propósito subliminal de la marca.

¿Cuáles son tus valores y cuáles son las propuestas de valor en torno al nombre?

✔  Promesa: Un aspecto importante que también determina la personalidad de la marca .

¿Qué promesas debes hacer a su usuario final y cómo puede lograrlas?

✔  Potencial: Es una verificación de la realidad de la marca.

Tienes que analizar el potencial de tu identidad de marca.

Averigua cuánto te costaría convertirte en el líder del mercado y cuánto tiempo y esfuerzo requieres para llegar allí y hacer promesas al respecto.",2,0,0,0,0,0,0,0,0,,https://www.facebook.com/photo.php?fbid=2589351758023000&set=a.504567235015204&type=3,2
1692583127699872_2589338318024344,https://facebook.com/1692583127699872_2589338318024344,1692583127699872,01 Dec 2020 04:01:00 PM,photo,"QPayPro, todo lo que necesitas para impulsar tu negocio en línea.
Afíliate HOY y empieza a cobrar en 24Hrs.
https://zcu.io/xEpL",2,0,0,0,0,0,0,1,0,,https://www.facebook.com/photo.php?fbid=2589338318024344&set=a.504567235015204&type=3,2
1692583127699872_2571619283129581,https://facebook.com/1692583127699872_2571619283129581,1692583127699872,30 Nov 2020 04:05:00 PM,album,"Las 5 ventajas de vender en Internet.

Cada vez más gente comienza a vender en Internet antes de poner una tienda física. Esto se debe al mínimo riesgo e inversión que supone el comercio electrónico y el alcance masivo del mismo, junto con las redes sociales.

Crea tu marca.
Negocio abierto las 24Hrs.
Sin limitaciones geográficas.
Reducción de gastos.
Conoce mejor al cliente.",0,0,0,0,0,0,0,0,0,,https://www.facebook.com/504840204987907/posts/2571619283129581,0
1692583127699872_2588549008103275,https://facebook.com/1692583127699872_2588549008103275,1692583127699872,30 Nov 2020 03:32:42 PM,video,Estos pilares los podrás utilizar para tu negocio y los podrás implementar en toda tu estrategia de canales digitales.,4,0,0,0,0,0,0,0,0,,https://www.facebook.com/504840204987907/videos/712134556402772,4
1692583127699872_2588515871439922,https://facebook.com/1692583127699872_2588515871439922,1692583127699872,30 Nov 2020 02:34:00 PM,photo,"Hagamos crecer tu negocio con cobros recurrentes y en piloto automático, #QPayBilling es la plataforma definitiva para gestionar tus cobros recurrentes, es fácil Rápido y Seguro para tus clientes. Si buscas automatizar tus cobros en línea, contáctanos ahora. ⬇",0,0,0,0,0,0,0,0,0,,https://www.facebook.com/photo.php?fbid=2588515871439922&set=a.504567235015204&type=3,0
1692583127699872_2586079065016936,https://facebook.com/1692583127699872_2586079065016936,1692583127699872,27 Nov 2020 10:33:03 AM,photo,"Impulsa tu negocio vendiendo en línea.
Soluciones de pago en línea para empresas.

Empieza a cobrar en línea en 24Hrs. 
https://zcu.io/fMJu",0,0,0,0,0,0,0,0,0,,https://www.facebook.com/photo.php?fbid=2586079065016936&set=a.504567235015204&type=3,0
1692583127699872_2571618673129642,https://facebook.com/1692583127699872_2571618673129642,1692583127699872,26 Nov 2020 12:04:00 PM,album,"¿Qué es un embudo de ventas? 
Es el proceso por el que las oportunidades potenciales de ventas son calificadas y seleccionadas para convertirlas en oportunidades reales que terminan en transacciones.

Atracción (Generar tráfico)
Interacción (Crear un vínculo con el cliente)
Conversión (Generar ventas)
Fidelización (Incrementar ventas)",3,0,0,0,0,0,0,0,0,,https://www.facebook.com/504840204987907/posts/2571618673129642,3
1692583127699872_2584584455166397,https://facebook.com/1692583127699872_2584584455166397,1692583127699872,25 Nov 2020 11:31:00 AM,photo,"¿Sabías que si facilitas formas de pago puedes generar hasta un 10% más de ventas? Los compradores prefieren más en estos tiempos un pago electrónico con un 57% de aumento que antes.

No pierdas clientes, con #QPayPro podrás aceptar pagos desde cualquier distancia.",0,0,0,0,0,0,0,0,0,,https://www.facebook.com/photo.php?fbid=2584584455166397&set=a.504567235015204&type=3,0
1692583127699872_2584579715166871,https://facebook.com/1692583127699872_2584579715166871,1692583127699872,25 Nov 2020 11:23:19 AM,video,"¡Ya se acerca el Fin de Año! Usa estos consejos para hacer marketing navideño y vender más en diciembre.
Navidad y año nuevo son una época en que se puede vender mucho si sabes cómo enfocar tu estrategia digital. Te aseguro que poniendo en práctica los siguientes consejos, verás como potenciarás tus ventas y tu negocio.
¡QPayPro tu aliado ideal para realizar transacciones en línea!",0,0,0,0,0,0,0,0,0,,https://www.facebook.com/504840204987907/videos/2584579705166872,0
1692583127699872_2583971975227645,https://facebook.com/1692583127699872_2583971975227645,1692583127699872,24 Nov 2020 03:56:02 PM,photo,"Genera más ventas aplicando los secretos de Apple.

Un Buen testimonio puede hacer que el 10% de las personas que leen se conviertan en clientes.
Las páginas que muestran mucho contenido interactivo reciben 9% más de clientes.
Hacer que tu página se enfoque en los mercados locales puede incrementar un 30% de clientes.
Por cada segundo que tarda cargar tu página web, pierdes el 7% de tus clientes potenciales.",0,0,0,0,0,0,0,0,0,,https://www.facebook.com/photo.php?fbid=2583971975227645&set=a.504567235015204&type=3,0
1692583127699872_2583046931986816,https://facebook.com/1692583127699872_2583046931986816,1692583127699872,23 Nov 2020 10:30:13 AM,photo,"La nueva realidad impone a los comercios contar con un modelo de comercio electrónico estructurado para recibir pagos en línea, #QPayPro, es tu aliado para la nueva realidad.

Afíliate y empieza a cobrar después de 24Hrs.",1,0,0,0,0,0,0,0,0,,https://www.facebook.com/photo.php?fbid=2583046931986816&set=a.504567235015204&type=3,1
1692583127699872_2580962422195267,https://facebook.com/1692583127699872_2580962422195267,1692583127699872,20 Nov 2020 04:30:02 PM,photo,"Las ventas eCommerce deben de ser simples y debes de tener una plataforma que te apoye en todo el proceso, con #QPayShop tu podrás:
Cargar tus productos y Venderlos fácilmente en tu propia tienda en línea.
configurar tus métodos de envío.
Aceptar pagos con tarjeta de crédito por medio de #QPayPro.
Promover tus productos en redes sociales.
Administrarla muy fácilmente.
https://zcu.io/1WEI",2,0,0,0,0,0,0,0,0,,https://www.facebook.com/photo.php?fbid=2580962422195267&set=a.504567235015204&type=3,2
1692583127699872_2580830245541818,https://facebook.com/1692583127699872_2580830245541818,1692583127699872,20 Nov 2020 12:09:13 PM,video,Nuestro CEO contando su experiencia en el programa de aceleración Inhatcher.,4,0,0,0,0,0,0,1,0,,https://www.facebook.com/488316293336161/videos/439213933737064,4
1692583127699872_2580054002286109,https://facebook.com/1692583127699872_2580054002286109,1692583127699872,19 Nov 2020 11:50:23 AM,album,"3 consejos para aumentar las ventas en línea.

La estrategia de ventas, debe comenzar a planearse con tiempo de anticipación. Se deben considerar la oferta de productos, las promociones, la logística para la operación y la publicidad en todos los canales sociales.",3,0,0,0,0,0,0,0,0,,https://www.facebook.com/504840204987907/posts/2580054002286109,3
1692583127699872_2579243639033812,https://facebook.com/1692583127699872_2579243639033812,1692583127699872,18 Nov 2020 10:29:00 AM,photo,"Actualmente existen en el país 5 mil empresas vendiendo en línea, y la proyección para el cierre del año es que hayan 6 mil 500 empresas, es decir un aumento del 152% en las empresas en línea. ¿Y tu empresa ya esta vendiendo de forma online?

Con #QPayPro puedes facilitarle a tus clientes el pago y evitar que salgan de casa.",2,0,0,0,0,0,0,0,0,,https://www.facebook.com/photo.php?fbid=2579243639033812&set=a.504567235015204&type=3,2
1692583127699872_2578779399080236,https://facebook.com/1692583127699872_2578779399080236,1692583127699872,17 Nov 2020 08:23:17 PM,photo,https://wa.me/message/BB5TSAIM33M7L1,0,0,0,0,0,0,0,0,0,,https://www.facebook.com/photo.php?fbid=2578779372413572&set=a.504567245015203&type=3,0
1692583127699872_2578694025755440,https://facebook.com/1692583127699872_2578694025755440,1692583127699872,17 Nov 2020 05:55:02 PM,photo,"Los 5 NO de una venta perfecta.

No comiences un negocio sin conocer tu target o público.
No des más información de la necesaria.
No pierdas la paciencia con un cliente.
No pierdas el tiempo.
No digas cosas que puedan afectar la venta.",7,0,0,0,0,0,1,2,0,,https://www.facebook.com/photo.php?fbid=2578694025755440&set=a.504567235015204&type=3,7
1692583127699872_2577643002527209,https://facebook.com/1692583127699872_2577643002527209,1692583127699872,16 Nov 2020 12:30:12 PM,photo,"¿Sabías que si potencias tus operaciones online puedes generar hasta un 20% más de ventas? #QPayPro es tu aliado perfecto para impulsar tu comercio electrónico, empieza a cobrar en 24Hrs después de tu afiliación.",1,0,0,0,0,0,0,0,0,,https://www.facebook.com/photo.php?fbid=2577643002527209&set=a.504567235015204&type=3,1
1692583127699872_2577590715865771,https://facebook.com/1692583127699872_2577590715865771,1692583127699872,16 Nov 2020 11:07:38 AM,photo,"Mira a los startups de nuestro programa INhatcher presentar sus ideas después de 5 meses de aceleración.

No te pierdas el Demo Day el próximo martes 17 de noviembre a las 6:30 por Facebook Live. 

Asiste aquí ? https://fb.me/e/1UJvMBNjz",1,1,0,0,0,0,1,0,0,,https://www.facebook.com/photo.php?fbid=2577590635865779&set=a.504567235015204&type=3,2
1692583127699872_2575081792783330,https://facebook.com/1692583127699872_2575081792783330,1692583127699872,13 Nov 2020 03:30:15 PM,photo,"Con #QPayBilling olvídate de las notificaciones de cobros mensuales, nuestra herramienta de gestión de cobros automáticos #QPayBilling es lo que necesitas para gestionar cobros recurrentes. Si buscas automatizar tus cobros en línea, contáctanos ahora. ⬇",3,0,0,0,0,0,0,0,0,,https://www.facebook.com/photo.php?fbid=2575081792783330&set=a.504567235015204&type=3,3
1692583127699872_2574258199532356,https://facebook.com/1692583127699872_2574258199532356,1692583127699872,12 Nov 2020 04:54:00 PM,photo,"Necesitamos encontrar y establecer las prioridades en las redes sociales para que tu negocio triunfe y crezca exponencialmente.

Por eso te presentamos una infografía en donde te enseñaremos 5 prioridades que debes de tomar en cuenta para tu empresa.

Crear más contenido que genere interacción 73%.
Entender cual contenido es efectivo 58%.
Crear contenido visual 55%.
Mejorar la distribución de materiales 44%.
Optimizar el contenido 43%.",5,0,0,0,0,0,0,0,0,,https://www.facebook.com/photo.php?fbid=2574258199532356&set=a.504567235015204&type=3,5
1692583127699872_2573132109644965,https://facebook.com/1692583127699872_2573132109644965,1692583127699872,11 Nov 2020 09:26:01 AM,photo,"La proyección de ventas en línea para el cierre de este año 2020 tiene un aumento del 61% en compras al exterior y un 118% en compras en el área local.

#QPayPro te facilita el cobrarle a tus clientes de una forma segura, fácil y rápida.

¡Afíliate con nosotros!",3,0,0,0,0,0,0,1,0,,https://www.facebook.com/photo.php?fbid=2573132109644965&set=a.504567235015204&type=3,3
1692583127699872_2571616209796555,https://facebook.com/1692583127699872_2571616209796555,1692583127699872,10 Nov 2020 10:25:00 AM,album,"4 tendencias de e-commerce que determinan el futuro del comercio electrónico.

Experiencia personalizada
Automatización del servicio al cliente
Facilitar métodos de pago en línea
Entregas rápidas",3,0,0,0,0,0,1,0,0,,https://www.facebook.com/504840204987907/posts/2571616209796555,3
1692583127699872_2571576086467234,https://facebook.com/1692583127699872_2571576086467234,1692583127699872,09 Nov 2020 02:26:00 PM,photo,"Crea tu propia tienda en línea en minutos con método de pago incluido y promueve tus productos fácilmente con #QPayShop.
Crea tu cuenta y empieza a crear tu tienda en línea aquí  ?  https://zcu.io/DVhc",2,0,0,0,0,0,0,0,0,,https://www.facebook.com/photo.php?fbid=2571576086467234&set=a.504567235015204&type=3,2
1692583127699872_2568717573419752,https://facebook.com/1692583127699872_2568717573419752,1692583127699872,06 Nov 2020 11:24:00 AM,photo,"El 45% de los consumidores, realizan compras en los sitios que ofrecen accesibilidades de pago o plataformas de pagar de forma electrónica. ¡Incrementa tus ventas con #QPayPro aceptando transacciones con tarjeta de crédito o débito!",1,0,0,0,0,0,0,0,0,,https://www.facebook.com/photo.php?fbid=2568717573419752&set=a.504567235015204&type=3,1
1692583127699872_2566911160267060,https://facebook.com/1692583127699872_2566911160267060,1692583127699872,04 Nov 2020 10:24:01 AM,photo,"¿Sabías que 5 de cada 10 guatemaltecos compran en línea al menos una vez al mes? Los hábitos de consumo están cambiando radicalmente hacia los canales online.

Con #QPayPro puedes empezar a cobrar de forma online en 24Hrs después de tu afiliación.",1,0,0,0,0,0,0,0,0,,https://www.facebook.com/photo.php?fbid=2566911160267060&set=a.504567235015204&type=3,1
1692583127699872_2548002595491250,https://facebook.com/1692583127699872_2548002595491250,1692583127699872,03 Nov 2020 02:25:00 PM,photo,"Véndele a tu cliente de forma Práctica y segura, con #QPayPro puedes facilitar el proceso de compra de tu cliente, hagamos crecer tu negocio hoy mismo con una plataforma fácil, confiable y segura. Déjanos tus datos para recibir mas información. ⬇",1,0,0,0,0,0,1,0,0,,https://www.facebook.com/photo.php?fbid=2548002325491277&set=a.504567235015204&type=3,1
1692583127699872_2566002647024578,https://facebook.com/1692583127699872_2566002647024578,1692583127699872,03 Nov 2020 10:06:36 AM,photo,"!Es momento de vender en piloto automático! Con nuestro nuevo sistema #QPayBilling podrás administrar tus suscripciones y cobros recurrentes de una manera fácil, rápida y segura. Si buscas automatizar tus cobros en línea, contáctanos ahora. ⬇",0,0,0,0,0,0,1,0,0,,https://www.facebook.com/photo.php?fbid=2566002647024578&set=a.504567235015204&type=3,0
1692583127699872_2548002025491307,https://facebook.com/1692583127699872_2548002025491307,1692583127699872,01 Nov 2020 09:25:00 AM,photo,"Deja que tus clientes te compren y paguen en línea, con  #QpayPro, puedes crear, gestionar y cobrar con tu propia tienda en línea. Presenta tus productos y servicios en una plataforma amigable y funcional pero sobre todo, efectiva para hacer crecer tu negocio.

Si buscas hacer crecer tu negocio con una tienda en línea, contáctanos ahora. ⬇",4,0,0,0,0,0,1,0,0,,https://www.facebook.com/photo.php?fbid=2548001838824659&set=a.504567235015204&type=3,4
1692583127699872_2548001542158022,https://facebook.com/1692583127699872_2548001542158022,1692583127699872,30 Oct 2020 11:25:00 AM,photo,"Con #QPayPro vender en línea es extremadamente fácil, facilita la compra a tus clientes con una plataforma amigable y auto gestionable, presenta, vende y cobra en línea con #QPayPro déjanos tus datos para que un ejecutivo te contacte hoy mismo ⬇",3,0,0,0,0,0,0,1,0,,https://www.facebook.com/photo.php?fbid=2548001342158042&set=a.504567235015204&type=3,3
1692583127699872_2548000898824753,https://facebook.com/1692583127699872_2548000898824753,1692583127699872,29 Oct 2020 10:45:00 AM,photo,"El mundo cambio! Las ventas ahora son digitales, con #QPayPro puedes crear, gestionar y cobrar con tu propia tienda en línea, #QPayPro es la plataforma definitiva para presentar tus productos y servicios en una plataforma amigable y funcional.

Si buscas hacer crecer tu negocio con una tienda en línea completamente automatizada, contáctanos ahora. ⬇",1,0,0,0,0,0,0,0,0,,https://www.facebook.com/photo.php?fbid=2548000698824773&set=a.504567235015204&type=3,1
1692583127699872_2547999802158196,https://facebook.com/1692583127699872_2547999802158196,1692583127699872,28 Oct 2020 02:25:00 PM,photo,"#QpayPro es tu aliado de negocios, facilita  la experiencia de  compra a tus clientes con una plataforma eficiente de cobros en línea y comienza ha impulsar tu negocio hoy mismo, déjanos tus datos para que un asesor especializado te de toda la información ⬇",5,0,0,0,0,0,0,0,0,,https://www.facebook.com/photo.php?fbid=2547999455491564&set=a.504567235015204&type=3,5
1692583127699872_2547998995491610,https://facebook.com/1692583127699872_2547998995491610,1692583127699872,26 Oct 2020 09:25:00 AM,photo,"El mundo cambio! Las ventas ahora son digitales, con  #QpayPro, puedes crear y gestionar y cobrar con tu propia tienda en línea, #QPayPro es la plataforma definitiva para presentar tus productos y servicios en una plataforma amigable y funcional. Si buscas hacer crecer tu negocio con una tienda en línea, contáctanos ahora. ⬇",2,0,0,0,0,0,0,1,0,,https://www.facebook.com/photo.php?fbid=2547998808824962&set=a.504567235015204&type=3,2
1692583127699872_2547998405491669,https://facebook.com/1692583127699872_2547998405491669,1692583127699872,23 Oct 2020 09:55:01 AM,photo,"#QPayPro es tu aliado de negocios, facilita la compra a tu cliente con una plataforma eficiente de cobros en línea y comienza ha impulsar tu negocio hoy mismo, déjanos tus datos para que un asesor especializado te de toda la información ⬇",2,0,0,0,0,0,0,2,4,,https://www.facebook.com/photo.php?fbid=2547998155491694&set=a.504567235015204&type=3,2
1692583127699872_2547997838825059,https://facebook.com/1692583127699872_2547997838825059,1692583127699872,21 Oct 2020 08:45:00 AM,photo,"Hagamos crecer tu negocio con cobros recurrentes y en piloto automático, #QPayBilling es la plataforma definitiva para gestionar tus cobros recurrentes, es fácil Rápido y Seguro para tus clientes. Si buscas automatizar tus cobros en línea, contáctanos ahora. ⬇",0,0,0,0,0,0,0,0,0,,https://www.facebook.com/photo.php?fbid=2547997635491746&set=a.504567235015204&type=3,0
1692583127699872_2552828321675344,https://facebook.com/1692583127699872_2552828321675344,1692583127699872,19 Oct 2020 04:35:00 PM,photo,"Nuestro CEO sigue dando de que hablar, hoy en libertópolis  a las 18:00 horas Hugo García nos dará tips para vender mas a través de la implementación de pagos electrónicos.
#Tendencias2020 #Revista #QPayPro #RevistaTendenciasGuatemala",4,0,0,0,0,0,0,0,0,,https://www.facebook.com/photo.php?fbid=2552828321675344&set=a.504567235015204&type=3,4
1692583127699872_2547997405491769,https://facebook.com/1692583127699872_2547997405491769,1692583127699872,19 Oct 2020 10:25:00 AM,photo,"Vender en piloto automático ahora es posible en Guatemala, presentamos #QPayBilling, un sistema para administrar suscripciones y cobros recurrentes de forma fácil, rápida y segura. Si te gustaría vender en piloto automático ingresa tus datos aquí. ⬇",0,0,0,0,0,0,1,0,0,,https://www.facebook.com/photo.php?fbid=2547997192158457&set=a.504567235015204&type=3,0
1692583127699872_2552091721749004,https://facebook.com/1692583127699872_2552091721749004,1692583127699872,18 Oct 2020 08:11:36 PM,album,"Nuestro CEO Hugo García está en entrevista en TV Azteca, dándonos tips sobre  comercio electrónico en Guatemala, los beneficios e impactos ante el Covid-19.",15,1,0,0,0,0,2,4,1,,https://www.facebook.com/504840204987907/posts/2552091721749004,16
1692583127699872_2551935948431248,https://facebook.com/1692583127699872_2551935948431248,1692583127699872,18 Oct 2020 03:25:01 PM,photo,"Te invitamos a ver una entrevista que realizó nuestro CEO Hugo García en TV Azteca, acerca del comercio electrónico en Guatemala, los beneficios e impactos ante el Covid-19.

¡No te lo pierdas, Hoy Domingo 8.00 PM en TV Azteca!",6,2,0,0,0,0,0,1,1,,https://www.facebook.com/photo.php?fbid=2551935948431248&set=a.504567235015204&type=3,8
1692583127699872_2548986862059490,https://facebook.com/1692583127699872_2548986862059490,1692583127699872,15 Oct 2020 10:00:43 AM,video,"Presentamos #QPayBilling, un sistema para administrar suscripciones y cobros recurrentes a tus clientes. ??

Descubre más en el siguiente enlace ?
https://zcu.io/HGXx",4,0,0,0,0,0,0,0,0,,https://www.facebook.com/504840204987907/videos/3246978658688468,4
1692583127699872_2547996918825151,https://facebook.com/1692583127699872_2547996918825151,1692583127699872,15 Oct 2020 09:25:00 AM,photo,"Con #QPayBilling olvídate de las notificaciones de cobros mensuales, nuestra herramienta de gestión de cobros automáticos #QPayBilling es lo que necesitas para gestionar cobros recurrentes. Si buscas automatizar tus cobros en línea, contáctanos ahora. ⬇",3,0,0,0,0,0,0,0,1,,https://www.facebook.com/photo.php?fbid=2547996692158507&set=a.504567235015204&type=3,3
1692583127699872_2547996445491865,https://facebook.com/1692583127699872_2547996445491865,1692583127699872,14 Oct 2020 05:25:00 PM,photo,"Es momento de vender mientras duermes, con  #QPayBilling podrás administrar tus suscripciones y cobros recurrentes de manera totalmente automatizada, hagamos crecer tu negocio y comienza a gestionar tus cobros recurrentes con #QPayBilling hoy, ingresa tus datos para recibir mas información. ⬇",3,0,0,0,0,0,0,0,0,,https://www.facebook.com/photo.php?fbid=2547996125491897&set=a.504567235015204&type=3,3
1692583127699872_2547995838825259,https://facebook.com/1692583127699872_2547995838825259,1692583127699872,14 Oct 2020 10:25:02 AM,photo,"!Es momento de vender en piloto automático! Con nuestro nuevo sistema #QPayBilling podrás administrar tus suscripciones y cobros recurrentes de una manera fácil, rápida y segura. Si buscas automatizar tus cobros en línea, contáctanos ahora. ⬇",0,0,0,0,0,0,0,0,0,,https://www.facebook.com/photo.php?fbid=2547995148825328&set=a.504567235015204&type=3,0
1692583127699872_2543244445967065,https://facebook.com/1692583127699872_2543244445967065,1692583127699872,08 Oct 2020 10:00:37 AM,video,"Presentamos #QPayBilling, un sistema para administrar suscripciones y cobros recurrentes a tus clientes. ??

Descubre más en el siguiente enlace ?
https://zcu.io/HGXx",1,0,0,0,0,0,0,0,0,,https://www.facebook.com/504840204987907/videos/2858472924410456,1
1692583127699872_2537561443202032,https://facebook.com/1692583127699872_2537561443202032,1692583127699872,01 Oct 2020 10:00:48 AM,video,"Presentamos #QPayBilling, un sistema para administrar suscripciones y cobros recurrentes a tus clientes. ??

Descubre más en el siguiente enlace ?
https://zcu.io/HGXx",1,0,0,0,0,0,0,1,0,,https://www.facebook.com/504840204987907/videos/2707808382862561,1
1692583127699872_2535156026775907,https://facebook.com/1692583127699872_2535156026775907,1692583127699872,28 Sep 2020 12:58:01 PM,photo,"Crea tu propia tienda en línea en minutos con método de pago incluido y promueve tus productos fácilmente con #QPayShop.

Crea tu cuenta y empieza a crear tu tienda en línea aquí  ? 
https://zcu.io/DVhc",0,0,0,0,0,0,0,1,0,,https://www.facebook.com/photo.php?fbid=2535156026775907&set=a.504567235015204&type=3,0
1692583127699872_2532529340371909,https://facebook.com/1692583127699872_2532529340371909,1692583127699872,25 Sep 2020 09:17:14 AM,video,"Acepta pagos en línea fácilmente e impulsa el crecimiento de tu negocio. ?
Descubre más en el siguiente video ?
https://zcu.io/zryr",2,0,0,0,0,0,0,0,0,,https://l.facebook.com/l.php?u=https%3A%2F%2Fwww.youtube.com%2Fwatch%3Fv%3DNDRMrkEw07o&h=AUDfB_0TEtfWDRtYlyMzhVo23HaSG_Sh0S6rXpg5Uu-wHQJAutXD4js5HRdKna-L9GkPWZmDs4JRRTZWe4zs3EbhFseYH76KQ9TyTqlUaDsJ8ZS-9JMW5m3UsakpBBa3&s=1,2
1692583127699872_2531816783776498,https://facebook.com/1692583127699872_2531816783776498,1692583127699872,24 Sep 2020 12:45:01 PM,photo,"¿Necesitas gestionar suscripciones y hacer cobros recurrentes? ?
Con #QPayBilling es muy fácil!

Pon tus cobros en piloto automático ? 
https://zcu.io/DFUT",0,0,0,0,0,0,1,0,0,,https://www.facebook.com/photo.php?fbid=2531816783776498&set=a.504567235015204&type=3,0
1692583127699872_2531088017182708,https://facebook.com/1692583127699872_2531088017182708,1692583127699872,23 Sep 2020 03:43:03 PM,photo,"Sabías que a partir del COVID-19, más del 60% de los consumidores hicieron una compra en línea por ahorro de tiempo, facilidad y sencillez.

¿Y tú, ya facilitas la compra a tus clientes?

Acepta tarjetas en línea y empieza a cobrar en 24Hrs ?
https://zcu.io/3I5H 

Fuente: 2do estudio de comercio electrónico de Guatemala",1,0,0,0,0,0,0,0,0,,https://www.facebook.com/photo.php?fbid=2531088017182708&set=a.504567235015204&type=3,1
1692583127699872_2530823923875784,https://facebook.com/1692583127699872_2530823923875784,1692583127699872,23 Sep 2020 09:13:00 AM,photo,"Con nuestro POS Virtual, puedes cobrar fácilmente a tus clientes frente a ti y sin necesidad de un dispositivo adicional, esto y más incluido en tu afiliación ?. 

Afíliate hoy y empieza a cobrar en 24Hrs ?
https://zcu.io/Zlv7",0,0,0,0,0,0,0,0,0,,https://www.facebook.com/photo.php?fbid=2530823923875784&set=a.504567235015204&type=3,0
1692583127699872_2529973610627482,https://facebook.com/1692583127699872_2529973610627482,1692583127699872,22 Sep 2020 10:00:40 AM,video,"Presentamos #QPayBilling, un sistema para administrar suscripciones y cobros recurrentes a tus clientes. ??

Descubre más en el siguiente enlace ?
https://zcu.io/HGXx",2,0,0,0,0,0,0,0,0,,https://www.facebook.com/504840204987907/videos/749552989227545,2
1692583127699872_2529165717374938,https://facebook.com/1692583127699872_2529165717374938,1692583127699872,21 Sep 2020 11:40:00 AM,photo,"Sabías que 8 de cada 10 personas han comprado en línea alguna vez y más del 73% de ellos lo hicieron el último año. Los hábitos de consumo cambiaron radicalmente hacia los canales online.

¿Y tú, ya vendes y aceptas tarjetas en línea?

Afíliate y empieza a cobrar en 24Hrs ?
https://zcu.io/e7U4 

Fuente: 2do estudio de comercio electrónico de Guatemala",2,0,0,0,0,0,1,0,0,,https://www.facebook.com/photo.php?fbid=2529165717374938&set=a.504567235015204&type=3,2
1692583127699872_2526659714292205,https://facebook.com/1692583127699872_2526659714292205,1692583127699872,18 Sep 2020 10:00:35 AM,photo,"Ahora tiempo y recursos de cobro, evita clientes olvidadizos.
Muy pronto podrás poner tus cobros en piloto automático.?",1,0,0,0,0,0,0,0,0,,https://www.facebook.com/photo.php?fbid=2526659714292205&set=a.504567235015204&type=3,1
1692583127699872_2525858251039018,https://facebook.com/1692583127699872_2525858251039018,1692583127699872,17 Sep 2020 11:16:46 AM,video,"Mira en el siguiente video lo fácil que es crear tu propia tienda en línea con #QPayShop.
¿Y tú, ya vendes en línea?

Crea tu demo aquí ?
https://zcu.io/tjmg",6,0,0,0,0,0,1,3,0,,https://www.facebook.com/504840204987907/videos/644596232915917,6
1692583127699872_2525016244456552,https://facebook.com/1692583127699872_2525016244456552,1692583127699872,16 Sep 2020 10:00:32 AM,photo,"Muy pronto, una solución que pondrán tus cobros en piloto automático. ?",4,0,0,0,0,0,0,0,0,,https://www.facebook.com/photo.php?fbid=2525016244456552&set=a.504567235015204&type=3,4
1692583127699872_2523340467957463,https://facebook.com/1692583127699872_2523340467957463,1692583127699872,14 Sep 2020 10:00:22 AM,photo,Muy Pronto...,5,0,0,0,0,0,0,0,0,,https://www.facebook.com/photo.php?fbid=2523340467957463&set=a.504567235015204&type=3,5
1692583127699872_2513385242286319,https://facebook.com/1692583127699872_2513385242286319,1692583127699872,02 Sep 2020 10:36:00 AM,photo,"Uno de los beneficios de ser parte de la red de Afiliados con #QPayPro, es que tienes la oportunidad de participar en diferentes Webinars y Charlas que damos a lo largo del año. ?

En nuestros webinars aprenderás sobre ventas en línea, mercadeo digital, comercio electrónico y más, de la mano de nuestros partners y aliados de negocio.

Descubre nuestros webinars pasados en el siguiente enlace ?
https://zcu.io/vYMa",0,0,0,0,0,0,0,0,0,,https://www.facebook.com/photo.php?fbid=2513385242286319&set=a.504567235015204&type=3,0
1692583127699872_2509262182698625,https://facebook.com/1692583127699872_2509262182698625,1692583127699872,28 Aug 2020 04:06:00 PM,link,"Aunque los negocios de comercio electrónico implementados correctamente, son mucho más seguros en varios aspectos para los clientes finales que nos hacen la compra, en las ventas en línea, para los comercios siempre existirán ciertos riesgos, de los cuales debemos de estar atentos.
 
Debemos de monitorear todas las transacciones que nos realicen en nuestros canales digitales y evitar así caer en las manos de los delincuentes que buscan defraudar a nuestro comercio, para esto hemos preparados estos 10 consejos para los comercios para  poder así prevenir fraude, conócelos aquí ?
https://zcu.io/yZ5T",2,0,0,0,0,0,0,0,0,,https://l.facebook.com/l.php?u=https%3A%2F%2Fwww.qpaypro.com%2F2019%2F07%2F11%2F10-sen%25cc%2583ales-de-advertencia-para-prevenir-fraudes%2F&h=AUCoKyCUGrx_QwOp22vYG24_srLQccYNaJCuW2OjJjOHsqkWiL9xGAwbmHouqVorXK3OK9BQE8LTNU586uT4ESzqFP14LlGMH57WFLByU57hFo8zSpc4jYlAc6kMkGXn&s=1,2
1692583127699872_2508264702798373,https://facebook.com/1692583127699872_2508264702798373,1692583127699872,27 Aug 2020 11:22:32 AM,video,"1. Vende en línea
2. Envia link de pago
3. Acepta tarjetas en línea

Afíliate hoy y empieza a cobrar en 24Hrs. ?
https://zcu.io/1pqV",4,0,0,0,0,0,3,0,0,,https://www.facebook.com/504840204987907/videos/645255559434307,4
1692583127699872_2507622229529287,https://facebook.com/1692583127699872_2507622229529287,1692583127699872,26 Aug 2020 04:48:26 PM,photo,"Afíliate hoy e impulsemos juntos el crecimiento de tu negocio. 
Soluciones de venta en línea para empresas 

Empieza a cobrar en 24Hrs. ? 
https://zcu.io/01ND",2,0,0,0,0,0,0,0,0,,https://www.facebook.com/photo.php?fbid=2507622229529287&set=a.504567235015204&type=3,2
1692583127699872_2506395946318582,https://facebook.com/1692583127699872_2506395946318582,1692583127699872,25 Aug 2020 09:17:00 AM,video,"Acepta pagos en línea fácilmente e impulsa el crecimiento de tu negocio. ?
Descubre más en el siguiente video ?
https://zcu.io/zryr",2,0,0,0,0,0,0,0,0,,https://l.facebook.com/l.php?u=https%3A%2F%2Fwww.youtube.com%2Fwatch%3Fv%3DNDRMrkEw07o&h=AUASllmymNoKJ6Lb2xHqQSEiu4xAIguHmfWbbaxiKjNWOLLfJwkBfMRHWfjiDw3SE3ca11zPG6FAwuSkXWORf2k9sCKJIWFhxx-EYcU-tjFJDajp0epA_dpY_F72Ufcu&s=1,2
1692583127699872_2505625906395586,https://facebook.com/1692583127699872_2505625906395586,1692583127699872,24 Aug 2020 11:15:26 AM,photo,"#QPayPro, todo lo que necesitas para vender en línea ?
Afíliate HOY y empieza a cobrar en 24Hrs. ⏳?
https://zcu.io/xEpL",2,0,0,0,0,0,0,0,0,,https://www.facebook.com/photo.php?fbid=2505625906395586&set=a.504567235015204&type=3,2
1692583127699872_2504649823159861,https://facebook.com/1692583127699872_2504649823159861,1692583127699872,23 Aug 2020 09:13:02 AM,photo,"Con nuestro POS Virtual, puedes cobrar fácilmente a tus clientes frente a ti y sin necesidad de un dispositivo adicional, esto y más incluido en tu afiliación ?. 

Afíliate hoy y empieza a cobrar en 24Hrs ?
https://zcu.io/Zlv7",1,0,0,0,0,0,0,0,0,,https://www.facebook.com/photo.php?fbid=2504649823159861&set=a.504567235015204&type=3,1
1692583127699872_2503019636656213,https://facebook.com/1692583127699872_2503019636656213,1692583127699872,21 Aug 2020 09:13:00 AM,photo,"Con nuestro POS Virtual, puedes cobrar fácilmente a tus clientes frente a ti y sin necesidad de un dispositivo adicional, esto y más incluido en tu afiliación ?. 

Afíliate hoy y empieza a cobrar en 24Hrs ?
https://zcu.io/Zlv7",2,0,0,0,0,0,0,0,0,,https://www.facebook.com/photo.php?fbid=2503019636656213&set=a.504567235015204&type=3,2
1692583127699872_2502473343377509,https://facebook.com/1692583127699872_2502473343377509,1692583127699872,20 Aug 2020 04:40:10 PM,link,"Cómo establecer las políticas de envío y entrega para nuestro eCommerce.
Encuentra aquí una guía que te ayudará a definirlas de mejor manera ?
https://zcu.io/OwC0",2,0,0,0,0,0,0,0,0,,https://l.facebook.com/l.php?u=https%3A%2F%2Fwww.qpaypro.com%2F2019%2F07%2F12%2Fpoliticas-de-envio-y-entrega-en-un-ecommerce%2F&h=AUArjzi_FrT4GUz88xYktXyNH776RWsqPqyJc1TSG8VxUs__1J6UIIcnPBXsyC7cplo3exXDqqMPrsg8t5Vxkh_MnteiZTtT0xsYgk4zIHXcZlVNBRiR9RLs018JqqdL&s=1,2
1692583127699872_2502226840068826,https://facebook.com/1692583127699872_2502226840068826,1692583127699872,20 Aug 2020 09:34:02 AM,photo,"Crea tu propia tienda en línea en minutos con método de pago incluido y promueve tus productos fácilmente con #QPayShop.

Crea tu cuenta y empieza a crear tu tienda en línea aquí  ? 
https://zcu.io/DVhc",0,0,0,0,0,0,0,0,0,,https://www.facebook.com/photo.php?fbid=2502226840068826&set=a.504567235015204&type=3,0
1692583127699872_2501613826796794,https://facebook.com/1692583127699872_2501613826796794,1692583127699872,19 Aug 2020 03:03:00 PM,photo,"Las ventas eCommerce deben de sr simples y debes de tener una plataforma que te apoye en todo el proceso, con #QPayShop tu podrás:

?Cargar tus productos y Venderlos fácilmente en tu propia tienda en línea.
?configurar tus métodos de envío.
?Aceptar pagos con tarjeta de crédito por medio de #QPayPro.
?Promover tus productos en redes sociales.
⏳Administrarla muy fácilmente.

?https://zcu.io/1WEI",2,0,1,0,0,0,0,0,0,,https://www.facebook.com/photo.php?fbid=2501613826796794&set=a.504567235015204&type=3,3
1692583127699872_2501469820144528,https://facebook.com/1692583127699872_2501469820144528,1692583127699872,19 Aug 2020 11:00:04 AM,link,"Webinar, preparando mi negocio para vender más",1,0,0,0,0,0,0,0,0,,https://l.facebook.com/l.php?u=https%3A%2F%2Fzc.vg%2FMgriR%3Fm%3D2&h=AUDBcYZFawqboKHHz2cmZOjkxjaHtevaVt_GqnSGSLVA7Ad5sPhrvsM9JMgWNzk5gCZltcUX1NMMfwADsra04NYzmRma9ojhQOG20x9YmWxA3oqfSDp2cY5oSjbi_M__&s=1,1
1692583127699872_2501454980146012,https://facebook.com/1692583127699872_2501454980146012,1692583127699872,19 Aug 2020 10:36:00 AM,photo,"Uno de los beneficios de ser parte de la red de Afiliados con #QPayPro, es que tienes la oportunidad de participar en diferentes Webinars y Charlas que damos a lo largo del año. ?

En nuestros webinars aprenderás sobre ventas en línea, mercadeo digital, comercio electrónico y más, de la mano de nuestros partners y aliados de negocio.

Descubre nuestros webinars pasados en el siguiente enlace ?
https://zcu.io/vYMa",2,0,0,0,0,0,0,0,0,,https://www.facebook.com/photo.php?fbid=2501454980146012&set=a.504567235015204&type=3,2
1692583127699872_2500805326877644,https://facebook.com/1692583127699872_2500805326877644,1692583127699872,18 Aug 2020 03:45:00 PM,video,"Así de fácil puedo vender en línea usando los links de pago con QPayPro ?

? https://zcu.io/oMev",2,0,0,0,0,0,0,0,0,,https://l.facebook.com/l.php?u=https%3A%2F%2Fwww.youtube.com%2Fwatch%3Fv%3DZ6ryO0jDnI4&h=AUDte3uuRM_mVLS9E2wzxMOy2Nu6VfikpQBfQfyEGMN2FM-Ij9XAT_8dNsPiY9zKhx8oDQliPyFpL7p4-s4mUv2laDGZ3iOLbXAaUTnGJsJZnDbTJ5fLaga6d3nThuz3&s=1,2
1692583127699872_2500622560229254,https://facebook.com/1692583127699872_2500622560229254,1692583127699872,18 Aug 2020 10:32:22 AM,video,"Conoce las ventajas de usar #QPayPro como tu aliado en tu negocio y tus canales digitales ?

https://zcu.io/IIHT",1,0,0,0,0,0,0,0,0,,https://l.facebook.com/l.php?u=https%3A%2F%2Fwww.youtube.com%2Fwatch%3Fv%3DkSlz-diSTII&h=AUDXIXqQNFN0_n9kSg-FDpfQhNbWFzZjloD3l2rpMi4wEdFUQ0flWEm39Vyibw24co1q8Qq4asOJbYZ5-85pujnHPWc6_JI8AAt2ZEzc7KFWflWpONGtuUr4jLnoRBRp&s=1,1
1692583127699872_2499810260310484,https://facebook.com/1692583127699872_2499810260310484,1692583127699872,17 Aug 2020 10:57:03 AM,photo,"Crea y envía links de pago e impulsa las ventas de tus redes sociales, WhatsApp, Email, etc.
Conoce más de las funciones de #QPayPro aquí ?
https://zcu.io/frky",1,0,0,0,0,0,1,0,0,,https://www.facebook.com/photo.php?fbid=2499810260310484&set=a.504567235015204&type=3,1
1692583127699872_2499770946981082,https://facebook.com/1692583127699872_2499770946981082,1692583127699872,17 Aug 2020 10:00:32 AM,link,Creando mi tienda en línea rápidamente,1,0,0,0,0,0,0,0,0,,https://l.facebook.com/l.php?u=https%3A%2F%2Fzc.vg%2FFkuyr%3Fm%3D2&h=AUAGKaQ89aiNicud5-VGWoTjMbq3e7LmOfesSeJH0m2RagM-oAKw-Ab4wkdJF3iXik_65AYAmwk8DmUdzWvutvyvFVx-fCkCwMcfdm5t4oTfLpf88bloySmDPXqBBNFG&s=1,1
1692583127699872_2497475530543957,https://facebook.com/1692583127699872_2497475530543957,1692583127699872,14 Aug 2020 04:00:15 PM,link,"Conoce en esta infografía, 5 beneficios de los pagos en línea.
Descárgala aquí ?
https://zcu.io/RlAl",3,0,0,0,0,0,0,0,0,,https://l.facebook.com/l.php?u=https%3A%2F%2Fwww.qpaypro.com%2F2020%2F03%2F11%2Finfografia-5-beneficios-de-los-pagos-en-linea%2F&h=AUBuM6sJtCBXEfmx00zSml82X55lWFlnpRQdlMveixoywZpVKjEK9QSAborUSELeR2al3RZSW69eJRP651WQRNTyw4NQCv4t1ENkoEBdFdTQLsGzqfavyFdd3xzcnlwV&s=1,3
1692583127699872_2496276180663892,https://facebook.com/1692583127699872_2496276180663892,1692583127699872,13 Aug 2020 09:30:07 AM,photo,"Carga tus productos, sincronízalos con facebook e instagram, configura tus métodos de envío y acepta tarjetas en línea, todo esto muy fácilmente con #QPayShop ?

Crea tu cuenta aquí  ?
https://zcu.io/X25N",3,0,0,0,0,0,0,1,4,,https://www.facebook.com/photo.php?fbid=2496276180663892&set=a.504567235015204&type=3,3
1692583127699872_2495239340767576,https://facebook.com/1692583127699872_2495239340767576,1692583127699872,12 Aug 2020 11:38:01 AM,photo,"Impulsa tu negocio vendiendo en línea.
Soluciones de pago en línea para empresas.

Empieza a vender en línea en 24Hrs. ?
 https://zcu.io/fMJu",1,0,0,0,0,0,0,0,0,,https://www.facebook.com/photo.php?fbid=2495239340767576&set=a.504567235015204&type=3,1
1692583127699872_2494185270872983,https://facebook.com/1692583127699872_2494185270872983,1692583127699872,11 Aug 2020 04:25:00 PM,link,"Los términos y condiciones en un eCommerce es un elemento super importante que debe de estar presente y claro para nuestros clientes.  ?
A continuación les dejamos un ejemplo de términos y condiciones, los cuales pueden utilizar y adaptar a su tienda en línea.

https://zcu.io/ODz9",3,0,0,0,0,0,0,0,0,,https://l.facebook.com/l.php?u=https%3A%2F%2Fwww.qpaypro.com%2F2019%2F10%2F02%2Fterminos-condiciones-e-commerce%2F&h=AUCnYQq8-itbK6EN92_sUyEVDwNNBjUlhTIKoMHtaK8-VPAMP6-6FlQbpazGl9Nrn1JO9z3vGEHF0rLtFPzZuETKYBjPvZn_Y6VJjHGsA3sNJvBJv3zyJbb_lyvQvaCK&s=1,3
1692583127699872_2493912677566909,https://facebook.com/1692583127699872_2493912677566909,1692583127699872,11 Aug 2020 09:36:01 AM,video,"Crea tu tienda en línea en minutos, conoce más de #QPayShop en el siguiente video ?
https://zcu.io/yAid",2,0,0,0,0,0,0,0,0,,https://l.facebook.com/l.php?u=https%3A%2F%2Fwww.youtube.com%2Fwatch%3Fv%3DN7bdipNNtvI&h=AUD_UnYvJy2LaGeSwXFRap6-Zb1YTA3cOjaD_8VEl51PIit9hWhOhR9XsJ4S-lYkx1HOuyuu3kq9RevI84TVWsDTrEBGy1MufCB8WC29CvorcjnCn5h2BrnrYd8gMdhq&s=1,2
1692583127699872_2493326904292153,https://facebook.com/1692583127699872_2493326904292153,1692583127699872,10 Aug 2020 04:34:00 PM,video,"Facilitar la experiencia de compra a tus clientes, incrementará considerablemente tus ventas, Y tú ¿Que tango facilitas la compra a tus clientes?

Conoce más en este video ?
https://zcu.io/HJAJ",1,0,0,0,0,0,0,0,0,,https://l.facebook.com/l.php?u=https%3A%2F%2Fwww.youtube.com%2Fwatch%3Fv%3Dc_PyK031_f8&h=AUCQ-en0LhnOLPnzqMsN4jfSfW_NARawV2Mk5IXAgdbGPZ397pbS64BkOKLGm4ss6QdMRIxD98H-IqdXKcw520sKo0ocLka6gbc8s2TFlbyB6uKYpil9Zrc4KOH0gNv_&s=1,1
1692583127699872_2493109284313915,https://facebook.com/1692583127699872_2493109284313915,1692583127699872,10 Aug 2020 09:59:44 AM,link,"Seguimos creciendo, estamos contratando Asistente de Afiliaciones, aplica en el siguiente enlace:
",27,0,0,0,0,0,2,12,0,,https://l.facebook.com/l.php?u=https%3A%2F%2Fjobs.qpaypro.com%2Fjobs%2FCareers%2F574823000000659016%2FEjecutivo-a-de-Afiliaciones%3Fsource%3DCareerSite&h=AUDHipt0cuaGEMKWwHU6wCxrN2BQg8lDuhCxocE8o6og0w2Z3X-HkXFGRqxhkPcrEUY7g6Y0DwrWDlWX1Xf43HaaZX2K_ZxPHTzLiLiWvNAw78SS6xXbb5qu9DhXz9Vo&s=1,27
1692583127699872_2490866831204827,https://facebook.com/1692583127699872_2490866831204827,1692583127699872,07 Aug 2020 04:28:12 PM,photo,"Vende + Envía Link = Acepta tarjetas en línea
Una formula simple para aumentar tus ventas HOY ? ?

Afíliate aquí y empieza a aceptar tarjetas en 24Hrs. ?
https://zcu.io/mVTk",1,0,0,0,0,0,0,0,0,,https://www.facebook.com/photo.php?fbid=2490866831204827&set=a.504567235015204&type=3,1
1692583127699872_2489898854634958,https://facebook.com/1692583127699872_2489898854634958,1692583127699872,06 Aug 2020 11:26:00 AM,video,"Conoce como Plackit  se ha apoyado en QPayPro para aumentar sus ventas en línea. ??
https://zcu.io/gTIB",2,0,0,0,0,0,0,0,4,,https://l.facebook.com/l.php?u=https%3A%2F%2Fwww.youtube.com%2Fwatch%3Fv%3DnYEe9CCc3mk&h=AUBx36rsaCPj04N8I-l0k9iF5cbR3zuvD4BX0yDX9dq5yu6STtPUdxHohVmigpKiqIIm3l48tclvoDGbgge7fqGjIUNnHA5xbCK-AmMoOhDbQdjHZfdQMCWDvaAM3_0u&s=1,2
1692583127699872_2489142204710623,https://facebook.com/1692583127699872_2489142204710623,1692583127699872,05 Aug 2020 11:30:02 AM,photo,"Impulsa tus ventas en línea HOY mismo. ???
Ofrece pago con tarjeta de crédito y débito a tus clientes.

#SigueVendiendo con #QPayPro",0,0,0,0,0,0,0,0,0,,https://www.facebook.com/photo.php?fbid=2489142204710623&set=a.504567235015204&type=3,0
1692583127699872_2489088441382666,https://facebook.com/1692583127699872_2489088441382666,1692583127699872,05 Aug 2020 10:00:05 AM,link,Aprende a crear tu tienda en línea desde cero rapidamente.,1,0,0,0,0,0,0,0,0,,https://l.facebook.com/l.php?u=https%3A%2F%2Fzc.vg%2FhqeWa%3Fm%3D2&h=AUDG23VRC8XVZo0z505V3ru6MTRdq6zllPqSZXRmx900Qq1XOUCmY9U-xiFxqqvsd-i_A4FiDrkaPI2g-b4KQX5jBDYulkMBmb1s6qZ3FCGuyRzkJLBh3Mw-SsO-fqsi&s=1,1
1692583127699872_2488364708121706,https://facebook.com/1692583127699872_2488364708121706,1692583127699872,04 Aug 2020 11:21:00 AM,photo,"Empieza a vender en línea hoy mismo con #QPayShop

Crea tu cuenta demo aquí y empieza a construir tu propia tienda en línea. ?
https://zcu.io/NHwu",2,0,0,0,0,0,1,0,0,,https://www.facebook.com/photo.php?fbid=2488364708121706&set=a.504567235015204&type=3,2
1692583127699872_2487683991523111,https://facebook.com/1692583127699872_2487683991523111,1692583127699872,03 Aug 2020 03:09:19 PM,link,"¿Cómo definir los precios de mis productos en un eCommerce?
En una entrevista realizada por Prensa Libre, nuestro CEO el Ing. Hugo García responde unas preguntas que nos dan unas recomendaciones de cómo podemos fijar precios en nuestro eCommerce.  

https://zcu.io/Waye",2,0,0,0,0,0,1,2,0,,https://l.facebook.com/l.php?u=https%3A%2F%2Fwww.qpaypro.com%2F2019%2F10%2F02%2Fcomo-definir-precios-en-mi-ecommerce%2F&h=AUD-_V0yvwvMldkbcsoLX5AaTsESUg9B_Q3KpFI7xlamBqVUOZr2SjY9fwVV3EX5yvhsN4Zqng5Mp5Dfy6P-5BEKVc5ieFY8TymD4Ad-6dbiwQ0x6wdzhmzzuHywsp6B&s=1,2
1692583127699872_2486742568283920,https://facebook.com/1692583127699872_2486742568283920,1692583127699872,02 Aug 2020 10:36:03 AM,photo,"Uno de los beneficios de ser parte de la red de Afiliados con #QPayPro, es que tienes la oportunidad de participar en diferentes Webinars y Charlas que damos a lo largo del año. ?

En nuestros webinars aprenderás sobre ventas en línea, mercadeo digital, comercio electrónico y más, de la mano de nuestros partners y aliados de negocio.

Descubre nuestros webinars pasados en el siguiente enlace ?
https://zcu.io/vYMa",1,0,0,0,0,0,0,0,0,,https://www.facebook.com/photo.php?fbid=2486742568283920&set=a.504567235015204&type=3,1
1692583127699872_2485166721774838,https://facebook.com/1692583127699872_2485166721774838,1692583127699872,31 Jul 2020 10:12:11 AM,photo,"Vende fácilmente desde tu propia tienda en línea, facebook e instagram.

Con #QPayShop creas tu propia tienda en línea y la sincronizas con tus redes sociales, cargas tus productos, defines tus métodos de envío y aceptas tarjetas fácilmente.
 
Regístrate aquí ?",1,0,0,0,0,0,1,0,0,,https://www.facebook.com/photo.php?fbid=2485166721774838&set=a.504567235015204&type=3,1
1692583127699872_2483613481930162,https://facebook.com/1692583127699872_2483613481930162,1692583127699872,29 Jul 2020 10:36:00 AM,photo,"Unos de los beneficios de ser parte de la red de Afiliados con #QPayPro, es que tienes la oportunidad de participar en diferentes Webinars y Charlas que damos a lo largo del año. ?

En nuestros webinars aprenderás sobre ventas en línea, mercadeo digital, comercio electrónico y más, de la mano de nuestros partners y aliados de negocio.

Descubre nuestros webinars pasados en el siguiente enlace ?
https://zcu.io/vYMa",2,0,0,0,0,0,0,0,0,,https://www.facebook.com/photo.php?fbid=2483613481930162&set=a.504567235015204&type=3,2
1692583127699872_2483010008657176,https://facebook.com/1692583127699872_2483010008657176,1692583127699872,28 Jul 2020 04:06:00 PM,link,"Aunque los negocios de comercio electrónico implementados correctamente, son mucho más seguros en varios aspectos para los clientes finales que nos hacen la compra, en las ventas en línea, para los comercios siempre existirán ciertos riesgos, de los cuales debemos de estar atentos.
 
Debemos de monitorear todas las transacciones que nos realicen en nuestros canales digitales y evitar así caer en las manos de los delincuentes que buscan defraudar a nuestro comercio, para esto hemos preparados estos 10 consejos para los comercios para  poder así prevenir fraude, conócelos aquí ?
https://zcu.io/yZ5T",1,0,0,0,0,0,0,0,0,,https://l.facebook.com/l.php?u=https%3A%2F%2Fwww.qpaypro.com%2F2019%2F07%2F11%2F10-sen%25cc%2583ales-de-advertencia-para-prevenir-fraudes%2F&h=AUBdWHai6OdP7V5G-GS2Dy0jsLORXMsgBkkE57CI3KPKRR5AxV1b-BbFJylPxaIRAR05VRZQT1iopAOAewq1tBm2oCC7JosuINKyDR94BhIldoTd9A2pXIukb5UeddRY&s=1,1
1692583127699872_2482031388755038,https://facebook.com/1692583127699872_2482031388755038,1692583127699872,27 Jul 2020 10:00:13 AM,photo,"¿Sabias que tu negocio puede seguir vendiendo en eCommerce?
Crea tu propia tienda en línea en minutos e impulsa tu negocio digital con #QPayShop. ?
Carga tus productos, sincronízalos con facebook e instagram, configura tus métodos de envío y acepta tarjetas en línea fácilmente.

Conoce más de nuestra solución aquí ?
https://zcu.io/N9H1",4,0,0,0,0,0,0,0,0,,https://www.facebook.com/photo.php?fbid=2482031388755038&set=a.504567235015204&type=3,4
1692583127699872_2481484635476380,https://facebook.com/1692583127699872_2481484635476380,1692583127699872,26 Jul 2020 04:48:16 PM,photo,"Afíliate hoy e impulsemos juntos el crecimiento de tu negocio. 
Soluciones de venta en línea para empresas 

Empieza a cobrar en 24Hrs. ? 
https://zcu.io/01ND",0,0,0,0,0,0,0,0,0,,https://www.facebook.com/photo.php?fbid=2481484635476380&set=a.504567235015204&type=3,0
1692583127699872_2479659458992231,https://facebook.com/1692583127699872_2479659458992231,1692583127699872,24 Jul 2020 11:15:04 AM,photo,"#QPayPro, todo lo que necesitas para vender en línea ?
Afíliate HOY y empieza a cobrar en 24Hrs. ⏳?
https://zcu.io/xEpL",1,0,0,0,0,0,0,0,0,,https://www.facebook.com/photo.php?fbid=2479659458992231&set=a.504567235015204&type=3,1
1692583127699872_2478259362465574,https://facebook.com/1692583127699872_2478259362465574,1692583127699872,22 Jul 2020 04:48:02 PM,photo,"Afíliate hoy e impulsemos juntos el crecimiento de tu negocio. 
Soluciones de venta en línea para empresas 

Empieza a cobrar en 24Hrs. ? 
https://zcu.io/01ND",0,0,0,0,0,0,0,0,0,,https://www.facebook.com/photo.php?fbid=2478259362465574&set=a.504567235015204&type=3,0
1692583127699872_2478077722483738,https://facebook.com/1692583127699872_2478077722483738,1692583127699872,22 Jul 2020 10:58:01 AM,photo,"Vende desde tu propia tienda en línea y sincronízala con Facebook e Instagram fácilmente, para que puedas vender directamente en tus redes sociales, todo esto y más con #QPayShop. ???

Conoce más aquí ?
https://zcu.io/mj1U",0,0,0,0,0,0,0,0,0,,https://www.facebook.com/photo.php?fbid=2478077722483738&set=a.504567235015204&type=3,0
1692583127699872_2478042289153948,https://facebook.com/1692583127699872_2478042289153948,1692583127699872,22 Jul 2020 10:00:32 AM,link,Webinar Gratuito,1,0,0,0,0,0,1,1,0,,https://l.facebook.com/l.php?u=https%3A%2F%2Fzc.vg%2FA1YTS%3Fm%3D2&h=AUBO640EOy0t9p8s9OINUsgWHSiwppXnVkw2Rwl_aXqRJTYUluhgoEZJJbiR-hH2MG9vipGXBGeY9W1HbZKeMu9H8CKVY9nqa8qNNTvNqLB34Ci_aXHaJYNkfaV6Msa-&s=1,1
1692583127699872_2477472249210952,https://facebook.com/1692583127699872_2477472249210952,1692583127699872,21 Jul 2020 04:25:19 PM,link,"Los términos y condiciones en un eCommerce es un elemento super importante que debe de estar presente y claro para nuestros clientes.  ?
A continuación les dejamos un ejemplo de términos y condiciones, los cuales pueden utilizar y adaptar a su tienda en línea.

https://zcu.io/ODz9",1,0,0,0,0,0,0,0,0,,https://l.facebook.com/l.php?u=https%3A%2F%2Fwww.qpaypro.com%2F2019%2F10%2F02%2Fterminos-condiciones-e-commerce%2F&h=AUAlzFaUPVydDcPIOzoxg6U18_wtrVYx8p-shAzAL3DOPEMj13KQRJ_A9Z0_i0G1R6PxM8V8sw74kVgALlccHJsvfo_j1_KCU3tM5MUuGyvK0pOztY7pBUPIkdlDwzHV&s=1,1
1692583127699872_2477177119240465,https://facebook.com/1692583127699872_2477177119240465,1692583127699872,21 Jul 2020 09:03:09 AM,photo,"Las ventas eCommerce deben de sr simples y debes de tener una plataforma que te apoye en todo el proceso, con #QPayShop tu podrás:

?Cargar tus productos y Venderlos fácilmente en tu propia tienda en línea.
?configurar tus métodos de envío.
?Aceptar pagos con tarjeta de crédito por medio de #QPayPro.
?Promover tus productos en redes sociales.
⏳Administrarla muy fácilmente.

?https://zcu.io/1WEI",0,0,0,0,0,0,0,0,0,,https://www.facebook.com/photo.php?fbid=2477177119240465&set=a.504567235015204&type=3,0
1692583127699872_2476462055978638,https://facebook.com/1692583127699872_2476462055978638,1692583127699872,20 Jul 2020 11:48:04 AM,photo,"Afíliate hoy e impulsemos juntos el crecimiento de tu negocio. 
Soluciones de venta en línea para empresas 

Empieza a cobrar en 24Hrs. ? 
https://zcu.io/01ND",2,0,0,0,0,0,0,0,0,,https://www.facebook.com/photo.php?fbid=2476462055978638&set=a.504567235015204&type=3,2
1692583127699872_2474073809550796,https://facebook.com/1692583127699872_2474073809550796,1692583127699872,17 Jul 2020 10:57:00 AM,photo,"Crea y envía links de pago e impulsa las ventas de tus redes sociales, WhatsApp, Email, etc.
Conoce más de las funciones de #QPayPro aquí ?
https://zcu.io/frky",2,0,0,0,0,0,0,0,0,,https://www.facebook.com/photo.php?fbid=2474073809550796&set=a.504567235015204&type=3,2
1692583127699872_2473291989628978,https://facebook.com/1692583127699872_2473291989628978,1692583127699872,16 Jul 2020 11:39:14 AM,photo,"Facilitamos la integración, es por eso que hemos desarrollado diferentes módulos o plugins a las diferentes plataformas de tiendas en línea mas populares del mercado, para que puedas empezar a cobrar en línea fácilmente con #QPayPro.",1,0,0,0,0,0,0,0,0,,https://www.facebook.com/photo.php?fbid=2473291989628978&set=a.504567235015204&type=3,1
1692583127699872_2471809989777178,https://facebook.com/1692583127699872_2471809989777178,1692583127699872,14 Jul 2020 03:45:00 PM,video,"Así de fácil puedo vender en línea usando los links de pago con QPayPro ?

? https://zcu.io/oMev",2,0,0,0,0,0,0,0,0,,https://l.facebook.com/l.php?u=https%3A%2F%2Fwww.youtube.com%2Fwatch%3Fv%3DZ6ryO0jDnI4&h=AUCEh1X0UIEUmYEid1s_EKXnwrdhbzuO6cGMP2CZhHcgWEPYx0qm5SqkGw6kqs-tQYP71GVBoyE7gN3J0oNfR7xrjnTOdiGUj7h63xgTwjUw_z-PNzXCdGSq8Fu2CoM7&s=1,2
1692583127699872_2471678459790331,https://facebook.com/1692583127699872_2471678459790331,1692583127699872,14 Jul 2020 11:38:16 AM,photo,"Impulsa tu negocio vendiendo en línea.
Soluciones de pago en línea para empresas.

Empieza a vender en línea en 24Hrs. ?
 https://zcu.io/fMJu",1,0,0,0,0,0,0,0,0,,https://www.facebook.com/photo.php?fbid=2471678459790331&set=a.504567235015204&type=3,1
1692583127699872_2471026893188821,https://facebook.com/1692583127699872_2471026893188821,1692583127699872,13 Jul 2020 05:12:00 PM,link,"Mejorar la experiencia de compra en un eCommerce, mejorará considerablemente las probabilidades de venta. ??
Conoce aquí algunos tips para mejorar la experiencia de compra en nuestra tienda en línea. ?
https://zcu.io/x3Eu",2,0,0,0,0,0,0,0,0,,https://l.facebook.com/l.php?u=https%3A%2F%2Fwww.qpaypro.com%2F2019%2F10%2F25%2Fmejora-la-experiencia-de-compra-en-ecommerce%2F&h=AUDpsPpi28nhr86Yal5OmfLPXeZf8FpRT3oynKDhAt9dcoMmOBOnfA9tYtbtJ3HuRRhwwh82XWlxyHH6_kTWipQDjLboW6UZDAZ3XXWxEAF6mfNmoSiGFbI0evZIRULg&s=1,2
1692583127699872_2470767176548126,https://facebook.com/1692583127699872_2470767176548126,1692583127699872,13 Jul 2020 09:17:24 AM,video,"Acepta pagos en línea fácilmente e impulsa el crecimiento de tu negocio. ?
Descubre más en el siguiente video ?
https://zcu.io/zryr",0,0,0,0,0,0,0,0,0,,https://l.facebook.com/l.php?u=https%3A%2F%2Fwww.youtube.com%2Fwatch%3Fv%3DNDRMrkEw07o&h=AUDtpTXCGXwBzS0mwLUja2WgjNOHjCqlb6iLKUqrqPhNSPU03-Xw_P-sz5Zidsvwhmxg2IqEDeUG5f_ZVy-zCRLnoWQH9WUH44Nr2eoDDmHdNuaF9qP0-PmRJ9VELtui&s=1,0
1692583127699872_2468731473418363,https://facebook.com/1692583127699872_2468731473418363,1692583127699872,10 Jul 2020 04:34:00 PM,video,"Facilitar la experiencia de compra a tus clientes, incrementará considerablemente tus ventas, Y tú ¿Que tango facilitas la compra a tus clientes?

Conoce más en este video ?
https://zcu.io/HJAJ",1,0,0,0,0,0,0,0,0,,https://l.facebook.com/l.php?u=https%3A%2F%2Fwww.youtube.com%2Fwatch%3Fv%3Dc_PyK031_f8&h=AUAQfYmppNsp5BNno9zydZj7YV8PHvPUxwuCadsog8kPG2EIJQbVmlG9bT3wnrzXaKRFuLu6FLHXP7-gmqp1PbOER09ptvusYg81qf8jk8G1I2PEvnO75ELh4qZfO_Al&s=1,1
1692583127699872_2466926073598903,https://facebook.com/1692583127699872_2466926073598903,1692583127699872,08 Jul 2020 09:36:23 AM,video,"Crea tu tienda en línea en minutos, conoce más de #QPayShop en el siguiente video ?
https://zcu.io/yAid",0,0,0,0,0,0,0,1,0,,https://l.facebook.com/l.php?u=https%3A%2F%2Fwww.youtube.com%2Fwatch%3Fv%3DN7bdipNNtvI&h=AUARJ9K2g9vJgZrEaJ6PQZ1njory7lyaLOTHWxXYVrXZNPn6557KisdNNX7L8TRvr1kWGcEboidWBHou13zvUDlasvD57ZXs6pzUrqXsFjlE8UrCny8HDOCB_JrGtrrB&s=1,0
1692583127699872_2466153637009480,https://facebook.com/1692583127699872_2466153637009480,1692583127699872,07 Jul 2020 11:21:03 AM,photo,"Empieza a vender en línea hoy mismo con #QPayShop

Crea tu cuenta demo aquí y empieza a construir tu propia tienda en línea. ?
https://zcu.io/NHwu",1,0,0,0,0,0,0,2,0,,https://www.facebook.com/photo.php?fbid=2466153637009480&set=a.504567235015204&type=3,1
1692583127699872_2465358180422359,https://facebook.com/1692583127699872_2465358180422359,1692583127699872,06 Jul 2020 11:26:00 AM,video,"Conoce como Plackit  se ha apoyado en QPayPro para aumentar sus ventas en línea. ??
https://zcu.io/gTIB",0,0,0,0,0,0,0,0,0,,https://l.facebook.com/l.php?u=https%3A%2F%2Fwww.youtube.com%2Fwatch%3Fv%3DnYEe9CCc3mk&h=AUCfdKFlM_5GeYyKEZqvwxlANhSfcxf1DNC0J7rzIAThXRHhfSaD5uMCl-5uAnagilN_kDt3O_yu5hBgP9E8RSgK2HF6ArXYddJ6NOEZ9mx-jRQBNXmtu8GREhOkzLnb&s=1,0
1692583127699872_2463124287312415,https://facebook.com/1692583127699872_2463124287312415,1692583127699872,03 Jul 2020 11:30:02 AM,photo,"Impulsa tus ventas en línea HOY mismo. ???
Ofrece pago con tarjeta de crédito y débito a tus clientes.

#SigueVendiendo con #QPayPro",1,0,0,0,0,0,0,2,0,,https://www.facebook.com/photo.php?fbid=2463124287312415&set=a.504567235015204&type=3,1
1692583127699872_2461006070857570,https://facebook.com/1692583127699872_2461006070857570,1692583127699872,30 Jun 2020 04:06:00 PM,link,"Aunque los negocios de comercio electrónico implementados correctamente, son mucho más seguros en varios aspectos para los clientes finales que nos hacen la compra, en las ventas en línea, para los comercios siempre existirán ciertos riesgos, de los cuales debemos de estar atentos.
 
Debemos de monitorear todas las transacciones que nos realicen en nuestros canales digitales y evitar así caer en las manos de los delincuentes que buscan defraudar a nuestro comercio, para esto hemos preparados estos 10 consejos para los comercios para  poder así prevenir fraude, conócelos aquí ?
https://zcu.io/yZ5T",0,0,0,0,0,0,0,0,0,,https://l.facebook.com/l.php?u=https%3A%2F%2Fwww.qpaypro.com%2F2019%2F07%2F11%2F10-sen%25cc%2583ales-de-advertencia-para-prevenir-fraudes%2F&h=AUBrId_Hf9OSTZSm9XBCa2UxhH_83lwX5VqMM8R5F_w2BZyekKZOlBUiy0U2uSfss2Kh5aTL3Z8Jz5UXKBNb2tgZsX2oZPeT9gpIIfUTYX2gP1zo9tfNcuiUIwic67KJ&s=1,0
1692583127699872_2460136550944522,https://facebook.com/1692583127699872_2460136550944522,1692583127699872,29 Jun 2020 02:02:04 PM,photo,"Más de Q50,000,000 procesados en línea por #QPayPro 
Y tú, ¿Ya vendes en línea y aún no cobras con tarjeta?

Regístrate y empieza a cobrar en 24Hrs.
https://zcu.io/YPv2",2,0,0,0,0,0,1,1,0,,https://www.facebook.com/photo.php?fbid=2460136550944522&set=a.504567235015204&type=3,2
1692583127699872_2456690104622500,https://facebook.com/1692583127699872_2456690104622500,1692583127699872,25 Jun 2020 09:17:15 AM,video,"Acepta pagos en línea fácilmente e impulsa el crecimiento de tu negocio. ?
Descubre más en el siguiente video ?
https://zcu.io/zryr",0,0,0,0,0,0,0,0,0,,https://l.facebook.com/l.php?u=https%3A%2F%2Fwww.youtube.com%2Fwatch%3Fv%3DNDRMrkEw07o&h=AUC5VR-kf0BPeWVv61XXLMfTRhfRILY6WVH4SvZKjvVSVRvxGizh1Bwaj86dXdn2Nm4W99w9afRT8XjIs9ZX5skXE47o-tpM62Nm-jOlqxmih44-FAYTgVHbxPPqFQAb&s=1,0
1692583127699872_2455930461365131,https://facebook.com/1692583127699872_2455930461365131,1692583127699872,24 Jun 2020 10:00:17 AM,photo,"¿Sabias que tu negocio puede seguir vendiendo en eCommerce?
Crea tu propia tienda en línea en minutos e impulsa tu negocio digital con #QPayShop. ?
Carga tus productos, sincronízalos con facebook e instagram, configura tus métodos de envío y acepta tarjetas en línea fácilmente.

Conoce más de nuestra solución aquí ?
https://zcu.io/N9H1",1,0,0,0,0,0,0,0,0,,https://www.facebook.com/photo.php?fbid=2455930461365131&set=a.504567235015204&type=3,1
1692583127699872_2455152468109597,https://facebook.com/1692583127699872_2455152468109597,1692583127699872,23 Jun 2020 09:13:19 AM,photo,"Con nuestro POS Virtual, puedes cobrar fácilmente a tus clientes frente a ti y sin necesidad de un dispositivo adicional, esto y más incluido en tu afiliación ?. 

Afíliate hoy y empieza a cobrar en 24Hrs ?
https://zcu.io/Zlv7",2,0,0,0,0,0,0,0,0,,https://www.facebook.com/photo.php?fbid=2455152468109597&set=a.504567235015204&type=3,2
1692583127699872_2454494978175346,https://facebook.com/1692583127699872_2454494978175346,1692583127699872,22 Jun 2020 11:26:00 AM,video,"Conoce como Plackit  se ha apoyado en QPayPro para aumentar sus ventas en línea. ??
https://zcu.io/gTIB",6,0,0,0,0,0,0,0,0,,https://l.facebook.com/l.php?u=https%3A%2F%2Fwww.youtube.com%2Fwatch%3Fv%3DnYEe9CCc3mk&h=AUAkR4fCi3lkUBjn9CgYaiPeRlDd8zAEevf3aK8ER8XyNErMRz2liKn7gopxTQ693QxSY8vG2rqLNSEqFRfQDUzAQc_KjswdGhtq6ISnxO2ETrgdf9rv81GL9b1eokvk&s=1,6
1692583127699872_2452167898408054,https://facebook.com/1692583127699872_2452167898408054,1692583127699872,19 Jun 2020 12:30:06 PM,photo,"Participa en nuestro Webinar: Cómo vender en línea fácilmente. ?
?Martes 23 de Junio de 2020 a las 4:00 pm

Te estaremos mostrando tips y consejos para que puedas entrar al mundo de las ventas en línea y estaremos aclarando dudas para que puedas incluir QPayPro dentro de tu estrategia comercial y de ventas.??

Regístrate en el siguiente enlace ?  
https://zcu.io/E50D",2,0,0,0,0,0,1,1,0,,https://www.facebook.com/photo.php?fbid=2452167898408054&set=a.504567235015204&type=3,2
1692583127699872_2451459188478925,https://facebook.com/1692583127699872_2451459188478925,1692583127699872,18 Jun 2020 03:45:00 PM,video,"Así de fácil puedo vender en línea usando los links de pago con QPayPro ?

? https://zcu.io/oMev",1,1,0,0,0,0,0,0,0,,https://l.facebook.com/l.php?u=https%3A%2F%2Fwww.youtube.com%2Fwatch%3Fv%3DZ6ryO0jDnI4&h=AUAiRQAUFtEccvBJ-CWkzKfiZEAPGyk-4C3pEs2g06fUZh9K2CVJeDhClnrBUMqHuGZscH7uFZEcC_V3lIFx0J9MVlJR4fEX3TfH25W2yh4V0Rt_V0C7QLb_sqA0F8Do&s=1,2
1692583127699872_2451302001827977,https://facebook.com/1692583127699872_2451302001827977,1692583127699872,18 Jun 2020 10:58:00 AM,photo,"Vende desde tu propia tienda en línea y sincronízala con Facebook e Instagram fácilmente, para que puedas vender directamente en tus redes sociales, todo esto y más con #QPayShop. ???

Conoce más aquí ?
https://zcu.io/mj1U",2,0,0,0,0,0,0,1,0,,https://www.facebook.com/photo.php?fbid=2451302001827977&set=a.504567235015204&type=3,2
1692583127699872_2450500181908159,https://facebook.com/1692583127699872_2450500181908159,1692583127699872,17 Jun 2020 10:57:00 AM,photo,"Crea y envía links de pago e impulsa las ventas de tus redes sociales, WhatsApp, Email, etc.
Conoce más de las funciones de #QPayPro aquí ?
https://zcu.io/frky",1,0,0,0,0,0,0,3,0,,https://www.facebook.com/photo.php?fbid=2450500181908159&set=a.504567235015204&type=3,1
1692583127699872_2449900178634826,https://facebook.com/1692583127699872_2449900178634826,1692583127699872,16 Jun 2020 04:40:00 PM,link,"Cómo establecer las políticas de envío y entrega para nuestro eCommerce.
Encuentra aquí una guía que te ayudará a definirlas de mejor manera ?
https://zcu.io/OwC0",5,0,0,0,0,0,0,1,0,,https://l.facebook.com/l.php?u=https%3A%2F%2Fwww.qpaypro.com%2F2019%2F07%2F12%2Fpoliticas-de-envio-y-entrega-en-un-ecommerce%2F&h=AUCo4tpYPEyykuNtpe6Y64Fj7jsrXTRYZLZRQMcGeCnqCYeNtlikoyuLLBKbfUq5jNxLMj61qYB8uAKpv4HihyKv37rAT0DVAgqZUoBQL_Zf9LcMWzUnFz8XsXtFDzzg&s=1,5
1692583127699872_2449744925317018,https://facebook.com/1692583127699872_2449744925317018,1692583127699872,16 Jun 2020 11:39:00 AM,photo,"Facilitamos la integración, es por eso que hemos desarrollado diferentes módulos o plugins a las diferentes plataformas de tiendas en línea mas populares del mercado, para que puedas empezar a cobrar en línea fácilmente con #QPayPro.",2,0,0,0,0,0,0,1,0,,https://www.facebook.com/photo.php?fbid=2449744925317018&set=a.504567235015204&type=3,2
1692583127699872_2448908208734023,https://facebook.com/1692583127699872_2448908208734023,1692583127699872,15 Jun 2020 10:32:11 AM,video,"Conoce las ventajas de usar #QPayPro como tu aliado en tu negocio y tus canales digitales ?

https://zcu.io/IIHT",0,0,0,0,0,0,0,0,0,,https://l.facebook.com/l.php?u=https%3A%2F%2Fwww.youtube.com%2Fwatch%3Fv%3DkSlz-diSTII&h=AUCz7IotcveiDe-kXogFIZ9-UuGI2p-ISnnbk9N5AFfxBCMiv4uPGHnAvPPLuWTcpQ_k37uIdWEAtQV1zs1XmenXFUk0hoGiIpUWJX8acGIPqmpy1pVQabtZKNPEFvis&s=1,0
1692583127699872_2446652002292977,https://facebook.com/1692583127699872_2446652002292977,1692583127699872,12 Jun 2020 11:38:07 AM,photo,"Impulsa tu negocio vendiendo en línea.
Soluciones de pago en línea para empresas.

Empieza a vender en línea en 24Hrs. ?
 https://zcu.io/fMJu",3,0,0,0,0,0,1,0,0,,https://www.facebook.com/photo.php?fbid=2446652002292977&set=a.504567235015204&type=3,3
1692583127699872_2445993732358804,https://facebook.com/1692583127699872_2445993732358804,1692583127699872,11 Jun 2020 04:25:23 PM,link,"Los términos y condiciones en un eCommerce es un elemento super importante que debe de estar presente y claro para nuestros clientes.  ?
A continuación les dejamos un ejemplo de términos y condiciones, los cuales pueden utilizar y adaptar a su tienda en línea.

https://zcu.io/ODz9",1,0,0,0,0,0,0,0,0,,https://l.facebook.com/l.php?u=https%3A%2F%2Fwww.qpaypro.com%2F2019%2F10%2F02%2Fterminos-condiciones-e-commerce%2F&h=AUB8YPmbjw5uaxIaAps-HlgjIu94VRz4mTo6Qf8sJjpmxsXbyMwz8TFulPf1XSaVtEGkXAiiq6q8Sj4LO1aGN1JAvbQIbUECF4robGDCWTN2l9yMf2jYOF1X2bvzLE3p&s=1,1
1692583127699872_2445759609048883,https://facebook.com/1692583127699872_2445759609048883,1692583127699872,11 Jun 2020 09:36:00 AM,video,"Crea tu tienda en línea en minutos, conoce más de #QPayShop en el siguiente video ?
https://zcu.io/yAid",2,0,0,0,0,0,0,0,0,,https://l.facebook.com/l.php?u=https%3A%2F%2Fwww.youtube.com%2Fwatch%3Fv%3DN7bdipNNtvI&h=AUCOZsT1AlNJpPgqZyumAMY3eTk9f2FGnLSlWhNz0r_k4SFOIKCyO-db6sU5n1pMB_pTZBZ1ZFBt6Eci9rffmNDq3dWgjewGs_BSnlVLETL8COZcBzktYBTEIKKZjBvJ&s=1,2
1692583127699872_2445195235771987,https://facebook.com/1692583127699872_2445195235771987,1692583127699872,10 Jun 2020 04:34:22 PM,video,"Facilitar la experiencia de compra a tus clientes, incrementará considerablemente tus ventas, Y tú ¿Que tango facilitas la compra a tus clientes?

Conoce más en este video ?
https://zcu.io/HJAJ",2,0,0,0,0,0,0,0,0,,https://l.facebook.com/l.php?u=https%3A%2F%2Fwww.youtube.com%2Fwatch%3Fv%3Dc_PyK031_f8&h=AUATyl7CY0UdZBN5zmPvaBOzc_75w3yDOfG_oB35RVPTNUqBRZa-_urcYvKqkgDVC-LVdVi7b9piXyyYEnhO_U7pGbPrE02tas-tzGOPjfz0qFtqHSHF-Gz0Ji21wQjd&s=1,2
1692583127699872_2444390579185786,https://facebook.com/1692583127699872_2444390579185786,1692583127699872,09 Jun 2020 04:00:07 PM,link,"Conoce en esta infografía, 5 beneficios de los pagos en línea.
Descárgala aquí ?
https://zcu.io/RlAl",4,0,0,0,0,0,0,1,0,,https://l.facebook.com/l.php?u=https%3A%2F%2Fwww.qpaypro.com%2F2020%2F03%2F11%2Finfografia-5-beneficios-de-los-pagos-en-linea%2F&h=AUCK0NrcTfJeyG0Ge82nmXNdPhXMgjuE-InjmoedES7uWOlYFUzwvl6NPtPjimygOZ4ojYCeonmyg0-ubJZ-giQTYV_kl66U-D77pMV6gWi-O-ysrBMA2b5gBNs4xnMo&s=1,4
1692583127699872_2444134589211385,https://facebook.com/1692583127699872_2444134589211385,1692583127699872,09 Jun 2020 09:30:07 AM,photo,"Carga tus productos, sincronízalos con facebook e instagram, configura tus métodos de envío y acepta tarjetas en línea, todo esto muy fácilmente con #QPayShop ?

Crea tu cuenta aquí  ?
https://zcu.io/X25N",2,0,0,0,0,0,0,0,0,,https://www.facebook.com/photo.php?fbid=2444134589211385&set=a.504567235015204&type=3,2
1692583127699872_2443598472598330,https://facebook.com/1692583127699872_2443598472598330,1692583127699872,08 Jun 2020 04:28:00 PM,photo,"Vende + Envía Link = Acepta tarjetas en línea
Una formula simple para aumentar tus ventas HOY ? ?

Afíliate aquí y empieza a aceptar tarjetas en 24Hrs. ?
https://zcu.io/mVTk",8,0,0,0,0,0,0,1,0,,https://www.facebook.com/photo.php?fbid=2443598472598330&set=a.504567235015204&type=3,8
1692583127699872_2441056376185873,https://facebook.com/1692583127699872_2441056376185873,1692583127699872,05 Jun 2020 11:30:23 AM,photo,"Impulsa tus ventas en línea HOY mismo. ???
Ofrece pago con tarjeta de crédito y débito a tus clientes.

#SigueVendiendo con #QPayPro",0,0,0,0,0,0,0,0,0,,https://www.facebook.com/photo.php?fbid=2441056376185873&set=a.504567235015204&type=3,0
1692583127699872_2440432222914955,https://facebook.com/1692583127699872_2440432222914955,1692583127699872,04 Jun 2020 05:12:17 PM,link,"Mejorar la experiencia de compra en un eCommerce, mejorará considerablemente las probabilidades de venta. ??
Conoce aquí algunos tips para mejorar la experiencia de compra en nuestra tienda en línea. ?
https://zcu.io/x3Eu",4,0,0,0,0,0,0,1,0,,https://l.facebook.com/l.php?u=https%3A%2F%2Fwww.qpaypro.com%2F2019%2F10%2F25%2Fmejora-la-experiencia-de-compra-en-ecommerce%2F&h=AUCa4imHBgJGt3F8yZ87V2PK4Y9yertTvOQ1BgyBva_rbcRbcYjGQBLMPK2kPFfNw-CW1d-Z8QfacOfc1qUSwIMIrbI5_spm2Z7JYa-FFYkyHOpUe5PA60K6jPMswb6J&s=1,4
1692583127699872_2440216809603163,https://facebook.com/1692583127699872_2440216809603163,1692583127699872,04 Jun 2020 11:21:01 AM,photo,"Empieza a vender en línea hoy mismo con #QPayShop

Crea tu cuenta demo aquí y empieza a construir tu propia tienda en línea. ?
https://zcu.io/NHwu",1,0,0,0,0,0,0,0,0,,https://www.facebook.com/photo.php?fbid=2440216809603163&set=a.504567235015204&type=3,1
1692583127699872_2439593469665497,https://facebook.com/1692583127699872_2439593469665497,1692583127699872,03 Jun 2020 04:18:01 PM,photo,"¿Pierdes ventas por no aceptar tarjetas en línea? ?
Impulsa tus ventas aceptando tarjetas fácilmente en tu negocio en línea.

Afíliate hoy mismo y empieza a cobrar en 24Hrs. ?
 https://zcu.io/5ECL",0,0,0,0,0,0,0,0,0,,https://www.facebook.com/photo.php?fbid=2439593469665497&set=a.504567235015204&type=3,0
1692583127699872_2438745506416960,https://facebook.com/1692583127699872_2438745506416960,1692583127699872,02 Jun 2020 03:09:00 PM,link,"¿Cómo definir los precios de mis productos en un eCommerce?
En una entrevista realizada por Prensa Libre, nuestro CEO el Ing. Hugo García responde unas preguntas que nos dan unas recomendaciones de cómo podemos fijar precios en nuestro eCommerce.  

https://zcu.io/Waye",3,0,0,0,0,0,0,0,0,,https://l.facebook.com/l.php?u=https%3A%2F%2Fwww.qpaypro.com%2F2019%2F10%2F02%2Fcomo-definir-precios-en-mi-ecommerce%2F&h=AUAFQnR15xVxbl6K0k40m5KMywSB03ip96ObmhmafJ1ycSRFTglYWWH-E48C2GLlYNsjI39VTpOmQtrkzm4urMeSYGngVDXqnkPaGncBLMxCgzdkBjG9oyPqD55lOblW&s=1,3
1692583127699872_2438556539769190,https://facebook.com/1692583127699872_2438556539769190,1692583127699872,02 Jun 2020 10:36:06 AM,photo,"Uno de los beneficios de ser parte de la red de Afiliados con #QPayPro, es que tienes la oportunidad de participar en diferentes Webinars y Charlas que damos a lo largo del año. ?

En nuestros webinars aprenderás sobre ventas en línea, mercadeo digital, comercio electrónico y más, de la mano de nuestros partners y aliados de negocio.

Descubre nuestros webinars pasados en el siguiente enlace ?
https://zcu.io/vYMa",2,0,0,0,0,0,0,0,0,,https://www.facebook.com/photo.php?fbid=2438556539769190&set=a.504567235015204&type=3,2
1692583127699872_2437750699849774,https://facebook.com/1692583127699872_2437750699849774,1692583127699872,01 Jun 2020 10:12:33 AM,photo,"Vende fácilmente desde tu propia tienda en línea, facebook e instagram.

Con #QPayShop creas tu propia tienda en línea y la sincronizas con tus redes sociales, cargas tus productos, defines tus métodos de envío y aceptas tarjetas fácilmente.
 
Regístrate aquí ?",1,0,0,0,0,0,0,0,0,,https://www.facebook.com/photo.php?fbid=2437750699849774&set=a.504567235015204&type=3,1
1692583127699872_2436286906662820,https://facebook.com/1692583127699872_2436286906662820,1692583127699872,30 May 2020 11:23:08 AM,video,"1. Vende en línea
2. Envia link de pago
3. Acepta tarjetas en línea

Afíliate hoy y empieza a cobrar en 24Hrs. ?
https://zcu.io/1pqV",4,1,0,0,0,0,0,1,0,,https://www.facebook.com/504840204987907/videos/276299353557804,5
1692583127699872_2435587306732780,https://facebook.com/1692583127699872_2435587306732780,1692583127699872,29 May 2020 02:01:42 PM,photo,"Más de Q50,000,000 procesados en línea por #QPayPro 
Y tú, ¿Ya vendes en línea y aún no cobras con tarjeta?

Regístrate y empieza a cobrar en 24Hrs.
https://zcu.io/YPv2",5,0,0,0,0,0,0,0,0,,https://www.facebook.com/photo.php?fbid=2435587306732780&set=a.504567235015204&type=3,5
1692583127699872_2434942413463936,https://facebook.com/1692583127699872_2434942413463936,1692583127699872,28 May 2020 04:50:43 PM,photo,"NO TE QUEDES SIN COBRAR EN LÍNEA, solo tienes un día DE OFERTA?

 https://wa.me/50253759651",4,0,0,0,0,0,0,0,0,,https://www.facebook.com/photo.php?fbid=2434939490130895&set=a.504567235015204&type=3,4
1692583127699872_2434922613465916,https://facebook.com/1692583127699872_2434922613465916,1692583127699872,28 May 2020 04:06:00 PM,link,"Aunque los negocios de comercio electrónico implementados correctamente, son mucho más seguros en varios aspectos para los clientes finales que nos hacen la compra, en las ventas en línea, para los comercios siempre existirán ciertos riesgos, de los cuales debemos de estar atentos.
 
Debemos de monitorear todas las transacciones que nos realicen en nuestros canales digitales y evitar así caer en las manos de los delincuentes que buscan defraudar a nuestro comercio, para esto hemos preparados estos 10 consejos para los comercios para  poder así prevenir fraude, conócelos aquí ?
https://zcu.io/yZ5T",5,0,0,0,0,0,0,0,0,,https://l.facebook.com/l.php?u=https%3A%2F%2Fwww.qpaypro.com%2F2019%2F07%2F11%2F10-sen%25cc%2583ales-de-advertencia-para-prevenir-fraudes%2F&h=AUCryYjzZUA4WtUV80XwrdqJdrZd9bHaXC5JBf6sUwQyugRfxi1SKSVBoH1hv_zGZsj18f6URjmZxjikZvSN0unV_8ygjphq8Gc2d6pKQkgtAZg9FslpJbDUsipRbmH0&s=1,5
1692583127699872_2434792393478938,https://facebook.com/1692583127699872_2434792393478938,1692583127699872,28 May 2020 11:54:18 AM,photo,"¿Necesitas cobrar con tarjeta en línea? ?
Afíliate y acepta tarjetas en tu negocio HOY mismo.

Empieza a cobrar en 24Hrs. ?
 https://zcu.io/n6ym",3,0,0,0,0,0,0,0,0,,https://www.facebook.com/photo.php?fbid=2434792393478938&set=a.504567235015204&type=3,3
