﻿Profile ID,Media ID,Caption,Is Comment Enabled,Comments Count,Like Count,Media Type,Media Url,Permalink,Shortcode,Thumbnail Url,Timestamp,Username,Media Product Type
17841443997027489,18623678053010757,"Muy pronto, una nueva manera de cobrar en grande llegará a tu negocio. ¡Espéralo! ? #emprendimiento #qpaypro #muypronto",Yes,0,4,IMAGE,https://scontent-dfw6-2.cdninstagram.com/v/t51.82787-15/789505968_18110019575466568_2334857749127247922_n.jpg?stp=dst-jpg_e35_tt6&_nc_cat=110&ccb=7-5&_nc_sid=18de74&efg=eyJlZmdfdGFnIjoiRkVFRC5iZXN0X2ltYWdlX3VybGdlbi5DMyJ9&_nc_ohc=1ZMCKDnKtP4Q7kNvwGWRvhX&_nc_oc=AdpFsgfKdJVOSEG9MKO4uZTRwF15DjjYDn65qw0veXtZFFG_iCdrF5oKEy33FBdb1rQ&_nc_zt=23&_nc_ht=scontent-dfw6-2.cdninstagram.com&edm=AM6HXa8EAAAA&_nc_gid=VRYKpTH16Yr5i-BRgrxB9g&oh=00_AQLds7xHByFe1t_TUssk0qC3XOqyiqKUM_kLkSbBunDyfA&oe=6A9DD5C6,https://www.instagram.com/p/DcuKcO5Ixhj/,DcuKcO5Ixhj,,31 Aug 2026 10:32:09,qpaypro,FEED
17841443997027489,18340026412255034,Nosotros te ayudamos a llevar tu negocio al siguiente nivel. ?? #emprendimiento #guatemala,Yes,0,2,IMAGE,https://scontent-dfw6-2.cdninstagram.com/v/t51.82787-15/789506543_18109633730466568_3189170985393632740_n.jpg?stp=dst-jpg_e35_tt6&_nc_cat=110&ccb=7-5&_nc_sid=18de74&efg=eyJlZmdfdGFnIjoiRkVFRC5iZXN0X2ltYWdlX3VybGdlbi5DMyJ9&_nc_ohc=IkIIQoz6M-IQ7kNvwGORJwp&_nc_oc=AdrBDB0E87REWY0vAGzxMLz4darnLGQUGno-sOoZ25u4bJtInFhsq9Wru3Bei4QhLL8&_nc_zt=23&_nc_ht=scontent-dfw6-2.cdninstagram.com&edm=AM6HXa8EAAAA&_nc_gid=VRYKpTH16Yr5i-BRgrxB9g&oh=00_AQIx66iaT8erN2-ExI9l8XNIdm9y8ms870ERgtMyvWoueg&oe=6A9DEDE7,https://www.instagram.com/p/Dcly20YHwfV/,Dcly20YHwfV,,28 Aug 2026 04:32:08,qpaypro,FEED
17841443997027489,18005093162992764,"La importancia de la resiliencia junto a @byanaceci 

#empresas #resiliencia #emprendedoresexitosos",Yes,0,37,VIDEO,https://scontent-dfw5-1.cdninstagram.com/o1/v/t2/f2/m86/AQNg-HVZrq6rMs-sHr9-l4FXFDLmMGQKUqGUryO7q81b7Juk9Zoh65dh7WldrMeoYGiNWIULt2rEv3MEHGMefHwYS-XneamTxWlRM8c.mp4?_nc_cat=106&_nc_sid=5e9851&_nc_ht=scontent-dfw5-1.cdninstagram.com&_nc_ohc=6VBeZjY3mPAQ7kNvwGqeWtY&efg=eyJ2ZW5jb2RlX3RhZyI6Inhwdl9wcm9ncmVzc2l2ZS5JTlNUQUdSQU0uQ0xJUFMuQzMuNzIwLmRhc2hfYmFzZWxpbmVfMV92MSIsInhwdl9hc3NldF9pZCI6MTczNzQ1OTc2MDYzNDQ2NSwiYXNzZXRfYWdlX2RheXMiOjcsInZpX3VzZWNhc2VfaWQiOjEwMDk5LCJkdXJhdGlvbl9zIjo0NywidXJsZ2VuX3NvdXJjZSI6Ind3dyJ9&ccb=17-1&vs=1d0371393d912fb3&_nc_vs=HBksFQIYUmlnX3hwdl9yZWVsc19wZXJtYW5lbnRfc3JfcHJvZC9DRTQ2NDAzRDFBQUQ3RjRFMEY5NzJFRjFBM0E5OTQ4RV92aWRlb19kYXNoaW5pdC5tcDQVAALIARIAFQIYUWlnX3hwdl9wbGFjZW1lbnRfcGVybWFuZW50X3YyLzVFNDY1NjM3MDkxMDczQzJBNjEzODM0QUJFODk0QTg1X2F1ZGlvX2Rhc2hpbml0Lm1wNBUCAsgBEgAoABgAGwKIB3VzZV9vaWwBMRJwcm9ncmVzc2l2ZV9yZWNpcGUBMRUAACbC6cD9u42WBhUCKAJDMywXQEfMzMzMzM0YEmRhc2hfYmFzZWxpbmVfMV92MREAdf4HZeadAQA&_nc_gid=VRYKpTH16Yr5i-BRgrxB9g&edm=AM6HXa8EAAAA&_nc_zt=28&oh=00_AQK53IbXfNz4J8ujM82gP3SUEN1MkwhFQj48kEoXMJHVRQ&oe=6A99E657,https://www.instagram.com/reel/DcewIZROC6k/,DcewIZROC6k,https://scontent-dfw6-1.cdninstagram.com/v/t51.82787-15/782413445_18109305296466568_850763630599392078_n.jpg?stp=dst-jpg_e35_tt6&_nc_cat=102&ccb=7-5&_nc_sid=18de74&efg=eyJlZmdfdGFnIjoiQ0xJUFMuYmVzdF9pbWFnZV91cmxnZW4uQzMifQ%3D%3D&_nc_ohc=Lb44_e0knjUQ7kNvwFdpmot&_nc_oc=Adpag9MjLUQY7ctnvyCrCcGtMcuvWfxnr9tkSM8X3c-6LC5gduALq5r4Vvz1QiFDvic&_nc_zt=23&_nc_ht=scontent-dfw6-1.cdninstagram.com&edm=AM6HXa8EAAAA&_nc_gid=VRYKpTH16Yr5i-BRgrxB9g&_nc_tpa=Q5bMBQLwRRdDdxGnX3xgbxvS3ELOnINuBh56WW12l7OftBJrWnnGc6PgQYsmm4tq5p1kPsA4QWofBUCq&oh=00_AQI5bFtm_1an1l2Qz2UaGDN972Ijgnj6Ont6UZWySarlsw&oe=6A9DDF5C,25 Aug 2026 10:53:59,qpaypro,REELS
17841443997027489,18137319892591856,Tenemos la solución para que tengas tus ventas bajo control. ???,Yes,0,3,IMAGE,https://scontent-dfw5-1.cdninstagram.com/v/t51.82787-15/779158673_18109161677466568_2377582386886890364_n.jpg?stp=dst-jpg_e35_tt6&_nc_cat=111&ccb=7-5&_nc_sid=18de74&efg=eyJlZmdfdGFnIjoiRkVFRC5iZXN0X2ltYWdlX3VybGdlbi5DMyJ9&_nc_ohc=2iIkO2Iv_iEQ7kNvwEOMFx1&_nc_oc=AdolL_JzwzPVfi_lLg_gHgbGZpnVNFXJwltw0vsHfcUHcSP8XE6gPX6q2qDymajTT8o&_nc_zt=23&_nc_ht=scontent-dfw5-1.cdninstagram.com&edm=AM6HXa8EAAAA&_nc_gid=VRYKpTH16Yr5i-BRgrxB9g&oh=00_AQLxCa32IuE09hEdey3SjMBLwezlOKRpce2WVmo0L0cwxw&oe=6A9DC72A,https://www.instagram.com/p/DcbYz41nNoA/,DcbYz41nNoA,,24 Aug 2026 03:32:07,qpaypro,FEED
17841443997027489,18006856430975001,"Tener tu negocio, no debe de ser complicado. Controla todo en un mismo lugar. ?? #emprendimiento #guatemala #elsalvador",Yes,0,3,IMAGE,https://scontent-dfw5-1.cdninstagram.com/v/t51.82787-15/778159062_18108813662466568_43996426743283498_n.jpg?stp=dst-jpg_e35_tt6&_nc_cat=106&ccb=7-5&_nc_sid=18de74&efg=eyJlZmdfdGFnIjoiRkVFRC5iZXN0X2ltYWdlX3VybGdlbi5DMyJ9&_nc_ohc=rZWYE8Dg6kIQ7kNvwFq86CF&_nc_oc=Adrj7PliTkF1vPpxnIKm_DhUjE1P1vUknPZ4wOpwTjJrMd9ul4DM11-jsbPF3Ilg0Gw&_nc_zt=23&_nc_ht=scontent-dfw5-1.cdninstagram.com&edm=AM6HXa8EAAAA&_nc_gid=VRYKpTH16Yr5i-BRgrxB9g&oh=00_AQJF9u4Tz7CGJ2lZkypc_A1C9iAo5hGoOG6gZpYm2Hk8BQ&oe=6A9DE7D1,https://www.instagram.com/p/DcTt3l6lpAu/,DcTt3l6lpAu,,21 Aug 2026 04:02:11,qpaypro,FEED
17841443997027489,18112148134804736,Las ventas en línea es lo de ahora. Comienza a vender sin salir de tu casa. ?? #tiendaenlinea #guatemala #emprendimiento,Yes,0,3,IMAGE,https://scontent-dfw5-1.cdninstagram.com/v/t51.82787-15/775727219_18108586373466568_6019540527274519376_n.jpg?stp=dst-jpg_e35_tt6&_nc_cat=106&ccb=7-5&_nc_sid=18de74&efg=eyJlZmdfdGFnIjoiRkVFRC5iZXN0X2ltYWdlX3VybGdlbi5DMyJ9&_nc_ohc=bN2CJ_gF1vkQ7kNvwFO1YPf&_nc_oc=AdreKU_8oHT5fnHBjebzurg2mRWPfkRDH8tAFXaaxpMxaj1MN-oDNa40Z9a2KgESoQ4&_nc_zt=23&_nc_ht=scontent-dfw5-1.cdninstagram.com&edm=AM6HXa8EAAAA&_nc_gid=VRYKpTH16Yr5i-BRgrxB9g&oh=00_AQIROgJ7hgoPCUjyvSWnAveEYSpPTbr_tGYdiJf2exN0_w&oe=6A9DE1C1,https://www.instagram.com/p/DcOoFqRnOTX/,DcOoFqRnOTX,,19 Aug 2026 04:35:32,qpaypro,FEED
17841443997027489,18124144819825168,Un ecosistema creado para tu negocio,Yes,0,3,VIDEO,https://scontent-dfw6-1.cdninstagram.com/o1/v/t2/f2/m86/AQOQ1NCLQ-Cs-VqH698TXOcpWqziL4ZeQoJPzwEl99RNXK-YmAQc-wk7iY6ouZlF8BX3uY74SuVWMOOM9sp3gQOnRBeGCyp2ASh23bs.mp4?_nc_cat=102&_nc_sid=5e9851&_nc_ht=scontent-dfw6-1.cdninstagram.com&_nc_ohc=Xa3fQcYB7IcQ7kNvwEQyv3s&efg=eyJ2ZW5jb2RlX3RhZyI6Inhwdl9wcm9ncmVzc2l2ZS5JTlNUQUdSQU0uQ0xJUFMuQzMuNzIwLmRhc2hfYmFzZWxpbmVfMV92MSIsInhwdl9hc3NldF9pZCI6OTU2NjE5MTEwNzgwODA0LCJhc3NldF9hZ2VfZGF5cyI6MTQsInZpX3VzZWNhc2VfaWQiOjEwMDk5LCJkdXJhdGlvbl9zIjoyMCwidXJsZ2VuX3NvdXJjZSI6Ind3dyJ9&ccb=17-1&vs=94c78efbed8d7fa2&_nc_vs=HBksFQIYUmlnX3hwdl9yZWVsc19wZXJtYW5lbnRfc3JfcHJvZC85NTRFQjYzMzNCNUQ1RUNBN0M2ODM0OTQwQzU0QzRBN192aWRlb19kYXNoaW5pdC5tcDQVAALIARIAFQIYUWlnX3hwdl9wbGFjZW1lbnRfcGVybWFuZW50X3YyL0QwNDlEMjFEMDZEMjdDM0FCMjJDQzU0RkU4REU0NThGX2F1ZGlvX2Rhc2hpbml0Lm1wNBUCAsgBEgAoABgAGwKIB3VzZV9vaWwBMRJwcm9ncmVzc2l2ZV9yZWNpcGUBMRUAACaIvsTkx4KzAxUCKAJDMywXQDQIcrAgxJwYEmRhc2hfYmFzZWxpbmVfMV92MREAdf4HZeadAQA&_nc_gid=VRYKpTH16Yr5i-BRgrxB9g&edm=AM6HXa8EAAAA&_nc_zt=28&oh=00_AQKAz0UOrTP2U3tFbqwjlzg6_ftB0e_AqJ09vKZj9vYvxg&oe=6A99D62B,https://www.instagram.com/reel/DcMiyGCOyk5/,DcMiyGCOyk5,https://scontent-dfw6-1.cdninstagram.com/v/t51.82787-15/780127548_18108472637466568_537413757907577232_n.jpg?stp=dst-jpg_e35_tt6&_nc_cat=102&ccb=7-5&_nc_sid=18de74&efg=eyJlZmdfdGFnIjoiQ0xJUFMuYmVzdF9pbWFnZV91cmxnZW4uQzMifQ%3D%3D&_nc_ohc=Etos_VRkkq0Q7kNvwFWG1bb&_nc_oc=AdoJkp0SPg6gaeb8xbqiOUZDDxrLicpgvNmrpl5xP88s_IXwq69Dm039DzCCt2zQGd0&_nc_zt=23&_nc_ht=scontent-dfw6-1.cdninstagram.com&edm=AM6HXa8EAAAA&_nc_gid=VRYKpTH16Yr5i-BRgrxB9g&_nc_tpa=Q5bMBQJcjf18QBIa7CKcO-XPuBmDUTSeuKjkgCVKsCd1CUwrRMfXFYeMaApQv0_vhwCjrzofU5zd6_Vh&oh=00_AQLC78VtcywO4daVP8jhuO2dQ-dE7JZ0tYo55ZLrASOUng&oe=6A9DCF0C,18 Aug 2026 09:09:24,qpaypro,REELS
17841443997027489,17903487246503120,,Yes,0,4,IMAGE,https://scontent-dfw5-2.cdninstagram.com/v/t51.82787-15/778882205_18108310553466568_486493398090700826_n.jpg?stp=dst-jpg_e35_tt6&_nc_cat=100&ccb=7-5&_nc_sid=18de74&efg=eyJlZmdfdGFnIjoiRkVFRC5iZXN0X2ltYWdlX3VybGdlbi5DMyJ9&_nc_ohc=jyE4dwprOK8Q7kNvwEuIKMi&_nc_oc=AdqKJ1ButKRxd8jIYz-wqCcypa3eNGmPukcwsNyRZsZqydaUTx0sYzTnPZIpX_zuzZo&_nc_zt=23&_nc_ht=scontent-dfw5-2.cdninstagram.com&edm=AM6HXa8EAAAA&_nc_gid=VRYKpTH16Yr5i-BRgrxB9g&oh=00_AQLvJT1tbz0SNAYzxkUFssIypCoQIJvZsX5sMQ7wbSzymQ&oe=6A9DF43D,https://www.instagram.com/p/DcJUCSdFqAt/,DcJUCSdFqAt,,17 Aug 2026 03:04:03,qpaypro,FEED
17841443997027489,18097071713614405,tu negocio en la palma de tu mano,Yes,0,5,VIDEO,https://scontent-dfw5-2.cdninstagram.com/o1/v/t2/f2/m86/AQOagVJFXBOsyFsIb8-U6PC_jhulbJVe6r5eTtt0ZhJDbF3j6hiE1nVnT2zrdMgGinFsmjHSLQvBtJAm0AGSgyKtpoRbwXLBk--c2Xs.mp4?_nc_cat=100&_nc_sid=5e9851&_nc_ht=scontent-dfw5-2.cdninstagram.com&_nc_ohc=5_24UPE7oywQ7kNvwGShoZb&efg=eyJ2ZW5jb2RlX3RhZyI6Inhwdl9wcm9ncmVzc2l2ZS5JTlNUQUdSQU0uQ0xJUFMuQzMuNzIwLmRhc2hfYmFzZWxpbmVfMV92MSIsInhwdl9hc3NldF9pZCI6MTM0OTg5MzM3MDY4NjYxMiwiYXNzZXRfYWdlX2RheXMiOjE4LCJ2aV91c2VjYXNlX2lkIjoxMDA5OSwiZHVyYXRpb25fcyI6MjksInVybGdlbl9zb3VyY2UiOiJ3d3cifQ%3D%3D&ccb=17-1&vs=2dd8f9256f771784&_nc_vs=HBksFQIYUmlnX3hwdl9yZWVsc19wZXJtYW5lbnRfc3JfcHJvZC9CNjRDQkJCMTI0QTZDMzY3QjlFMTlDMkM3OUQwQjM4N192aWRlb19kYXNoaW5pdC5tcDQVAALIARIAFQIYUWlnX3hwdl9wbGFjZW1lbnRfcGVybWFuZW50X3YyLzQ0NDNDOUI1QTQ5ODE3MUYxODM3NjYyN0Q2MTgxMjk5X2F1ZGlvX2Rhc2hpbml0Lm1wNBUCAsgBEgAoABgAGwKIB3VzZV9vaWwBMRJwcm9ncmVzc2l2ZV9yZWNpcGUBMRUAACaossGtke7lBBUCKAJDMywXQD1VP3ztkWgYEmRhc2hfYmFzZWxpbmVfMV92MREAdf4HZeadAQA&_nc_gid=VRYKpTH16Yr5i-BRgrxB9g&edm=AM6HXa8EAAAA&_nc_zt=28&oh=00_AQJSFFbriXMnP_RV-qWU510Angm6vcLA7wzv27W_9ZqZJg&oe=6A99DDE9,https://www.instagram.com/reel/DcB3hnOu-0t/,DcB3hnOu-0t,https://scontent-dfw5-2.cdninstagram.com/v/t51.82787-15/772894666_18107909762466568_4824774358218165166_n.jpg?stp=dst-jpg_e35_tt6&_nc_cat=107&ccb=7-5&_nc_sid=18de74&efg=eyJlZmdfdGFnIjoiQ0xJUFMuYmVzdF9pbWFnZV91cmxnZW4uQzMifQ%3D%3D&_nc_ohc=MIcCxZP4abEQ7kNvwFm1Dcr&_nc_oc=Adq0QgOvYfNlge6MEJfe8nO2NE6imywfvs8uEUfRsb-S9clpW1YaC3sk_o7m1lUhfhk&_nc_zt=23&_nc_ht=scontent-dfw5-2.cdninstagram.com&edm=AM6HXa8EAAAA&_nc_gid=VRYKpTH16Yr5i-BRgrxB9g&_nc_tpa=Q5bMBQLqaOsl0tQS52BU7gSJNhNRST026JfcuRrU852y-uIYnnAD9jGCAtMc-NFL2AWJIe88Yxfsm-CE&oh=00_AQKA-4qcm5T7HIha5LW6gcmkQu99_x2ieyWiXD_uKjUhsA&oe=6A9DDD4E,14 Aug 2026 05:39:29,qpaypro,REELS
17841443997027489,18123848344695503,Nada vuelve a ser igual junto a Qpaypro,Yes,0,9,VIDEO,https://scontent-dfw5-1.cdninstagram.com/o1/v/t2/f2/m86/AQMIaGwUZA2t5f-7-y06ScK8VyW5yHkZSObiQLxFNSs6C5xp_q5kAxbBQv34k8TOR6AeL6x6Tb8izFkWb9sT8vnli3uEv2WocqVK22U.mp4?_nc_cat=105&_nc_sid=5e9851&_nc_ht=scontent-dfw5-1.cdninstagram.com&_nc_ohc=SAv1LPolxYcQ7kNvwHyYETP&efg=eyJ2ZW5jb2RlX3RhZyI6Inhwdl9wcm9ncmVzc2l2ZS5JTlNUQUdSQU0uQ0xJUFMuQzMuNzIwLmRhc2hfYmFzZWxpbmVfMV92MSIsInhwdl9hc3NldF9pZCI6MTU1ODA1MjQ4NjExNjc1MywiYXNzZXRfYWdlX2RheXMiOjIwLCJ2aV91c2VjYXNlX2lkIjoxMDA5OSwiZHVyYXRpb25fcyI6MzIsInVybGdlbl9zb3VyY2UiOiJ3d3cifQ%3D%3D&ccb=17-1&vs=79632ada45fc9dd6&_nc_vs=HBksFQIYUmlnX3hwdl9yZWVsc19wZXJtYW5lbnRfc3JfcHJvZC83NjQ2Q0E3MzU5NTE1MzM0NEREMUZFODA3QjVEMTc4Nl92aWRlb19kYXNoaW5pdC5tcDQVAALIARIAFQIYUWlnX3hwdl9wbGFjZW1lbnRfcGVybWFuZW50X3YyL0RCNEIxRDQ3RDU4RUE4QTcyNzg2Q0Q4QzcxOUI2MTgwX2F1ZGlvX2Rhc2hpbml0Lm1wNBUCAsgBEgAoABgAGwKIB3VzZV9vaWwBMRJwcm9ncmVzc2l2ZV9yZWNpcGUBMRUAACai1s_Py8LEBRUCKAJDMywXQEAEOVgQYk4YEmRhc2hfYmFzZWxpbmVfMV92MREAdf4HZeadAQA&_nc_gid=VRYKpTH16Yr5i-BRgrxB9g&edm=AM6HXa8EAAAA&_nc_zt=28&oh=00_AQInq5EHDR4YKx4eWuHJhK0K0dzmOHKJaOgkt33jCbdgqQ&oe=6A99F792,https://www.instagram.com/reel/Db8rjg4OZr5/,Db8rjg4OZr5,https://scontent-dfw5-1.cdninstagram.com/v/t51.82787-15/772853206_18107647982466568_1510309113655907737_n.jpg?stp=dst-jpg_e35_tt6&_nc_cat=106&ccb=7-5&_nc_sid=18de74&efg=eyJlZmdfdGFnIjoiQ0xJUFMuYmVzdF9pbWFnZV91cmxnZW4uQzMifQ%3D%3D&_nc_ohc=C_c2XmQRWOsQ7kNvwEXl-HH&_nc_oc=AdrNJy0PI9rNz8fZny6YX3NGnuOBVjMBnqahIY1YAeSAS5TSEu-4b3PgzcKocR9IagQ&_nc_zt=23&_nc_ht=scontent-dfw5-1.cdninstagram.com&edm=AM6HXa8EAAAA&_nc_gid=VRYKpTH16Yr5i-BRgrxB9g&_nc_tpa=Q5bMBQIs0YKDBNIVhm-uBr8Dh5FTUo5oFemTu0JjHnY8aET5V0sZNtINONpmrBe_m5D3TLXQ6aMugAe7&oh=00_AQLCfKOsUZByQ3VFEbG1bX_IsWsSgXF8aB4IIaaMG_VLxQ&oe=6A9DF867,12 Aug 2026 05:18:06,qpaypro,REELS
17841443997027489,17964475944130455,"Muy pronto, una nueva forma de cobrar ? espéralo.",Yes,0,9,IMAGE,https://scontent-dfw6-2.cdninstagram.com/v/t51.82787-15/755246947_18106184729466568_6400129796562399193_n.jpg?stp=dst-jpg_e35_tt6&_nc_cat=110&ccb=7-5&_nc_sid=18de74&efg=eyJlZmdfdGFnIjoiRkVFRC5iZXN0X2ltYWdlX3VybGdlbi5DMyJ9&_nc_ohc=y-77RjFy4Q0Q7kNvwGJ6K5M&_nc_oc=Adr8exk1ArNDvMH24oNMlKhtehDZyIZlLw1avU3-YP1BQveG-2Ews4AdtwNZaiP59lI&_nc_zt=23&_nc_ht=scontent-dfw6-2.cdninstagram.com&edm=AM6HXa8EAAAA&_nc_gid=VRYKpTH16Yr5i-BRgrxB9g&oh=00_AQJVOrVagjtxLSEqkIOxRi3CPniiF3JHFwCunbjlPYncHw&oe=6A9DEC17,https://www.instagram.com/p/Dbd6p1QlcrU/,Dbd6p1QlcrU,,31 Jul 2026 06:32:56,qpaypro,FEED
17841443997027489,18168193999454962,the new evolution era,Yes,0,15,VIDEO,https://scontent-dfw5-1.cdninstagram.com/o1/v/t2/f2/m86/AQNCLLZpOvbj21nhqkxFLMt3rloo0gqo9FKcipk2Mj8Umoe7RGRGFuy5OGPPcMXjUwyN-Mr2Y5BSy7Kku2e86GTs47MhLXR1QFHvIrY.mp4?_nc_cat=106&_nc_sid=5e9851&_nc_ht=scontent-dfw5-1.cdninstagram.com&_nc_ohc=cXbE6J64AHkQ7kNvwFSdzTc&efg=eyJ2ZW5jb2RlX3RhZyI6Inhwdl9wcm9ncmVzc2l2ZS5JTlNUQUdSQU0uQ0xJUFMuQzMuNzIwLmRhc2hfYmFzZWxpbmVfMV92MSIsInhwdl9hc3NldF9pZCI6MjIyMDc4NDI4ODcwNTE5NSwiYXNzZXRfYWdlX2RheXMiOjM0LCJ2aV91c2VjYXNlX2lkIjoxMDA5OSwiZHVyYXRpb25fcyI6MTksInVybGdlbl9zb3VyY2UiOiJ3d3cifQ%3D%3D&ccb=17-1&vs=921d02b41eaaef39&_nc_vs=HBksFQIYUmlnX3hwdl9yZWVsc19wZXJtYW5lbnRfc3JfcHJvZC83NTQ4OEJFMTdCQzM3RUU0RDlFNEZDMzc4NjYxMzZCNV92aWRlb19kYXNoaW5pdC5tcDQVAALIARIAFQIYUWlnX3hwdl9wbGFjZW1lbnRfcGVybWFuZW50X3YyL0MyNEVFQkVBODgwOUI0QkE0NDI0MDY4MTE1QjU3NjlGX2F1ZGlvX2Rhc2hpbml0Lm1wNBUCAsgBEgAoABgAGwKIB3VzZV9vaWwBMRJwcm9ncmVzc2l2ZV9yZWNpcGUBMRUAACbWqrWq1PLxBxUCKAJDMywXQDNdsi0OVgQYEmRhc2hfYmFzZWxpbmVfMV92MREAdf4HZeadAQA&_nc_gid=VRYKpTH16Yr5i-BRgrxB9g&edm=AM6HXa8EAAAA&_nc_zt=28&oh=00_AQJmj4zo9m4SIbl9WDPSL6jeGexslQrKtPZJGugnk1olKg&oe=6A99E753,https://www.instagram.com/reel/DbYvbZeuOT6/,DbYvbZeuOT6,https://scontent-dfw6-1.cdninstagram.com/v/t51.82787-15/760024449_18105946187466568_6058764639892989677_n.jpg?stp=dst-jpg_e35_tt6&_nc_cat=101&ccb=7-5&_nc_sid=18de74&efg=eyJlZmdfdGFnIjoiQ0xJUFMuYmVzdF9pbWFnZV91cmxnZW4uQzMifQ%3D%3D&_nc_ohc=29eSWdeSBCwQ7kNvwFphEm8&_nc_oc=AdpWFu-jh6lHJLssVK_0v8Ck2iRQ8BWpN3tKUslNjcqqpAnFp9taTaQww3cyoOI-O9s&_nc_zt=23&_nc_ht=scontent-dfw6-1.cdninstagram.com&edm=AM6HXa8EAAAA&_nc_gid=VRYKpTH16Yr5i-BRgrxB9g&_nc_tpa=Q5bMBQKIfaFQ0gAfAr7T_VFKGydrP64L89Wl001iKKI4N9_uSoZLovk2yv3jsKAZ-IdW19SLHe9DUWhP&oh=00_AQL92bQ7qArmTyYUBc7HbUN5ulsbJsXR2fIOngxWmu6BSQ&oe=6A9DD3EC,29 Jul 2026 06:19:35,qpaypro,REELS
17841443997027489,17974038939076686,Cobrar con un enlace en cuestión de segundo es posible. ¡Deja de perder ventas! ??,Yes,0,5,IMAGE,https://scontent-dfw6-2.cdninstagram.com/v/t51.82787-15/755878721_18105811295466568_7536718783368949435_n.jpg?stp=dst-jpg_e35_tt6&_nc_cat=109&ccb=7-5&_nc_sid=18de74&efg=eyJlZmdfdGFnIjoiRkVFRC5iZXN0X2ltYWdlX3VybGdlbi5DMyJ9&_nc_ohc=90-f3pYjCisQ7kNvwGfkDZV&_nc_oc=AdrXe0QLpH2waZAG64eTjsi9m6Z-IO1tCZhzzqa3JwbKTmLjfgU6wtHV1AIPcUM4Hxc&_nc_zt=23&_nc_ht=scontent-dfw6-2.cdninstagram.com&edm=AM6HXa8EAAAA&_nc_gid=VRYKpTH16Yr5i-BRgrxB9g&oh=00_AQJ3K4j7dSDn65QlwrwtbiiRkY-hA_G0Cv6xUTIurm8B-w&oe=6A9DC771,https://www.instagram.com/p/DbV-6QfE3s6/,DbV-6QfE3s6,,28 Jul 2026 04:38:11,qpaypro,FEED
17841443997027489,18140845501490104,Tu negocio nunca descansa y los PROfesionales tampoco. Adquiere tu tienda en línea y vende 24/7?,Yes,0,3,IMAGE,https://scontent-dfw6-1.cdninstagram.com/v/t51.82787-15/754189842_18105343427466568_5218187768031351682_n.jpg?stp=dst-jpg_e35_tt6&_nc_cat=101&ccb=7-5&_nc_sid=18de74&efg=eyJlZmdfdGFnIjoiRkVFRC5iZXN0X2ltYWdlX3VybGdlbi5DMyJ9&_nc_ohc=JGzWKGmcq6QQ7kNvwHaXkrw&_nc_oc=Ado20JS074E5_ImCo5oR0AO-uAFjzi2Jym8_tGC_PoB5vOyWY0oSmDSOnUaAlnm2pGE&_nc_zt=23&_nc_ht=scontent-dfw6-1.cdninstagram.com&edm=AM6HXa8EAAAA&_nc_gid=VRYKpTH16Yr5i-BRgrxB9g&oh=00_AQLXkQSe4NJoLkb_kKmkaJgk_NHPyiogxqBwArTKNQ5vqg&oe=6A9DDDED,https://www.instagram.com/p/DbMaHi2OD3C/,DbMaHi2OD3C,,24 Jul 2026 11:22:13,qpaypro,FEED
17841443997027489,17994282737801537,"Esto le hicimos pensando en ti, para que tu negocio sea mas PRO",Yes,0,13,VIDEO,https://scontent-dfw5-1.cdninstagram.com/o1/v/t2/f2/m86/AQPQmCZM_5CUBNfe0LdIF9ZaTWV05_EVUVvjISV3hOv4v99SsJ32A6jTyD0BerSbujRpnlW_I_d-3K_H3vIL7EnX49JO3IuFhh6DMoY.mp4?_nc_cat=111&_nc_sid=5e9851&_nc_ht=scontent-dfw5-1.cdninstagram.com&_nc_ohc=wihMAI0DXlQQ7kNvwEEYL2t&efg=eyJ2ZW5jb2RlX3RhZyI6Inhwdl9wcm9ncmVzc2l2ZS5JTlNUQUdSQU0uQ0xJUFMuQzMuNzIwLmRhc2hfYmFzZWxpbmVfMV92MSIsInhwdl9hc3NldF9pZCI6MTA2NjU2NDczNTkxNDM5MiwiYXNzZXRfYWdlX2RheXMiOjQwLCJ2aV91c2VjYXNlX2lkIjoxMDA5OSwiZHVyYXRpb25fcyI6MjAsInVybGdlbl9zb3VyY2UiOiJ3d3cifQ%3D%3D&ccb=17-1&vs=778fffc1609a9217&_nc_vs=HBksFQIYUmlnX3hwdl9yZWVsc19wZXJtYW5lbnRfc3JfcHJvZC9EMzQyNDJEQzIyNTdBNzExOTE3NzZDMjNGOUM5MEI4OV92aWRlb19kYXNoaW5pdC5tcDQVAALIARIAFQIYUWlnX3hwdl9wbGFjZW1lbnRfcGVybWFuZW50X3YyL0JGNDdCMUY4MEY4QjUzMjE2QjQ1QjdFNjQ3M0U5ODg1X2F1ZGlvX2Rhc2hpbml0Lm1wNBUCAsgBEgAoABgAGwKIB3VzZV9vaWwBMRJwcm9ncmVzc2l2ZV9yZWNpcGUBMRUAACawxrbDnoLlAxUCKAJDMywXQDQZmZmZmZoYEmRhc2hfYmFzZWxpbmVfMV92MREAdf4HZeadAQA&_nc_gid=VRYKpTH16Yr5i-BRgrxB9g&edm=AM6HXa8EAAAA&_nc_zt=28&oh=00_AQKtNFgk3NlTYXlceWi0Etz1ix9ZD7G1bQ1CAttFUTLJBA&oe=6A99D768,https://www.instagram.com/reel/DbKAQ5tM85I/,DbKAQ5tM85I,https://scontent-dfw6-2.cdninstagram.com/v/t51.82787-15/759513125_18105947054466568_8380554897559653184_n.jpg?stp=dst-jpg_e35_tt6&_nc_cat=108&ccb=7-5&_nc_sid=18de74&efg=eyJlZmdfdGFnIjoiQ0xJUFMuYmVzdF9pbWFnZV91cmxnZW4uQzMifQ%3D%3D&_nc_ohc=JvDr7ES0tp8Q7kNvwFEJaAS&_nc_oc=Adpt_55C0Feeo9gLSyUDl-muxONifzAIlXW91ivBAX07jxX498GmvbQhdNdZPYQy4oQ&_nc_zt=23&_nc_ht=scontent-dfw6-2.cdninstagram.com&edm=AM6HXa8EAAAA&_nc_gid=VRYKpTH16Yr5i-BRgrxB9g&_nc_tpa=Q5bMBQLERIHkJuUeGflvWTxWon_cvlhhT6wTnRJKrgh-MGhFlm5zUGo_JfAzhMFdGPeW_PMg2_LiiIYJ&oh=00_AQLJCg87G5DuCr_pc657PoKTl9kWu4cKgnvaGQzCHdR34w&oe=6A9DD4EE,24 Jul 2026 12:57:59,qpaypro,REELS
17841443997027489,18135487336579236,La llamada que hará tu negocio mas PRO,Yes,0,1,VIDEO,https://scontent-dfw6-2.cdninstagram.com/o1/v/t2/f2/m86/AQMu0VqqHK-oLWBlvRgJUdnXu6cMMDspI2DavP2y5SP2IQHxu86z_VmcVmX8YZqyu7gd9u2pNocaj5uN_0qvMSp5740spo8n1Z2SeUY.mp4?_nc_cat=110&_nc_sid=5e9851&_nc_ht=scontent-dfw6-2.cdninstagram.com&_nc_ohc=O7yb9YA5QuMQ7kNvwFf8oXI&efg=eyJ2ZW5jb2RlX3RhZyI6Inhwdl9wcm9ncmVzc2l2ZS5JTlNUQUdSQU0uQ0xJUFMuQzMuNzIwLmRhc2hfYmFzZWxpbmVfMV92MSIsInhwdl9hc3NldF9pZCI6MTc0MjkzMTAyMzQ5ODUxNCwiYXNzZXRfYWdlX2RheXMiOjQxLCJ2aV91c2VjYXNlX2lkIjoxMDA5OSwiZHVyYXRpb25fcyI6MjIsInVybGdlbl9zb3VyY2UiOiJ3d3cifQ%3D%3D&ccb=17-1&vs=c9c1914efb5255d4&_nc_vs=HBksFQIYUmlnX3hwdl9yZWVsc19wZXJtYW5lbnRfc3JfcHJvZC81QjRDMTU2OTU0MTczODZFRjAwMjE0ODdGNTRBQkFBQV92aWRlb19kYXNoaW5pdC5tcDQVAALIARIAFQIYUWlnX3hwdl9wbGFjZW1lbnRfcGVybWFuZW50X3YyLzY3NDVDNDRDMUVGRjRGMzkwQjRCRjdCMThFQTMwMzgxX2F1ZGlvX2Rhc2hpbml0Lm1wNBUCAsgBEgAoABgAGwKIB3VzZV9vaWwBMRJwcm9ncmVzc2l2ZV9yZWNpcGUBMRUAACaktLCI-MuYBhUCKAJDMywXQDaQ5WBBiTcYEmRhc2hfYmFzZWxpbmVfMV92MREAdf4HZeadAQA&_nc_gid=VRYKpTH16Yr5i-BRgrxB9g&edm=AM6HXa8EAAAA&_nc_zt=28&oh=00_AQJZxbOj-9fKOVqtZww7_UgreVXbOWdBdNPdhAPZyMLUeg&oe=6A99F483,https://www.instagram.com/reel/DbGxIHCuD6b/,DbGxIHCuD6b,https://scontent-dfw6-1.cdninstagram.com/v/t51.82787-15/755063641_18105082781466568_309271648963860912_n.jpg?stp=dst-jpg_e35_tt6&_nc_cat=103&ccb=7-5&_nc_sid=18de74&efg=eyJlZmdfdGFnIjoiQ0xJUFMuYmVzdF9pbWFnZV91cmxnZW4uQzMifQ%3D%3D&_nc_ohc=AsHl1K_t46oQ7kNvwGRo7IZ&_nc_oc=AdpuD1odxdn0IJM25UtBpiUnifVlldzAeLpks7oicUXoPkSNqZqQxKcOp5tsX_umnpQ&_nc_zt=23&_nc_ht=scontent-dfw6-1.cdninstagram.com&edm=AM6HXa8EAAAA&_nc_gid=VRYKpTH16Yr5i-BRgrxB9g&_nc_tpa=Q5bMBQIALwJy1cnLZDSc5f4yiMOeXRfHKM39k1yVOi0uaYlSxZIz8Jg3dnZmm059_L2YJ4BuxjENeJBD&oh=00_AQIzLpeggUSQATt7b9pRS5XmFK8998pLiMAuHVxtzTjo_g&oe=6A9DC8D0,22 Jul 2026 06:47:43,qpaypro,REELS
17841443997027489,18101132164901824,El sistema más completo y PROfesional del mercado. ? #MuyPronto,Yes,0,7,IMAGE,https://scontent-dfw6-2.cdninstagram.com/v/t51.82787-15/752638654_18105081665466568_8372468950335501393_n.jpg?stp=dst-jpg_e35_tt6&_nc_cat=109&ccb=7-5&_nc_sid=18de74&efg=eyJlZmdfdGFnIjoiRkVFRC5iZXN0X2ltYWdlX3VybGdlbi5DMyJ9&_nc_ohc=xFfQr8DDC2IQ7kNvwH_ihw8&_nc_oc=AdpBmZDAaJ7WmLkz-ZYO88nHmCRSKImpKa_a0FJUpPscdAVnuCFF86vmbnyBtbNE0k4&_nc_zt=23&_nc_ht=scontent-dfw6-2.cdninstagram.com&edm=AM6HXa8EAAAA&_nc_gid=VRYKpTH16Yr5i-BRgrxB9g&oh=00_AQJ68WrXBLJdYGaNc_dpGJoZ7mBPcij7AgZ9BBoUTQDRTQ&oe=6A9DDFF2,https://www.instagram.com/p/DbGv8hXlOjQ/,DbGv8hXlOjQ,,22 Jul 2026 06:38:47,qpaypro,FEED
17841443997027489,18097328357362809,La llamada que hará mas PRO tu negocio,Yes,7,25,VIDEO,https://scontent-dfw6-1.cdninstagram.com/o1/v/t2/f2/m86/AQNXo-TWUBezM7eMHZH1oAm2n49NdVlv6hdkrpjGaaUyWBr7KQYJPwqcwWKYaed314V5ePcfwRPXeGo6nRgUzfbih2QamfqBKoFvEwM.mp4?_nc_cat=102&_nc_sid=5e9851&_nc_ht=scontent-dfw6-1.cdninstagram.com&_nc_ohc=8iWyKLkPeIsQ7kNvwH46GsK&efg=eyJ2ZW5jb2RlX3RhZyI6Inhwdl9wcm9ncmVzc2l2ZS5JTlNUQUdSQU0uQ0xJUFMuQzMuNzIwLmRhc2hfYmFzZWxpbmVfMV92MSIsInhwdl9hc3NldF9pZCI6MzE1Mzc5NDIyNDgzMDc1MCwiYXNzZXRfYWdlX2RheXMiOjQyLCJ2aV91c2VjYXNlX2lkIjoxMDA5OSwiZHVyYXRpb25fcyI6MjIsInVybGdlbl9zb3VyY2UiOiJ3d3cifQ%3D%3D&ccb=17-1&vs=1c6ce93f23abc051&_nc_vs=HBksFQIYUmlnX3hwdl9yZWVsc19wZXJtYW5lbnRfc3JfcHJvZC81NjQ0NjBFM0Q0ODdCMDA0NTExNEM5NTEwMjQ2MzI4OF92aWRlb19kYXNoaW5pdC5tcDQVAALIARIAFQIYUWlnX3hwdl9wbGFjZW1lbnRfcGVybWFuZW50X3YyLzMyNDUyNTNBRTZDRDVGNDAxNEU0OUYwOTUxQzhCQjhFX2F1ZGlvX2Rhc2hpbml0Lm1wNBUCAsgBEgAoABgAGwKIB3VzZV9vaWwBMRJwcm9ncmVzc2l2ZV9yZWNpcGUBMRUAACa85LmH_paaCxUCKAJDMywXQDaQ5WBBiTcYEmRhc2hfYmFzZWxpbmVfMV92MREAdf4HZeadAQA&_nc_gid=VRYKpTH16Yr5i-BRgrxB9g&edm=AM6HXa8EAAAA&_nc_zt=28&oh=00_AQIR-Nf1SJybFg26En9HCtVuuqnS8uIN4j5EftffX9g3Ew&oe=6A99FE93,https://www.instagram.com/reel/DbD8PacuHSw/,DbD8PacuHSw,https://scontent-dfw6-1.cdninstagram.com/v/t51.82787-15/759943269_18105947495466568_7886847405279416700_n.jpg?stp=dst-jpg_e35_tt6&_nc_cat=102&ccb=7-5&_nc_sid=18de74&efg=eyJlZmdfdGFnIjoiQ0xJUFMuYmVzdF9pbWFnZV91cmxnZW4uQzMifQ%3D%3D&_nc_ohc=30TWTSdRIF0Q7kNvwHxiCFK&_nc_oc=AdrRRmKPTgu372eHsrGsl9OFDYEKuwgSQY34dXICbNsG8xKTxE0-QNjpVXYBt4Lhsdo&_nc_zt=23&_nc_ht=scontent-dfw6-1.cdninstagram.com&edm=AM6HXa8EAAAA&_nc_gid=VRYKpTH16Yr5i-BRgrxB9g&_nc_tpa=Q5bMBQI5bX7_Otls3T_x5qys6PJPemlrv1_G-uRz8tuwh1XOrw9gqrus7YJG-lZmXjv4xRtQPW54De85&oh=00_AQJknZR26fYLFOLNE5ecslTc4h5pwrUWyvfbyL79AujeRg&oe=6A9DC6B6,21 Jul 2026 04:27:20,qpaypro,REELS
17841443997027489,18008738441941619,La plataforma más completa pensado para los PROfesionales ??,Yes,0,2,IMAGE,https://scontent-dfw6-2.cdninstagram.com/v/t51.82787-15/753320474_18104827682466568_5985904124472346161_n.jpg?stp=dst-jpg_e35_tt6&_nc_cat=110&ccb=7-5&_nc_sid=18de74&efg=eyJlZmdfdGFnIjoiRkVFRC5iZXN0X2ltYWdlX3VybGdlbi5DMyJ9&_nc_ohc=q0MXnzb42-8Q7kNvwEpEUf8&_nc_oc=Adq5zuQkOXMEsXaG11spMJRvvm0dvthroc_gg7oCBVgnw2LjbDthBsyKSPJ39SwLgMM&_nc_zt=23&_nc_ht=scontent-dfw6-2.cdninstagram.com&edm=AM6HXa8EAAAA&_nc_gid=VRYKpTH16Yr5i-BRgrxB9g&oh=00_AQJ08wJIV8vWAAZL2l9QdWeaz9337JNcBId8tJ1E3srpww&oe=6A9DF190,https://www.instagram.com/p/DbBRzzkOZ3Y/,DbBRzzkOZ3Y,,20 Jul 2026 03:37:43,qpaypro,FEED
17841443997027489,18015994469858014,"Tenemos todo para ti, cobrar, operar y crecer ? lleva tu negocio a lo más PRO.",Yes,0,3,IMAGE,https://scontent-dfw5-2.cdninstagram.com/v/t51.82787-15/753248143_18104827400466568_5153344774266423820_n.jpg?stp=dst-jpg_e35_tt6&_nc_cat=104&ccb=7-5&_nc_sid=18de74&efg=eyJlZmdfdGFnIjoiRkVFRC5iZXN0X2ltYWdlX3VybGdlbi5DMyJ9&_nc_ohc=a-pCA77sz20Q7kNvwHeccTN&_nc_oc=AdrQRYfcNkk4YBXJe8fs1QNcMvzrO0ZaH7oJS4EAIuXMV3poVwJ34PvoG1aIOvCvA3c&_nc_zt=23&_nc_ht=scontent-dfw5-2.cdninstagram.com&edm=AM6HXa8EAAAA&_nc_gid=VRYKpTH16Yr5i-BRgrxB9g&oh=00_AQJOq-0suhI8AaUd3OGcsma1m4qIC4dphMGFMM6C_Kk2fA&oe=6A9DCE9A,https://www.instagram.com/p/DbBRq60uv4T/,DbBRq60uv4T,,20 Jul 2026 03:36:48,qpaypro,FEED
17841443997027489,18095313179023388,Algo nuevo comienza aquí ? #qpaypro,Yes,0,5,IMAGE,https://scontent-dfw5-1.cdninstagram.com/v/t51.82787-15/751151686_18104827307466568_5761925467187563230_n.jpg?stp=dst-jpg_e35_tt6&_nc_cat=111&ccb=7-5&_nc_sid=18de74&efg=eyJlZmdfdGFnIjoiRkVFRC5iZXN0X2ltYWdlX3VybGdlbi5DMyJ9&_nc_ohc=YJOxlodrf8MQ7kNvwE5YKNs&_nc_oc=AdrdUpJt44NX8PWoYfIlA-diEHc4RHzq3dRiNu6xyQiBzFugnDfc0ZyuA8WzuSFvyV4&_nc_zt=23&_nc_ht=scontent-dfw5-1.cdninstagram.com&edm=AM6HXa8EAAAA&_nc_gid=VRYKpTH16Yr5i-BRgrxB9g&oh=00_AQLIRYnUscsnUOT4FS2KisAW8azovSzG0M87T-0bJzHaLg&oe=6A9DDD5C,https://www.instagram.com/p/DbBRh-4OPRA/,DbBRh-4OPRA,,20 Jul 2026 03:35:28,qpaypro,FEED
17841443997027489,18060974693725735,"Tu tienda ya existe. Ahora hazla cobrar. ⚙️?
QPayPro se integra con Shopify, WooCommerce y las principales plataformas de ecommerce en minutos. ? www.qpaypro.com",Yes,0,3,IMAGE,https://scontent-dfw6-2.cdninstagram.com/v/t51.82787-15/751784491_18104720093466568_1334467613722234660_n.jpg?stp=dst-jpg_e35_tt6&_nc_cat=108&ccb=7-5&_nc_sid=18de74&efg=eyJlZmdfdGFnIjoiRkVFRC5iZXN0X2ltYWdlX3VybGdlbi5DMyJ9&_nc_ohc=pcUdf1TFGjUQ7kNvwFSAMuM&_nc_oc=AdobOdMk_pdBMfC4ATQlmfg83xpTlPzUR8eGtljEiZXoAVluxOp9VEVj_NtYL6J4SWQ&_nc_zt=23&_nc_ht=scontent-dfw6-2.cdninstagram.com&edm=AM6HXa8EAAAA&_nc_gid=VRYKpTH16Yr5i-BRgrxB9g&oh=00_AQLjP2Ijl_4cukSzcg66U0whBeJiWRygFV6Y_WSeXZ16uQ&oe=6A9DC69F,https://www.instagram.com/p/Da_SiBEnzUH/,Da_SiBEnzUH,,19 Jul 2026 09:07:08,qpaypro,FEED
17841443997027489,18483661651103924,"¿Tu tienda ya está en Shopify, WooCommerce o VTEX? Perfecto. Solo le falta una cosa: cobrar con tarjeta. ? Conecta nuestro plugin y empieza a recibir pagos sin cambiar nada de tu tienda. 
? www.qpaypro.com",Yes,0,3,CAROUSEL_ALBUM,https://scontent-dfw5-2.cdninstagram.com/v/t51.82787-15/748746821_18104457203466568_7239379693884643961_n.jpg?stp=dst-jpg_e35_tt6&_nc_cat=100&ccb=7-5&_nc_sid=18de74&efg=eyJlZmdfdGFnIjoiQ0FST1VTRUxfSVRFTS5iZXN0X2ltYWdlX3VybGdlbi5DMyJ9&_nc_ohc=VvVV-uFPahYQ7kNvwHGhAYu&_nc_oc=AdpXP9KVFG0axQQHm6bzxq-JFZ2h0QY3iU0w0L_grO2g5r-g6sNq3v9-d2Nv7mjJ9Sw&_nc_zt=23&_nc_ht=scontent-dfw5-2.cdninstagram.com&edm=AM6HXa8EAAAA&_nc_gid=VRYKpTH16Yr5i-BRgrxB9g&oh=00_AQLq7LHFd9G0VTMLuaNHE0Ki36T4QIyoH39qfrrj9mpNjQ&oe=6A9DF850,https://www.instagram.com/p/Da6R6RhEw55/,Da6R6RhEw55,,17 Jul 2026 10:25:28,qpaypro,FEED
17841443997027489,18349105066170302,"Conecta, vende y cobra. QPayPro tiene integraciones con las plataformas de eCommerce más usadas en Guatemala y El Salvador. Ya contamos con cientos de tiendas activas. La tuya puede ser la siguiente.",Yes,0,5,VIDEO,https://scontent-dfw6-2.cdninstagram.com/o1/v/t2/f2/m86/AQPXi6m2tjPLs_U78KRMJPMpR3-9dm8_FsWQXYRMg1hrT3TQNu55nPIpzEUaM9plYML9fNfCB_zTWKgQrgNfQoamSB6ASTMo4d6YaKA.mp4?_nc_cat=110&_nc_sid=5e9851&_nc_ht=scontent-dfw6-2.cdninstagram.com&_nc_ohc=htxBARh0PnQQ7kNvwH7s8zA&efg=eyJ2ZW5jb2RlX3RhZyI6Inhwdl9wcm9ncmVzc2l2ZS5JTlNUQUdSQU0uQ0xJUFMuQzMuNTc2LmRhc2hfYmFzZWxpbmVfMV92MSIsInhwdl9hc3NldF9pZCI6MTgxMDQzMzYzMjQ0NjY1NjgsImFzc2V0X2FnZV9kYXlzIjo0NywidmlfdXNlY2FzZV9pZCI6MTAwOTksImR1cmF0aW9uX3MiOjE0LCJ1cmxnZW5fc291cmNlIjoid3d3In0%3D&ccb=17-1&vs=ad574271068ead01&_nc_vs=HBksFQIYUmlnX3hwdl9yZWVsc19wZXJtYW5lbnRfc3JfcHJvZC82ODQzQTQxNDU1NzA1QkVFMDA3Q0Y0NzcxOTY3QzI4M192aWRlb19kYXNoaW5pdC5tcDQVAALIARIAFQIYUWlnX3hwdl9wbGFjZW1lbnRfcGVybWFuZW50X3YyL0E0NDJGNzVGRDNDMUI4NkQ2Q0MyRDEwNTAxNUYzMzk1X2F1ZGlvX2Rhc2hpbml0Lm1wNBUCAsgBEgAoABgAGwKIB3VzZV9vaWwBMRJwcm9ncmVzc2l2ZV9yZWNpcGUBMRUAACaQ3pz4iPOoQBUCKAJDMywXQC1U_fO2RaIYEmRhc2hfYmFzZWxpbmVfMV92MREAdf4HZeadAQA&_nc_gid=VRYKpTH16Yr5i-BRgrxB9g&edm=AM6HXa8EAAAA&_nc_zt=28&oh=00_AQKIHYB70eqf5eqasAnpLjlFhjSminypwkvXfV8VF3N3LQ&oe=6A99E9DB,https://www.instagram.com/reel/Da3x4mmiA4o/,Da3x4mmiA4o,https://scontent-dfw6-1.cdninstagram.com/v/t51.71878-15/746319995_27599418066417866_1802905673301006189_n.jpg?stp=dst-jpg_e35_tt6&_nc_cat=103&ccb=7-5&_nc_sid=18de74&efg=eyJlZmdfdGFnIjoiQ0xJUFMuYmVzdF9pbWFnZV91cmxnZW4uQzMifQ%3D%3D&_nc_ohc=tyoON5r5NmIQ7kNvwEpEJeu&_nc_oc=Adpluj50kWxSrcE2LvuG7zaZWBw2RZ-pfnkcM4TW5EfasSxIBMFedrMWBHowvnYNONc&_nc_zt=23&_nc_ht=scontent-dfw6-1.cdninstagram.com&edm=AM6HXa8EAAAA&_nc_gid=VRYKpTH16Yr5i-BRgrxB9g&_nc_tpa=Q5bMBQLMgbgo48bVL9X0MNcwz83Rdl8iVl7EQB6hkNw8ltCLP-ffhHxnFlrLZOibNbyOp5OvEFRc6uJT&oh=00_AQJJoXnX3CWS8X9da1v0VkZQnch68OAA9BSJmYxG-RbGhg&oe=6A9DD52C,16 Jul 2026 11:07:04,qpaypro,REELS
17841443997027489,18421969078181463,"Todo tu negocio, en una sola pantalla. ?✨
Con QPay Pro, crear y gestionar tu tienda en línea es así de simple.
? www.qpaypro.com",Yes,0,2,IMAGE,https://scontent-dfw6-1.cdninstagram.com/v/t51.82787-15/747718661_18104212928466568_5762586094999347693_n.jpg?stp=dst-jpg_e35_tt6&_nc_cat=102&ccb=7-5&_nc_sid=18de74&efg=eyJlZmdfdGFnIjoiRkVFRC5iZXN0X2ltYWdlX3VybGdlbi5DMyJ9&_nc_ohc=QrIzP0rbwNsQ7kNvwHGoX4A&_nc_oc=AdrWJXBwsE4n_ewsR8vhAVR4pEhiBtq2qYpYKT_ZqgnSUI_8ACI0xc7ktmgMnrBJeC4&_nc_zt=23&_nc_ht=scontent-dfw6-1.cdninstagram.com&edm=AM6HXa8EAAAA&_nc_gid=VRYKpTH16Yr5i-BRgrxB9g&oh=00_AQLuZv1YS8XV2ii0mIwG03HaewC0MjXNIMeJ1EOEgJHGug&oe=6A9DEC10,https://www.instagram.com/p/Da1TYTzHxJm/,Da1TYTzHxJm,,16 Jul 2026 12:02:08,qpaypro,FEED
17841443997027489,17978396120888349,"Tu tienda abierta mientras duermes, mientras desayunas y mientras trabajas en otra cosa. Así viven nuestros clientes con su tienda en línea en QPayPro. La tuya puede estar lista hoy.",Yes,0,3,VIDEO,https://scontent-dfw5-2.cdninstagram.com/o1/v/t2/f2/m86/AQP6laIsZRcoQGk6dCWElMKi95I8PM2CQfC5g2EGHT9RL7ZsImiw2Cm6hNt6G1hR_Ecxns18lWVpRjxvmMhvBZV_5wbWfvxuTNARskg.mp4?_nc_cat=104&_nc_sid=5e9851&_nc_ht=scontent-dfw5-2.cdninstagram.com&_nc_ohc=7CmV7KP8ExgQ7kNvwHIH33L&efg=eyJ2ZW5jb2RlX3RhZyI6Inhwdl9wcm9ncmVzc2l2ZS5JTlNUQUdSQU0uQ0xJUFMuQzMuNTc2LmRhc2hfYmFzZWxpbmVfMV92MSIsInhwdl9hc3NldF9pZCI6MTgxMDQwNDk5NDc0NjY1NjgsImFzc2V0X2FnZV9kYXlzIjo0OSwidmlfdXNlY2FzZV9pZCI6MTAwOTksImR1cmF0aW9uX3MiOjEwLCJ1cmxnZW5fc291cmNlIjoid3d3In0%3D&ccb=17-1&vs=8ce6b16b40f64723&_nc_vs=HBksFQIYUmlnX3hwdl9yZWVsc19wZXJtYW5lbnRfc3JfcHJvZC8zMDQ2MjY0Mzc5NTMyNDJBOTA1MkVEQTU4QTVDQkU4N192aWRlb19kYXNoaW5pdC5tcDQVAALIARIAFQIYUWlnX3hwdl9wbGFjZW1lbnRfcGVybWFuZW50X3YyLzc0NDgzN0YzN0I4MEZEMTE0MzA4NDAyNkQzNThEN0I1X2F1ZGlvX2Rhc2hpbml0Lm1wNBUCAsgBEgAoABgAGwKIB3VzZV9vaWwBMRJwcm9ncmVzc2l2ZV9yZWNpcGUBMRUAACaQ7eqhs-KoQBUCKAJDMywXQCQhysCDEm8YEmRhc2hfYmFzZWxpbmVfMV92MREAdf4HZeadAQA&_nc_gid=VRYKpTH16Yr5i-BRgrxB9g&edm=AM6HXa8EAAAA&_nc_zt=28&oh=00_AQLiFd754WEzwwk9UdQC1Lb8FmAnVDpcl4Jl4WE2jZ8AsA&oe=6A99EFE1,https://www.instagram.com/reel/DayE0J_lAT4/,DayE0J_lAT4,https://scontent-dfw6-2.cdninstagram.com/v/t51.71878-15/747988534_925003233980908_4318696602453596139_n.jpg?stp=dst-jpg_e35_tt6&_nc_cat=108&ccb=7-5&_nc_sid=18de74&efg=eyJlZmdfdGFnIjoiQ0xJUFMuYmVzdF9pbWFnZV91cmxnZW4uQzMifQ%3D%3D&_nc_ohc=bWz-JiT1vecQ7kNvwFBA08S&_nc_oc=AdpGY8rHrmJRph7YKYwo3nnI9htNiLMgeOiHjZTXMBIWOJI91iQjZkZqXcc2b-IuKpo&_nc_zt=23&_nc_ht=scontent-dfw6-2.cdninstagram.com&edm=AM6HXa8EAAAA&_nc_gid=VRYKpTH16Yr5i-BRgrxB9g&_nc_tpa=Q5bMBQJCegXYj6yepvVicWFsLHK0vSMlBjSNdzqT1wd_lxyMX2yvuFstbm5b44faZZ0OUiKx8uS3leOM&oh=00_AQLUsHfCgVeoLFB3DKbgUk66J0Tuudx83kZAlhOKM15WOg&oe=6A9DE6A1,14 Jul 2026 05:57:03,qpaypro,REELS
17841443997027489,17964474798134751,"Tu negocio no tiene límites. Tu tienda tampoco debería. ?
Crea tu tienda en línea con QPayPro y vende mientras duermes, viajas o atiendes a otro cliente.
? www.qpaypro.com",Yes,1,2,CAROUSEL_ALBUM,https://scontent-dfw6-1.cdninstagram.com/v/t51.82787-15/747643243_18103925492466568_687304326515960525_n.jpg?stp=dst-jpg_e35_tt6&_nc_cat=103&ccb=7-5&_nc_sid=18de74&efg=eyJlZmdfdGFnIjoiQ0FST1VTRUxfSVRFTS5iZXN0X2ltYWdlX3VybGdlbi5DMyJ9&_nc_ohc=2w-h0p-wxDsQ7kNvwFL61hJ&_nc_oc=AdpLsuT04JjnLAHdP5pL09t_rxrrhFJv2J4zcRXBhpKotTclRx-RnjU_1yE_Sf9ZnyQ&_nc_zt=23&_nc_ht=scontent-dfw6-1.cdninstagram.com&edm=AM6HXa8EAAAA&_nc_gid=VRYKpTH16Yr5i-BRgrxB9g&oh=00_AQIGJg2wTpd8En-hIIlqDWKLJuR_T6PROxpnna-pApqx3g&oe=6A9DDCE4,https://www.instagram.com/p/DawJz2rlAal/,DawJz2rlAal,,14 Jul 2026 12:00:43,qpaypro,FEED
17841443997027489,17925864852148190,"Un mensaje. Un link. Una venta cerrada. ??
Cobra por WhatsApp, Instagram o donde estén tus clientes. Sin esperar transferencias, sin perder ventas. ? www.qpaypro.com",Yes,1,2,IMAGE,https://scontent-dfw6-1.cdninstagram.com/v/t51.82787-15/731202252_18103529219466568_3559700369374061330_n.jpg?stp=dst-jpg_e35_tt6&_nc_cat=103&ccb=7-5&_nc_sid=18de74&efg=eyJlZmdfdGFnIjoiRkVFRC5iZXN0X2ltYWdlX3VybGdlbi5DMyJ9&_nc_ohc=eSNIaADfMggQ7kNvwGelPrA&_nc_oc=AdpmcVbuLNg2MIxVPlJkB4nQS10j-KBIFTqghdfZ_SJEeD1E7y1LMoBXzs6UM57Extk&_nc_zt=23&_nc_ht=scontent-dfw6-1.cdninstagram.com&edm=AM6HXa8EAAAA&_nc_gid=VRYKpTH16Yr5i-BRgrxB9g&oh=00_AQLdEmobW2bHn5Kie7s_1pLkqZPVqDGrU8tD_ZEswhHyDg&oe=6A9DD699,https://www.instagram.com/p/DaofLjaEbfF/,DaofLjaEbfF,,11 Jul 2026 12:35:06,qpaypro,FEED
17841443997027489,18597213292032019,"Cobra por Instagram, WhatsApp, correo o donde quieras ? Solo creas tu link, lo compartes y listo. Ya contamos con miles de negocios en Guatemala que dejaron de cobrar en efectivo gracias a esto.",Yes,1,8,VIDEO,https://scontent-dfw6-2.cdninstagram.com/o1/v/t2/f2/m86/AQNdRlL69TWhHKj7xPPmyWlgkTgoNgCkXJAbQWRuhFzsJAF378tEalF8Z4iujw8aSpHMqw5yty7AzvFq1vn3QZgMCEM7Z5HpVHU3KoE.mp4?_nc_cat=110&_nc_sid=5e9851&_nc_ht=scontent-dfw6-2.cdninstagram.com&_nc_ohc=qDfYGDwDCRoQ7kNvwFLJcf-&efg=eyJ2ZW5jb2RlX3RhZyI6Inhwdl9wcm9ncmVzc2l2ZS5JTlNUQUdSQU0uQ0xJUFMuQzMuNTc2LmRhc2hfYmFzZWxpbmVfMV92MSIsInhwdl9hc3NldF9pZCI6MTgxMDMzNzc5NTk0NjY1NjgsImFzc2V0X2FnZV9kYXlzIjo1NCwidmlfdXNlY2FzZV9pZCI6MTAwOTksImR1cmF0aW9uX3MiOjc1LCJ1cmxnZW5fc291cmNlIjoid3d3In0%3D&ccb=17-1&vs=66eb95403e7799a2&_nc_vs=HBksFQIYUmlnX3hwdl9yZWVsc19wZXJtYW5lbnRfc3JfcHJvZC8yMzRBMTJEODAwNzc0NjJGQjVCQjJGQ0M5M0Y1NERBQl92aWRlb19kYXNoaW5pdC5tcDQVAALIARIAFQIYUWlnX3hwdl9wbGFjZW1lbnRfcGVybWFuZW50X3YyLzI4NEUzODkzNjQ1NjU1NTFDODU5NjkyNUFGQTFDRDlEX2F1ZGlvX2Rhc2hpbml0Lm1wNBUCAsgBEgAoABgAGwKIB3VzZV9vaWwBMRJwcm9ncmVzc2l2ZV9yZWNpcGUBMRUAACaQ2ZHIpLuoQBUCKAJDMywXQFLAAAAAAAAYEmRhc2hfYmFzZWxpbmVfMV92MREAdf4HZeadAQA&_nc_gid=VRYKpTH16Yr5i-BRgrxB9g&edm=AM6HXa8EAAAA&_nc_zt=28&oh=00_AQKsk-1RuVRSgI8aqHWUVfY-jBFh7zp1pXvHwYd1pm3Ctg&oe=6A99D7F7,https://www.instagram.com/reel/DalF-kyCAlT/,DalF-kyCAlT,https://scontent-dfw5-1.cdninstagram.com/v/t51.71878-15/736544770_1733617757650619_841126008434358663_n.jpg?stp=dst-jpg_e35_tt6&_nc_cat=106&ccb=7-5&_nc_sid=18de74&efg=eyJlZmdfdGFnIjoiQ0xJUFMuYmVzdF9pbWFnZV91cmxnZW4uQzMifQ%3D%3D&_nc_ohc=HmrLUo5u5A0Q7kNvwFnDk2v&_nc_oc=AdqpjJzMQuZKrCSmCnj4qugS_dF5LxHG2RSZVFamaQi91cHtee2ZykSTDVMw1ccRDaY&_nc_zt=23&_nc_ht=scontent-dfw5-1.cdninstagram.com&edm=AM6HXa8EAAAA&_nc_gid=VRYKpTH16Yr5i-BRgrxB9g&_nc_tpa=Q5bMBQIXdl01Nfs6dO-68xBNjZrPm1xR6yjePU2eFhcU20oJ5thmfUdypN-Hel8Sy3z0rojEnN-edm5J&oh=00_AQKLmD9IHNB5MlkFC8uu14kRmhiTp8RUzrkErPLC4mqE3g&oe=6A9DDF9A,09 Jul 2026 04:57:05,qpaypro,REELS
17841443997027489,18537853729079831,"¿Sigues persiguiendo capturas de transferencia? ?‍?
Mejor envía un link y deja que el pago llegue solo. 
? www.qpaypro.com",Yes,0,3,CAROUSEL_ALBUM,https://scontent-dfw5-2.cdninstagram.com/v/t51.82787-15/742558758_18103289837466568_9045103536763554663_n.jpg?stp=dst-jpg_e35_tt6&_nc_cat=107&ccb=7-5&_nc_sid=18de74&efg=eyJlZmdfdGFnIjoiQ0FST1VTRUxfSVRFTS5iZXN0X2ltYWdlX3VybGdlbi5DMyJ9&_nc_ohc=P1f-Ru9jgGgQ7kNvwGi1QCC&_nc_oc=AdpyLWmK3qbgrgtpZndSO1ftHJp52xGPuJZ7YWAj2tiQUg_5ZQVFZ_BoSIwUKjDUclw&_nc_zt=23&_nc_ht=scontent-dfw5-2.cdninstagram.com&edm=AM6HXa8EAAAA&_nc_gid=VRYKpTH16Yr5i-BRgrxB9g&oh=00_AQJT2Usn3TyacXZ8bkdLwNuwJdtnXpli3DfBp3VmCy6o-Q&oe=6A9DD1C3,https://www.instagram.com/p/DajOhwVn_6O/,DajOhwVn_6O,,08 Jul 2026 11:33:22,qpaypro,FEED
17841443997027489,18094461299627728,"Olvídate de los ""te hago la transferencia ahorita"" que nunca llegan ? Con QPayPro envías un link de pago y tu cliente paga con tarjeta en segundos. Nuestros clientes ya cobran así todos los días.",Yes,0,3,VIDEO,https://scontent-dfw6-1.cdninstagram.com/o1/v/t2/f2/m86/AQP8dZ84zZOI-nxs-Ll779Iyg_Opo7qhVXK855yEkcTG6vaUNbS3rhib2mTTQw4cYqL3bzjOyCmpbRPjdpljOtNAxcodsrmmIoZBrqU.mp4?_nc_cat=102&_nc_sid=5e9851&_nc_ht=scontent-dfw6-1.cdninstagram.com&_nc_ohc=5r21261KZIEQ7kNvwGmZZqU&efg=eyJ2ZW5jb2RlX3RhZyI6Inhwdl9wcm9ncmVzc2l2ZS5JTlNUQUdSQU0uQ0xJUFMuQzMuNTc2LmRhc2hfYmFzZWxpbmVfMV92MSIsInhwdl9hc3NldF9pZCI6MTgxMDMxNzAwMjk0NjY1NjgsImFzc2V0X2FnZV9kYXlzIjo1NiwidmlfdXNlY2FzZV9pZCI6MTAwOTksImR1cmF0aW9uX3MiOjM0LCJ1cmxnZW5fc291cmNlIjoid3d3In0%3D&ccb=17-1&vs=2da77245496e456c&_nc_vs=HBksFQIYUmlnX3hwdl9yZWVsc19wZXJtYW5lbnRfc3JfcHJvZC8wNjQzMDA3MUNGRDZFRDk5OUQ0QkFEMUNDNTVDMzRCQ192aWRlb19kYXNoaW5pdC5tcDQVAALIARIAFQIYUWlnX3hwdl9wbGFjZW1lbnRfcGVybWFuZW50X3YyLzBENEI2MzJBNEU5QkM4QjhCRjU0QkJBM0MzRUE0RUIxX2F1ZGlvX2Rhc2hpbml0Lm1wNBUCAsgBEgAoABgAGwKIB3VzZV9vaWwBMRJwcm9ncmVzc2l2ZV9yZWNpcGUBMRUAACaQz9Gul6-oQBUCKAJDMywXQEEd0vGp--cYEmRhc2hfYmFzZWxpbmVfMV92MREAdf4HZeadAQA&_nc_gid=VRYKpTH16Yr5i-BRgrxB9g&edm=AM6HXa8EAAAA&_nc_zt=28&oh=00_AQLkQS_XjTPMkkSY6UD2iui4kqwbimo4p7o-b4cL6gpROg&oe=6A99DA6F,https://www.instagram.com/reel/DagplyLkRF-/,DagplyLkRF-,https://scontent-dfw6-2.cdninstagram.com/v/t51.71878-15/732891647_2209952773115274_7246917563737390943_n.jpg?stp=dst-jpg_e35_tt6&_nc_cat=109&ccb=7-5&_nc_sid=18de74&efg=eyJlZmdfdGFnIjoiQ0xJUFMuYmVzdF9pbWFnZV91cmxnZW4uQzMifQ%3D%3D&_nc_ohc=_RJp_x0BPusQ7kNvwEJGLQS&_nc_oc=AdrgGcZ3Ojg62eyXMBFYmdtKkaYlx-Rm31WfzvdgyRi-dCI-axTq4RtuVpdkjtbwhp8&_nc_zt=23&_nc_ht=scontent-dfw6-2.cdninstagram.com&edm=AM6HXa8EAAAA&_nc_gid=VRYKpTH16Yr5i-BRgrxB9g&_nc_tpa=Q5bMBQLbi1HZa4_lJEdV7TV3l9zELyj0GZUk6z6C5MUa3vJDfEs8vXZJWwMK0WbA7tX66EAgZKB8jJRF&oh=00_AQKLQM87EuBkuDzryzQoYB7KT0R1xNOKV_paXj3HI7X5nQ&oe=6A9DD608,07 Jul 2026 11:32:05,qpaypro,REELS
17841443997027489,18080378096241194,"Muestra el código. Recibe el pago. Así de simple. ⚡
Con QPay Pro, tu QR es tu caja registradora. Llévalo a donde vaya tu negocio. 
? www.qpaypro.com",Yes,0,3,IMAGE,https://scontent-dfw6-2.cdninstagram.com/v/t51.82787-15/735160345_18102757838466568_4273520866346659417_n.jpg?stp=dst-jpg_e35_tt6&_nc_cat=110&ccb=7-5&_nc_sid=18de74&efg=eyJlZmdfdGFnIjoiRkVFRC5iZXN0X2ltYWdlX3VybGdlbi5DMyJ9&_nc_ohc=hWssTpfBVyAQ7kNvwHsIZrh&_nc_oc=AdqMIHermTXFw5mgLog0fLZ3IxIF2s7X7yefvXzxAMKvW8pJk2OdiVgOxTbaHrIi3Xg&_nc_zt=23&_nc_ht=scontent-dfw6-2.cdninstagram.com&edm=AM6HXa8EAAAA&_nc_gid=VRYKpTH16Yr5i-BRgrxB9g&oh=00_AQKFIvI-CbahwjCRCOMfDXY1kXsX8hi5gftENOGWIshbng&oe=6A9DD103,https://www.instagram.com/p/DaYOkc_iYwW/,DaYOkc_iYwW,,04 Jul 2026 05:00:06,qpaypro,FEED
17841443997027489,18135209884604109,"Ponlo en tu mostrador, en tu menú o en tu stand de feria. Tus clientes escanean el QR y pagan con tarjeta en segundos. Nuestros clientes ya lo usan y sus filas vuelan.",Yes,0,5,VIDEO,https://scontent-dfw5-1.cdninstagram.com/o1/v/t2/f2/m86/AQOscWpETSTpOZjsBbN7SyshF4zmz3bmKFfcjE5efUbKQeuXqyxpAFDyFWWYeRYVhElqOamUCV9jqkAlfsUVaA54v3ms9s8uqmDz8B0.mp4?_nc_cat=111&_nc_sid=5e9851&_nc_ht=scontent-dfw5-1.cdninstagram.com&_nc_ohc=6JNYjOaNwoYQ7kNvwGK6u0f&efg=eyJ2ZW5jb2RlX3RhZyI6Inhwdl9wcm9ncmVzc2l2ZS5JTlNUQUdSQU0uQ0xJUFMuQzMuNTc2LmRhc2hfYmFzZWxpbmVfMV92MSIsInhwdl9hc3NldF9pZCI6MTgxMDI2MzA5OTI0NjY1NjgsImFzc2V0X2FnZV9kYXlzIjo2MCwidmlfdXNlY2FzZV9pZCI6MTAwOTksImR1cmF0aW9uX3MiOjIyLCJ1cmxnZW5fc291cmNlIjoid3d3In0%3D&ccb=17-1&vs=e32f149ca693c727&_nc_vs=HBksFQIYUmlnX3hwdl9yZWVsc19wZXJtYW5lbnRfc3JfcHJvZC9ENzQzRjlCMTk3MTg1RkRBQ0ZBNTlFN0Q3MzA5MEU4Ql92aWRlb19kYXNoaW5pdC5tcDQVAALIARIAFQIYUWlnX3hwdl9wbGFjZW1lbnRfcGVybWFuZW50X3YyLzQxNEIxQkQwMEMwNzI1OUVFMjYyNEQzRUYwRThGMkE2X2F1ZGlvX2Rhc2hpbml0Lm1wNBUCAsgBEgAoABgAGwKIB3VzZV9vaWwBMRJwcm9ncmVzc2l2ZV9yZWNpcGUBMRUAACaQyvKc54-oQBUCKAJDMywXQDZu2RaHKwIYEmRhc2hfYmFzZWxpbmVfMV92MREAdf4HZeadAQA&_nc_gid=VRYKpTH16Yr5i-BRgrxB9g&edm=AM6HXa8EAAAA&_nc_zt=28&oh=00_AQJmolLzSWyxxA6AzqfLODbNKWPozRfBbve6h5GAdUCs-A&oe=6A99EBDC,https://www.instagram.com/reel/DaVotdQFtS-/,DaVotdQFtS-,https://scontent-dfw6-1.cdninstagram.com/v/t51.71878-15/730949153_1018296683913701_4071255456454377637_n.jpg?stp=dst-jpg_e35_tt6&_nc_cat=102&ccb=7-5&_nc_sid=18de74&efg=eyJlZmdfdGFnIjoiQ0xJUFMuYmVzdF9pbWFnZV91cmxnZW4uQzMifQ%3D%3D&_nc_ohc=fu8RzG-QMGIQ7kNvwHQFLAQ&_nc_oc=AdpSHqGuiA_IdPwJQV8Q3SqMJiizpsnufITJV8cBLhWIwPkNfSkQcRSbYxG0HjfBOQs&_nc_zt=23&_nc_ht=scontent-dfw6-1.cdninstagram.com&edm=AM6HXa8EAAAA&_nc_gid=VRYKpTH16Yr5i-BRgrxB9g&_nc_tpa=Q5bMBQJBNhmvzolk86YwIiLCxWE_V5FqkxhU7DehF2XCNb0KVTF_3Vzg9SETsjUeNFfhDLrrkXkYlo3k&oh=00_AQIO8VMIJ0ZwlE9cyCC2wZBsuiHXWIsvSzH4zFVyJlgVJA&oe=6A9DD2A3,03 Jul 2026 04:52:07,qpaypro,REELS
17841443997027489,18093457550524564,"Tu cliente ya tiene el celular en la mano. Solo falta que tú tengas el QR. ?
Genera tu código QR con QPay Pro y empieza a cobrar en segundos: sin enredos, sin excusas.
? www.qpaypro.com",Yes,0,3,CAROUSEL_ALBUM,https://scontent-dfw5-1.cdninstagram.com/v/t51.82787-15/732477350_18102542468466568_7157962429328925572_n.jpg?stp=dst-jpg_e35_tt6&_nc_cat=105&ccb=7-5&_nc_sid=18de74&efg=eyJlZmdfdGFnIjoiQ0FST1VTRUxfSVRFTS5iZXN0X2ltYWdlX3VybGdlbi5DMyJ9&_nc_ohc=yvTbDlqrTlsQ7kNvwGFtiWM&_nc_oc=AdrHMXqTvxbkfWP_f1g_8OQYvlCz2k1JijW3gobN0bdiYr2fY4xz_YdfYcJwVvFX4y0&_nc_zt=23&_nc_ht=scontent-dfw5-1.cdninstagram.com&edm=AM6HXa8EAAAA&_nc_gid=VRYKpTH16Yr5i-BRgrxB9g&oh=00_AQI7dpdyIyr-X3sMpve3-Ob4jgBuO0wm7nQHv9Xj5c87QA&oe=6A9DCB26,https://www.instagram.com/p/DaTu5yrE1rX/,DaTu5yrE1rX,,02 Jul 2026 11:06:25,qpaypro,FEED
17841443997027489,17983673997001805,"¿Sabías que puedes conectar Qpaypro a tu tienda sin saber programar? ? Ya contamos con plugins listos para instalar en las plataformas más populares del mercado. Más ventas, menos complicaciones.",Yes,0,6,VIDEO,https://scontent-dfw5-1.cdninstagram.com/o1/v/t2/f2/m86/AQPxHfyi8JhbDeFG7cd-OCfhASGQd10gUHqiJiLeMptMGU7l0vfRKFBlzzlEbuGHfmN-VqBtvf6LTH4-ntS-RShcf-UvNjzr7ypLD_Y.mp4?_nc_cat=111&_nc_sid=5e9851&_nc_ht=scontent-dfw5-1.cdninstagram.com&_nc_ohc=AzSp169RZmIQ7kNvwEtNFTB&efg=eyJ2ZW5jb2RlX3RhZyI6Inhwdl9wcm9ncmVzc2l2ZS5JTlNUQUdSQU0uQ0xJUFMuQzMuNTc2LmRhc2hfYmFzZWxpbmVfMV92MSIsInhwdl9hc3NldF9pZCI6MTgxMDI0MjY1ODE0NjY1NjgsImFzc2V0X2FnZV9kYXlzIjo2MiwidmlfdXNlY2FzZV9pZCI6MTAwOTksImR1cmF0aW9uX3MiOjEwLCJ1cmxnZW5fc291cmNlIjoid3d3In0%3D&ccb=17-1&vs=8bd86cd708f534a&_nc_vs=HBksFQIYUmlnX3hwdl9yZWVsc19wZXJtYW5lbnRfc3JfcHJvZC9EOTRGRkVERDMyQjkyQjk3NThEMzlDMTY0ODAyRTZBNF92aWRlb19kYXNoaW5pdC5tcDQVAALIARIAFQIYUWlnX3hwdl9wbGFjZW1lbnRfcGVybWFuZW50X3YyLzIwNDI3Mzc1QURBOEUyMEFCQkIxMEM3NkY1NzM3M0EwX2F1ZGlvX2Rhc2hpbml0Lm1wNBUCAsgBEgAoABgAGwKIB3VzZV9vaWwBMRJwcm9ncmVzc2l2ZV9yZWNpcGUBMRUAACaQ96-f9IOoQBUCKAJDMywXQCQhysCDEm8YEmRhc2hfYmFzZWxpbmVfMV92MREAdf4HZeadAQA&_nc_gid=VRYKpTH16Yr5i-BRgrxB9g&edm=AM6HXa8EAAAA&_nc_zt=28&oh=00_AQK5bchCQcHadkEI9qdR_7-_KgFtzvXYGGv9MoyEU16cDg&oe=6A99D238,https://www.instagram.com/reel/DaRM0dSACFT/,DaRM0dSACFT,https://scontent-dfw6-1.cdninstagram.com/v/t51.71878-15/728797546_1766314871479263_3799150845644449640_n.jpg?stp=dst-jpg_e35_tt6&_nc_cat=102&ccb=7-5&_nc_sid=18de74&efg=eyJlZmdfdGFnIjoiQ0xJUFMuYmVzdF9pbWFnZV91cmxnZW4uQzMifQ%3D%3D&_nc_ohc=qzlTez_8avsQ7kNvwGzE7BL&_nc_oc=AdoCtokdeB_9ALx54Jwm-fqZLUl9rXcG4vpTlpkJ2YJohdi0s5iw5iTe25AxRjM8biw&_nc_zt=23&_nc_ht=scontent-dfw6-1.cdninstagram.com&edm=AM6HXa8EAAAA&_nc_gid=VRYKpTH16Yr5i-BRgrxB9g&_nc_tpa=Q5bMBQK8mKwkRB8omWJGbp_7cetrponftO-aqyiAk12CzOOvsPe_xYOOTqV6iMKvFjTuAPaezklx9SFg&oh=00_AQKUS99a77YOYVfE0na7JXxP_LvXFBSq004Z4TQQmnvsvA&oe=6A9DE1F8,01 Jul 2026 11:32:05,qpaypro,REELS
17841443997027489,18132109189611517,"Tener una tienda en Shopify o WooCommerce y no cobrar bien es como tener un Ferrari sin gasolina. ⚡
? www.qpaypro.com",Yes,0,1,CAROUSEL_ALBUM,https://scontent-dfw5-2.cdninstagram.com/v/t51.82787-15/732535609_18102306140466568_2668291790819413853_n.jpg?stp=dst-jpg_e35_tt6&_nc_cat=107&ccb=7-5&_nc_sid=18de74&efg=eyJlZmdfdGFnIjoiQ0FST1VTRUxfSVRFTS5iZXN0X2ltYWdlX3VybGdlbi5DMyJ9&_nc_ohc=nepx03lbfwEQ7kNvwHGUD1x&_nc_oc=Adp5Su1YdpcW1y9uAWJKQqSiez45rNDQ2m_nwcBMCg9-UlLjvVQhC31zO6KVgzPtAwE&_nc_zt=23&_nc_ht=scontent-dfw5-2.cdninstagram.com&edm=AM6HXa8EAAAA&_nc_gid=VRYKpTH16Yr5i-BRgrxB9g&oh=00_AQIUSH5KT_I8vvXa0gr4UnFUUc5PQ26OlVkUd2nffG0fVw&oe=6A9DF74E,https://www.instagram.com/p/DaOoCz-FhBl/,DaOoCz-FhBl,,30 Jun 2026 11:30:16,qpaypro,FEED
17841443997027489,18152565094490366,"Cobra con tarjeta en Shopify en 3 simples pasos
#shopify #integracion #ventas",Yes,0,3,VIDEO,https://scontent-dfw6-1.cdninstagram.com/o1/v/t2/f2/m86/AQNdzUAg_3wfsIcg8guH40ooBWABp5LynkItYkEGSliHELWyGhESEQXiZk3sGiTagj2qt6Ely7cI8BJo_TxxbwRMReWAYMuVKBBf0rE.mp4?_nc_cat=102&_nc_sid=5e9851&_nc_ht=scontent-dfw6-1.cdninstagram.com&_nc_ohc=D7tWPMtAEtUQ7kNvwFs-e02&efg=eyJ2ZW5jb2RlX3RhZyI6Inhwdl9wcm9ncmVzc2l2ZS5JTlNUQUdSQU0uQ0xJUFMuQzMuNTc2LmRhc2hfYmFzZWxpbmVfMV92MSIsInhwdl9hc3NldF9pZCI6MTgxMDE5MDczNTk0NjY1NjgsImFzc2V0X2FnZV9kYXlzIjo2NiwidmlfdXNlY2FzZV9pZCI6MTAwOTksImR1cmF0aW9uX3MiOjQwLCJ1cmxnZW5fc291cmNlIjoid3d3In0%3D&ccb=17-1&vs=6baa2f65141a7795&_nc_vs=HBksFQIYUmlnX3hwdl9yZWVsc19wZXJtYW5lbnRfc3JfcHJvZC9DRTQ4N0ZGNUExMTg1RUFBODlGOTEzMDI3NDBBMjk4Q192aWRlb19kYXNoaW5pdC5tcDQVAALIARIAFQIYUWlnX3hwdl9wbGFjZW1lbnRfcGVybWFuZW50X3YyLzNENDU0NEI1QUNDREQwQTgwQkZEQzI0MjkzMzM1QjhEX2F1ZGlvX2Rhc2hpbml0Lm1wNBUCAsgBEgAoABgAGwKIB3VzZV9vaWwBMRJwcm9ncmVzc2l2ZV9yZWNpcGUBMRUAACaQkdje1-WnQBUCKAJDMywXQEQiDEm6XjUYEmRhc2hfYmFzZWxpbmVfMV92MREAdf4HZeadAQA&_nc_gid=VRYKpTH16Yr5i-BRgrxB9g&edm=AM6HXa8EAAAA&_nc_zt=28&oh=00_AQJFMC-vdIdFNfVFFqBue9H27Qs2fUkgp4NbGTHO8YB-9A&oe=6A99E313,https://www.instagram.com/reel/DaG3aCTEZ-1/,DaG3aCTEZ-1,https://scontent-dfw5-2.cdninstagram.com/v/t51.71878-15/723161867_1694253168459262_9105970587201506963_n.jpg?stp=dst-jpg_e35_tt6&_nc_cat=107&ccb=7-5&_nc_sid=18de74&efg=eyJlZmdfdGFnIjoiQ0xJUFMuYmVzdF9pbWFnZV91cmxnZW4uQzMifQ%3D%3D&_nc_ohc=3Kltb_GaY8EQ7kNvwFyNTx7&_nc_oc=Ado-YWMY6m3JGcAWo6rjUKUhzLrMzsW0nWK75qWL7HRZOU-qhpan6zlA_jZp2qhH2zs&_nc_zt=23&_nc_ht=scontent-dfw5-2.cdninstagram.com&edm=AM6HXa8EAAAA&_nc_gid=VRYKpTH16Yr5i-BRgrxB9g&_nc_tpa=Q5bMBQKy_iVjAdDFiOeXGUN9Rv2c431VtnV-T2BAUoNjLBMHWpSQG3nik_vkQaAsc3s8EUyQTbWoRyjq&oh=00_AQLYuvuPoE_-EHZFxe3o2VxynmCsuesXwmSLlqV3xmMVgQ&oe=6A9DDDDB,27 Jun 2026 11:12:05,qpaypro,REELS
17841443997027489,18106814080960264,"Los negocios que escalan no tienen tiempo de perseguir pagos. ? Configura una vez y el sistema hace el resto. ??
? www.qpaypro.com",Yes,0,4,CAROUSEL_ALBUM,https://scontent-dfw5-1.cdninstagram.com/v/t51.82787-15/730173691_18101675111466568_2150683854807032460_n.jpg?stp=dst-jpg_e35_tt6&_nc_cat=111&ccb=7-5&_nc_sid=18de74&efg=eyJlZmdfdGFnIjoiQ0FST1VTRUxfSVRFTS5iZXN0X2ltYWdlX3VybGdlbi5DMyJ9&_nc_ohc=W2nNKKmk_i0Q7kNvwGzL2fz&_nc_oc=AdplVx_imvOplQ1XG2UcFZT8r99AgLp27c-kewYvVRzvaBwWvL285TSDa1U2ok93UeA&_nc_zt=23&_nc_ht=scontent-dfw5-1.cdninstagram.com&edm=AM6HXa8EAAAA&_nc_gid=VRYKpTH16Yr5i-BRgrxB9g&oh=00_AQLLqFzy7-E6ZaKd8vcHCVVobpVKTLPMbZePBY3jAdH1uw&oe=6A9DE47F,https://www.instagram.com/p/DaBzf2NlrMj/,DaBzf2NlrMj,,26 Jun 2026 12:02:14,qpaypro,FEED
17841443997027489,18146045464515430,"¿Alguna vez te preguntaste cómo Netflix cobra solo cada mes sin perseguir a nadie? ? Eso se llama cobro automático por suscripción, y tu negocio ya puede hacer lo mismo con QPayPro ?",Yes,0,6,VIDEO,https://scontent-dfw5-1.cdninstagram.com/o1/v/t2/f2/m86/AQNkHxElnhlqBjVweNr5xj-TZgYrJH-5rYeREfcRHoap1RIgmKHydqE9vTrHNdmNSOaTDNO-7tDpT8iBOyz-_y1MjCtDplCS-rT4Brc.mp4?_nc_cat=106&_nc_sid=5e9851&_nc_ht=scontent-dfw5-1.cdninstagram.com&_nc_ohc=8oaLAz7ozIMQ7kNvwGCMqp2&efg=eyJ2ZW5jb2RlX3RhZyI6Inhwdl9wcm9ncmVzc2l2ZS5JTlNUQUdSQU0uQ0xJUFMuQzMuNTc2LmRhc2hfYmFzZWxpbmVfMV92MSIsInhwdl9hc3NldF9pZCI6MTgxMDE1NDcyOTM0NjY1NjgsImFzc2V0X2FnZV9kYXlzIjo2OSwidmlfdXNlY2FzZV9pZCI6MTAwOTksImR1cmF0aW9uX3MiOjMxLCJ1cmxnZW5fc291cmNlIjoid3d3In0%3D&ccb=17-1&vs=42f7031bb176df9&_nc_vs=HBksFQIYUmlnX3hwdl9yZWVsc19wZXJtYW5lbnRfc3JfcHJvZC82QTQyMTM3RkExMUM0REUwM0RGRkVCNDAyQjNERjlBNl92aWRlb19kYXNoaW5pdC5tcDQVAALIARIAFQIYUWlnX3hwdl9wbGFjZW1lbnRfcGVybWFuZW50X3YyLzIyNDU0QUU0MTVCQTQ1MjdGRDZGQjhGRjA5QTM2M0JFX2F1ZGlvX2Rhc2hpbml0Lm1wNBUCAsgBEgAoABgAGwKIB3VzZV9vaWwBMRJwcm9ncmVzc2l2ZV9yZWNpcGUBMRUAACaQ__6E3dCnQBUCKAJDMywXQD-zMzMzMzMYEmRhc2hfYmFzZWxpbmVfMV92MREAdf4HZeadAQA&_nc_gid=VRYKpTH16Yr5i-BRgrxB9g&edm=AM6HXa8EAAAA&_nc_zt=28&oh=00_AQK5TNZP63W1SPasmRNJvWJEZR-V1DcZvfoiCD7YlMMUJQ&oe=6A99FCEF,https://www.instagram.com/reel/DZ_H0oREbd5/,DZ_H0oREbd5,https://scontent-dfw5-1.cdninstagram.com/v/t51.71878-15/729889444_1015617104342948_949626752362224686_n.jpg?stp=dst-jpg_e35_tt6&_nc_cat=111&ccb=7-5&_nc_sid=18de74&efg=eyJlZmdfdGFnIjoiQ0xJUFMuYmVzdF9pbWFnZV91cmxnZW4uQzMifQ%3D%3D&_nc_ohc=pViYibH3LCcQ7kNvwFa6LXg&_nc_oc=AdqpzuPmD4S7IjS9l7IT2QAGWjVEE8-8nW4n5dIds4_hpGSzSqTqBl6ruAweFPYtySs&_nc_zt=23&_nc_ht=scontent-dfw5-1.cdninstagram.com&edm=AM6HXa8EAAAA&_nc_gid=VRYKpTH16Yr5i-BRgrxB9g&_nc_tpa=Q5bMBQKwfrh31SCVmd6StjkuZz9Om_N2Xpca6YyqD1Z8ulrjzGwxNBXmWo_YQK0Wzq2VgtcshMup8rSZ&oh=00_AQI6FayRyIfSAKqKQjRZSBevU1t2UpvLUkmZvLVK849ABQ&oe=6A9DDB02,24 Jun 2026 11:02:05,qpaypro,REELS
17841443997027489,17915342292199964,"Nuestros clientes conectaron su propio dominio, subieron su catálogo y empezaron a vender en línea el mismo día ? Tú también puedes. Crea tu tienda con QPayPro",Yes,0,3,VIDEO,https://scontent-dfw6-2.cdninstagram.com/o1/v/t2/f2/m86/AQNAl-d_qaZcRUb4e7zsso2y5eEXSC-R0Z2W_T0yRxIK_FJ3tFYit2KVyxCZH0iXj5KVqRyzfk3rLXXm4hWW4J4Wex_1aQN7vU0PlkQ.mp4?_nc_cat=109&_nc_sid=5e9851&_nc_ht=scontent-dfw6-2.cdninstagram.com&_nc_ohc=MK2c2ZJpjq8Q7kNvwEJSolc&efg=eyJ2ZW5jb2RlX3RhZyI6Inhwdl9wcm9ncmVzc2l2ZS5JTlNUQUdSQU0uQ0xJUFMuQzMuNTc2LmRhc2hfYmFzZWxpbmVfMV92MSIsInhwdl9hc3NldF9pZCI6MTgxMDEzMTgxMTE0NjY1NjgsImFzc2V0X2FnZV9kYXlzIjo3MSwidmlfdXNlY2FzZV9pZCI6MTAwOTksImR1cmF0aW9uX3MiOjQ4LCJ1cmxnZW5fc291cmNlIjoid3d3In0%3D&ccb=17-1&vs=4e706f4d0f97f80e&_nc_vs=HBksFQIYUmlnX3hwdl9yZWVsc19wZXJtYW5lbnRfc3JfcHJvZC8zRTQzRERBRkJFNkQwMDE1ODNCRjk3MTI2MEVENUU4OV92aWRlb19kYXNoaW5pdC5tcDQVAALIARIAFQIYUWlnX3hwdl9wbGFjZW1lbnRfcGVybWFuZW50X3YyL0E3NDYwM0M1QjA0MTBEQzM1ODU2NjRGNDdENkNEQThDX2F1ZGlvX2Rhc2hpbml0Lm1wNBUCAsgBEgAoABgAGwKIB3VzZV9vaWwBMRJwcm9ncmVzc2l2ZV9yZWNpcGUBMRUAACaQ0YDAscOnQBUCKAJDMywXQEhAAAAAAAAYEmRhc2hfYmFzZWxpbmVfMV92MREAdf4HZeadAQA&_nc_gid=VRYKpTH16Yr5i-BRgrxB9g&edm=AM6HXa8EAAAA&_nc_zt=28&oh=00_AQKsmhidwFqPyOHrVnE1GYcrKFVZ8O2QFPwgVmpcpH9CNg&oe=6A99D59A,https://www.instagram.com/reel/DZ6C1EujyGS/,DZ6C1EujyGS,https://scontent-dfw5-2.cdninstagram.com/v/t51.71878-15/727641886_846479274906491_3520406582133714408_n.jpg?stp=dst-jpg_e35_tt6&_nc_cat=100&ccb=7-5&_nc_sid=18de74&efg=eyJlZmdfdGFnIjoiQ0xJUFMuYmVzdF9pbWFnZV91cmxnZW4uQzMifQ%3D%3D&_nc_ohc=Lqe_ZnL9nZMQ7kNvwEFFLab&_nc_oc=AdrUJkbq2qKJVQGePRVzSbc4c588eE3FBAav0jiuYLWyQRv8ccf5BP1-I60rj42YFRQ&_nc_zt=23&_nc_ht=scontent-dfw5-2.cdninstagram.com&edm=AM6HXa8EAAAA&_nc_gid=VRYKpTH16Yr5i-BRgrxB9g&_nc_tpa=Q5bMBQJphdTHDe2I4Qhez75e9rmduwujE-4A85KZJ6WBt4jOYb-fz3eoADx4B7DUDkqzALSMjTfFNF6a&oh=00_AQIe-rLEAbyrg2in0siV8n2bihtRkRKVkU62YloC04R6UA&oe=6A9DD9A8,22 Jun 2026 11:42:05,qpaypro,REELS
17841443997027489,17956356780150446,"Esa tensión de buscar la tarjeta, escribir los datos, esperar... ?‍? Ya no tiene que existir. Qoiin lo resuelve de una vez. ??
? www.qpaypro.com",Yes,0,3,IMAGE,https://scontent-dfw6-2.cdninstagram.com/v/t51.82787-15/728439327_18101191145466568_8465819934746261142_n.jpg?stp=dst-jpg_e35_tt6&_nc_cat=110&ccb=7-5&_nc_sid=18de74&efg=eyJlZmdfdGFnIjoiRkVFRC5iZXN0X2ltYWdlX3VybGdlbi5DMyJ9&_nc_ohc=FmIQMLFaQFkQ7kNvwFj4MCV&_nc_oc=Adrl6cHqT1645t-12BoRUKVcwhAXWjcdc4ubwVqxXMm0qAFikEsqPpGHlrH3nRAsmD8&_nc_zt=23&_nc_ht=scontent-dfw6-2.cdninstagram.com&edm=AM6HXa8EAAAA&_nc_gid=VRYKpTH16Yr5i-BRgrxB9g&oh=00_AQKGII1fHF8uJCI6uhbZV6cQU9zH8V9xRe1TzTXSli63gw&oe=6A9DF5ED,https://www.instagram.com/p/DZ3IRUIl6ob/,DZ3IRUIl6ob,,21 Jun 2026 08:30:06,qpaypro,FEED
17841443997027489,18003680819943215,"Shopify, WooCommerce, VTEX, Prestashop, Ecwid... ya contamos con integraciones para las plataformas más populares del mercado ? Conecta QPayPro a tu tienda y empieza a cobrar con tarjeta hoy mismo. 
#shopify #woocommerce #pagos",Yes,0,7,VIDEO,https://scontent-dfw5-2.cdninstagram.com/o1/v/t2/f2/m86/AQNj-q8HXagf0IIIAXqCultVauzmuKu3AjI0YR8BVSXbM0vq0tl5LvlWCrzOZ8tQPKr4hlnv13yNtB9FwcbBtTbkwoOOlLWj-FbWfsU.mp4?_nc_cat=107&_nc_sid=5e9851&_nc_ht=scontent-dfw5-2.cdninstagram.com&_nc_ohc=ffn6Bu2nCHAQ7kNvwFcXXUV&efg=eyJ2ZW5jb2RlX3RhZyI6Inhwdl9wcm9ncmVzc2l2ZS5JTlNUQUdSQU0uQ0xJUFMuQzMuNzIwLmRhc2hfYmFzZWxpbmVfMV92MSIsInhwdl9hc3NldF9pZCI6MTgxMDEwNzU1ODI0NjY1NjgsImFzc2V0X2FnZV9kYXlzIjo3MywidmlfdXNlY2FzZV9pZCI6MTAwOTksImR1cmF0aW9uX3MiOjEyLCJ1cmxnZW5fc291cmNlIjoid3d3In0%3D&ccb=17-1&vs=36898a689f7525bf&_nc_vs=HBksFQIYUmlnX3hwdl9yZWVsc19wZXJtYW5lbnRfc3JfcHJvZC9GQzQ3MTRBMzA3MEQ0QjkxN0UxQzgxOTQ2QkRGNUM4NF92aWRlb19kYXNoaW5pdC5tcDQVAALIARIAFQIYUWlnX3hwdl9wbGFjZW1lbnRfcGVybWFuZW50X3YyL0Y4NDdDQUI3NkJBNkY3Q0MzNUE3NzkwOEY1Rjk5MUI4X2F1ZGlvX2Rhc2hpbml0Lm1wNBUCAsgBEgAoABgAGwKIB3VzZV9vaWwBMRJwcm9ncmVzc2l2ZV9yZWNpcGUBMRUAACaQ6KnCorWnQBUCKAJDMywXQCkhysCDEm8YEmRhc2hfYmFzZWxpbmVfMV92MREAdf4HZeadAQA&_nc_gid=VRYKpTH16Yr5i-BRgrxB9g&edm=AM6HXa8EAAAA&_nc_zt=28&oh=00_AQJlFvgDT_y3uqcx2wj94zGyhm8EI5_4rl4ZEUAeqOHejg&oe=6A99FAD0,https://www.instagram.com/reel/DZ07n61ktIH/,DZ07n61ktIH,https://scontent-dfw5-1.cdninstagram.com/v/t51.71878-15/726380878_1526300065603601_732981547713485618_n.jpg?stp=dst-jpg_e35_tt6&_nc_cat=105&ccb=7-5&_nc_sid=18de74&efg=eyJlZmdfdGFnIjoiQ0xJUFMuYmVzdF9pbWFnZV91cmxnZW4uQzMifQ%3D%3D&_nc_ohc=LECCKToczhIQ7kNvwGUp0pP&_nc_oc=AdqfLUd16FbUDrlYs6nVQ3zxdpkVb1Eo9DfTK-tAQSqYfvscG0Z36nGM_I_OLlZ4zFk&_nc_zt=23&_nc_ht=scontent-dfw5-1.cdninstagram.com&edm=AM6HXa8EAAAA&_nc_gid=VRYKpTH16Yr5i-BRgrxB9g&_nc_tpa=Q5bMBQJAamIwa-HTr26I7xTkfyBnW2yDqkZTEiPepkezvIVUrBHDqyaHDuu04GwWfNAoDwHNNoXUQOlj&oh=00_AQLwZcUe_QGbskAeTMxbxdZilJpBNk8Ejs0T3_cRTW0swA&oe=6A9DDB94,21 Jun 2026 12:03:04,qpaypro,REELS
17841443997027489,17972245845113477,"No tienes que empezar de cero ni cambiar lo que ya construiste. ? Qpaypro se conecta a lo que ya tienes. ?️?
? www.qpaypro.com",Yes,0,3,IMAGE,https://scontent-dfw6-2.cdninstagram.com/v/t51.82787-15/724402493_18100946195466568_5653695341536100060_n.jpg?stp=dst-jpg_e35_tt6&_nc_cat=110&ccb=7-5&_nc_sid=18de74&efg=eyJlZmdfdGFnIjoiRkVFRC5iZXN0X2ltYWdlX3VybGdlbi5DMyJ9&_nc_ohc=IuCcFNbaAIMQ7kNvwEkXRE7&_nc_oc=Adp80Yr2uEorewkzsEgeJsmY8409RJqGIRzOBZfiQWFGrvith14hjPJQkEeDC-i20r4&_nc_zt=23&_nc_ht=scontent-dfw6-2.cdninstagram.com&edm=AM6HXa8EAAAA&_nc_gid=VRYKpTH16Yr5i-BRgrxB9g&oh=00_AQJPEooEnHsjPPXTrL9CzAqLkvY-Jj6n47AR2Ssnv4yb3Q&oe=6A9DF034,https://www.instagram.com/p/DZyI-rpk9DR/,DZyI-rpk9DR,,19 Jun 2026 10:02:08,qpaypro,FEED
17841443997027489,18017102687849294,"Links de Pago, Tienda en Linea y toda una plataforma integrada ahora con nuestro POS en El Salvador ??",Yes,0,7,VIDEO,https://scontent-dfw6-1.cdninstagram.com/o1/v/t2/f2/m86/AQOnTa1edtw8n3hN6p6gDpZ4QirAw-zWWOWh6UL7HJr_YVwFd-QOn21_UoGeFWBth-zjadPEGDkO3TPrJwEZckrcr_D-6vnaP_d_T_o.mp4?_nc_cat=103&_nc_sid=5e9851&_nc_ht=scontent-dfw6-1.cdninstagram.com&_nc_ohc=Q0XSJRmzUCsQ7kNvwH1YFKm&efg=eyJ2ZW5jb2RlX3RhZyI6Inhwdl9wcm9ncmVzc2l2ZS5JTlNUQUdSQU0uQ0xJUFMuQzMuNTc2LmRhc2hfYmFzZWxpbmVfMV92MSIsInhwdl9hc3NldF9pZCI6MTgxMDA4MDY5MjA0NjY1NjgsImFzc2V0X2FnZV9kYXlzIjo3NSwidmlfdXNlY2FzZV9pZCI6MTAwOTksImR1cmF0aW9uX3MiOjEyLCJ1cmxnZW5fc291cmNlIjoid3d3In0%3D&ccb=17-1&vs=c4330cd69b071097&_nc_vs=HBksFQIYUmlnX3hwdl9yZWVsc19wZXJtYW5lbnRfc3JfcHJvZC9FQzRERTZCNzc4QjhDMjJDRUNGQkUxNUJGMjU3MjNBMl92aWRlb19kYXNoaW5pdC5tcDQVAALIARIAFQIYUWlnX3hwdl9wbGFjZW1lbnRfcGVybWFuZW50X3YyLzhBNDE4MTkzQUMzQkY3NDMwNTkyM0JGNzc1NkI5NDg1X2F1ZGlvX2Rhc2hpbml0Lm1wNBUCAsgBEgAoABgAGwKIB3VzZV9vaWwBMRJwcm9ncmVzc2l2ZV9yZWNpcGUBMRUAACaQwqPq0KWnQBUCKAJDMywXQClmZmZmZmYYEmRhc2hfYmFzZWxpbmVfMV92MREAdf4HZeadAQA&_nc_gid=VRYKpTH16Yr5i-BRgrxB9g&edm=AM6HXa8EAAAA&_nc_zt=28&oh=00_AQLm32pLEtlHNmT7cQgDvs3wk-TexsjuaaRaNFMR15CKKQ&oe=6A99DA9C,https://www.instagram.com/reel/DZvB3jCDWLj/,DZvB3jCDWLj,https://scontent-dfw6-1.cdninstagram.com/v/t51.71878-15/726620947_990764817121365_7203458846364161704_n.jpg?stp=dst-jpg_e35_tt6&_nc_cat=102&ccb=7-5&_nc_sid=18de74&efg=eyJlZmdfdGFnIjoiQ0xJUFMuYmVzdF9pbWFnZV91cmxnZW4uQzMifQ%3D%3D&_nc_ohc=pPd0OQZMGcIQ7kNvwHjYD88&_nc_oc=AdrSMrH77PKiFnqgHdye5yKA8H2DN09-sfo61hYu-_bQ24xFdvmuxOMSrIZ9BY-BXVg&_nc_zt=23&_nc_ht=scontent-dfw6-1.cdninstagram.com&edm=AM6HXa8EAAAA&_nc_gid=VRYKpTH16Yr5i-BRgrxB9g&_nc_tpa=Q5bMBQKpPRBp6-dgSrjf25rdmuPO2Gvdych3b_h5JsxwNlOIhunfTQfGAxCJJViSxOqxh-Vu_LQzSfC5&oh=00_AQKtMmMeGnmu8aoNEEmiq2ZnnFpUGpLxAwGfFeeulzT5NA&oe=6A9DE4E9,18 Jun 2026 05:02:09,qpaypro,REELS
17841443997027489,17891898621536662,"Imaginate despertar con pedidos nuevos sin haber hecho nada. ? Así se siente tener una tienda en línea que trabaja por ti. ??️
? www.qpaypro.com",Yes,0,6,CAROUSEL_ALBUM,https://scontent-dfw6-2.cdninstagram.com/v/t51.82787-15/726231313_18100714226466568_7157620152567789647_n.jpg?stp=dst-jpg_e35_tt6&_nc_cat=108&ccb=7-5&_nc_sid=18de74&efg=eyJlZmdfdGFnIjoiQ0FST1VTRUxfSVRFTS5iZXN0X2ltYWdlX3VybGdlbi5DMyJ9&_nc_ohc=xSftngl_d_0Q7kNvwE-ZhZY&_nc_oc=AdplsnypraHpP9TaK9mz6RnFDFLf8ET6c4wZly3dvdiNhegpvB5_ugyA7h-fKZh_T_g&_nc_zt=23&_nc_ht=scontent-dfw6-2.cdninstagram.com&edm=AM6HXa8EAAAA&_nc_gid=VRYKpTH16Yr5i-BRgrxB9g&oh=00_AQI4s_D7zx5YBb2xulif7HAPo4bimCb6OGezIFmwsawMaQ&oe=6A9DD711,https://www.instagram.com/p/DZtC2W8n2b9/,DZtC2W8n2b9,,17 Jun 2026 10:32:24,qpaypro,FEED
17841443997027489,18156770101466853,"Les deseamos a toda esos padres, que luchan cada día por sus sueños y las de sus familias ? #FelizDiaDelPadre ??",Yes,0,3,IMAGE,https://scontent-dfw6-1.cdninstagram.com/v/t51.82787-15/726564427_18100712240466568_7628773299246363725_n.jpg?stp=dst-jpg_e35_tt6&_nc_cat=103&ccb=7-5&_nc_sid=18de74&efg=eyJlZmdfdGFnIjoiRkVFRC5iZXN0X2ltYWdlX3VybGdlbi5DMyJ9&_nc_ohc=mvDOYFe7Gs0Q7kNvwEmjrzP&_nc_oc=AdqCj3JGudopRbgR5Iw8qixF0450ceT3C_RVaVs93SR2G3BrSm2nDxVJ6kOrRrV1grw&_nc_zt=23&_nc_ht=scontent-dfw6-1.cdninstagram.com&edm=AM6HXa8EAAAA&_nc_gid=VRYKpTH16Yr5i-BRgrxB9g&oh=00_AQKpsZdqSVdC5FNH85gVojvel6wDDDiPPT3OxCbq3qsAFQ&oe=6A9DCABC,https://www.instagram.com/p/DZtAASCOpft/,DZtAASCOpft,,17 Jun 2026 10:06:20,qpaypro,FEED
17841443997027489,18063479201707355,"Nuestros clientes en El Salvador,  ya confían en nosotros. ¿Y tú que esperás? para formar parte del ecosistema de cobro más completo ???",Yes,2,6,CAROUSEL_ALBUM,https://scontent-dfw5-2.cdninstagram.com/v/t51.82787-15/725872222_18100609253466568_8837987533954475713_n.jpg?stp=dst-jpg_e35_tt6&_nc_cat=100&ccb=7-5&_nc_sid=18de74&efg=eyJlZmdfdGFnIjoiQ0FST1VTRUxfSVRFTS5iZXN0X2ltYWdlX3VybGdlbi5DMyJ9&_nc_ohc=sXPcn5OH6rMQ7kNvwE1imJa&_nc_oc=Adq251u_GZ91DnMqdsXUiCIAetCupLZbOUYhC5AwILXwVUfCw0GIzodr2y1wdkT1cRE&_nc_zt=23&_nc_ht=scontent-dfw5-2.cdninstagram.com&edm=AM6HXa8EAAAA&_nc_gid=VRYKpTH16Yr5i-BRgrxB9g&oh=00_AQKKtIlaxK896WF8J8ySHtKGDc4lbfDL6Q6ZEyeaASbtaw&oe=6A9DF7D8,https://www.instagram.com/p/DZqvNJpjr9i/,DZqvNJpjr9i,,17 Jun 2026 01:00:11,qpaypro,FEED
17841443997027489,17965348013933871,"Nuestros clientes abrieron su tienda en línea sin saber de tecnología y hoy venden todos los días ? Con QPayPro armas tu catálogo, configuras envíos y cobras con tarjeta, todo desde un solo lugar.",Yes,0,4,VIDEO,https://scontent-dfw6-2.cdninstagram.com/o1/v/t2/f2/m86/AQNJ3nRW9XboFKUvpsLklXAFFrEioXRGl8nIxMzqIrTrV44oYaB51eimMo8_O4J3JgKVJ4ixDwqdGxYf8MBRLBwB8YUXBu-yLPiAKFA.mp4?_nc_cat=108&_nc_sid=5e9851&_nc_ht=scontent-dfw6-2.cdninstagram.com&_nc_ohc=m3Gb1bJF5S0Q7kNvwFgE3AV&efg=eyJ2ZW5jb2RlX3RhZyI6Inhwdl9wcm9ncmVzc2l2ZS5JTlNUQUdSQU0uQ0xJUFMuQzMuNTc2LmRhc2hfYmFzZWxpbmVfMV92MSIsInhwdl9hc3NldF9pZCI6MTgxMDA0NTY5ODU0NjY1NjgsImFzc2V0X2FnZV9kYXlzIjo3OCwidmlfdXNlY2FzZV9pZCI6MTAwOTksImR1cmF0aW9uX3MiOjIxLCJ1cmxnZW5fc291cmNlIjoid3d3In0%3D&ccb=17-1&vs=d1992b6371040433&_nc_vs=HBksFQIYUmlnX3hwdl9yZWVsc19wZXJtYW5lbnRfc3JfcHJvZC9ERDQ5OUQyOUQ2Mjg2NDk5RDZBOTMwQUEzQjg4RDM4OV92aWRlb19kYXNoaW5pdC5tcDQVAALIARIAFQIYUWlnX3hwdl9wbGFjZW1lbnRfcGVybWFuZW50X3YyLzA0NEE1MTgxQTM1RUNBRkM0RjA3NUZBMDlDRUFFMkJGX2F1ZGlvX2Rhc2hpbml0Lm1wNBUCAsgBEgAoABgAGwKIB3VzZV9vaWwBMRJwcm9ncmVzc2l2ZV9yZWNpcGUBMRUAACaQ26DOoZGnQBUCKAJDMywXQDUqfvnbItEYEmRhc2hfYmFzZWxpbmVfMV92MREAdf4HZeadAQA&_nc_gid=VRYKpTH16Yr5i-BRgrxB9g&edm=AM6HXa8EAAAA&_nc_zt=28&oh=00_AQKnI5A6ei3vc97n6MwaY8yAS1k_SPq3F_MX7RMbDjcmdA&oe=6A99E9C9,https://www.instagram.com/reel/DZnQHtklTOd/,DZnQHtklTOd,https://scontent-dfw6-1.cdninstagram.com/v/t51.71878-15/724076527_2216768315827351_31806095522151525_n.jpg?stp=dst-jpg_e35_tt6&_nc_cat=103&ccb=7-5&_nc_sid=18de74&efg=eyJlZmdfdGFnIjoiQ0xJUFMuYmVzdF9pbWFnZV91cmxnZW4uQzMifQ%3D%3D&_nc_ohc=-Ls1srvPLkoQ7kNvwGgzqjx&_nc_oc=AdoQCqoGjRcyev71lJ924U9odAeFUlT0jytD9LA55HueIwjcobuO7bAI2gd0WhIdN0k&_nc_zt=23&_nc_ht=scontent-dfw6-1.cdninstagram.com&edm=AM6HXa8EAAAA&_nc_gid=VRYKpTH16Yr5i-BRgrxB9g&_nc_tpa=Q5bMBQLL1MUN33yoV-Nj-BCxfnwBlT48AXTA-8YnMe_kmI46eA767_BM_APPLryZMc0uoWcD-0m4N7xx&oh=00_AQKisXVwTQ2_M28EQAnTHzKSURsfifX1iqZQQXV4bunwsg&oe=6A9DEF2D,15 Jun 2026 04:32:07,qpaypro,REELS
17841443997027489,18054835892726562,"En El Salvador hay negocios que todavía pierden ventas porque no tienen cómo cobrar con tarjeta. ?️ Eso tiene solución y está más cerca de lo que crees.
? www.qpaypro.com",Yes,0,5,IMAGE,https://scontent-dfw5-1.cdninstagram.com/v/t51.82787-15/724004909_18100225649466568_6827206869731636082_n.jpg?stp=dst-jpg_e35_tt6&_nc_cat=105&ccb=7-5&_nc_sid=18de74&efg=eyJlZmdfdGFnIjoiRkVFRC5iZXN0X2ltYWdlX3VybGdlbi5DMyJ9&_nc_ohc=rJ7G9wBa4EoQ7kNvwEP7IBm&_nc_oc=Adp1vTB-277E4t6OVLEUVntA89CaeoVY7djfGaGWkHvM-LRo-Z1nF3XfmlFivXm2FNc&_nc_zt=23&_nc_ht=scontent-dfw5-1.cdninstagram.com&edm=AM6HXa8EAAAA&_nc_gid=VRYKpTH16Yr5i-BRgrxB9g&oh=00_AQICqlc1ru9aixBzp-lsxFrcWzOyLlSvFKEvPlBSzjYXAw&oe=6A9DC968,https://www.instagram.com/p/DZiJ4Tbn8t1/,DZiJ4Tbn8t1,,13 Jun 2026 05:02:09,qpaypro,FEED
17841443997027489,18081217157537956,"Conoce nuestro nuevo POS en El Salvador ??
#pos #ventas #tiendafisica",Yes,0,9,VIDEO,https://scontent-dfw6-1.cdninstagram.com/o1/v/t2/f2/m367/AQNl51WXrWDBXgAOKkGY_sgdObiKZHWLmYHKO0oFGZX-xiYFIUX6TSwd8TdeEGc6Dz8XuvjVJIIuPdM16TcM3qtObYdiIgNai4i0LBI.mp4?_nc_cat=102&_nc_sid=5e9851&_nc_ht=scontent-dfw6-1.cdninstagram.com&_nc_ohc=by3GTncnsTcQ7kNvwFjn93y&efg=eyJ2ZW5jb2RlX3RhZyI6Inhwdl9wcm9ncmVzc2l2ZS5JTlNUQUdSQU0uQ0xJUFMuQzMuNTc2LmRhc2hfYmFzZWxpbmVfMV92MSIsInhwdl9hc3NldF9pZCI6MTgxMDAwOTUzMjA0NjY1NjgsImFzc2V0X2FnZV9kYXlzIjo4MSwidmlfdXNlY2FzZV9pZCI6MTAwOTksImR1cmF0aW9uX3MiOjI1LCJ1cmxnZW5fc291cmNlIjoid3d3In0%3D&ccb=17-1&vs=3ee024b8d7696ac5&_nc_vs=HBksFQIYQGlnX2VwaGVtZXJhbC9DQTRDMEZENEE4MUQyMEFGRTIxODg0MTMyMzhCNjRBM192aWRlb19kYXNoaW5pdC5tcDQVAALIARIAFQIYUWlnX3hwdl9wbGFjZW1lbnRfcGVybWFuZW50X3YyLzBBNDlBNzg5REM3Qjc3OTUzQkJGMDgwNEQzOTNENkEzX2F1ZGlvX2Rhc2hpbml0Lm1wNBUCAsgBEgAoABgAGwKIB3VzZV9vaWwBMRJwcm9ncmVzc2l2ZV9yZWNpcGUBMRUAACaQktH_mvymQBUCKAJDMywXQDkZmZmZmZoYEmRhc2hfYmFzZWxpbmVfMV92MREAdf4HZeadAQA&_nc_gid=VRYKpTH16Yr5i-BRgrxB9g&edm=AM6HXa8EAAAA&_nc_zt=28&oh=00_AQIF8jOqKggwT-slKuiXQZEX06YGW37ABscBbHzBzhZfig&oe=6A9DD24B,https://www.instagram.com/reel/DZfeVbdDJSx/,DZfeVbdDJSx,https://scontent-dfw5-1.cdninstagram.com/v/t51.71878-15/723085309_1280928087363234_1464786944402321747_n.jpg?stp=dst-jpg_e35_tt6&_nc_cat=105&ccb=7-5&_nc_sid=18de74&efg=eyJlZmdfdGFnIjoiQ0xJUFMuYmVzdF9pbWFnZV91cmxnZW4uQzMifQ%3D%3D&_nc_ohc=V5mL1bRnf4EQ7kNvwGTcmQk&_nc_oc=Ado9CBdp_3Zx2sIh1pAD_wLvb8vw5m8Vf4OmKBXHJZHcxTGWj3pwcift8YP7QLpb9Us&_nc_zt=23&_nc_ht=scontent-dfw5-1.cdninstagram.com&edm=AM6HXa8EAAAA&_nc_gid=VRYKpTH16Yr5i-BRgrxB9g&_nc_tpa=Q5bMBQLZ7X4QyesgeBGv9tu1j5IjOu3BOmeXS7Ci5_gX12ir3SHchqYxmjwg7RccWzwiXZydAhNZUVRu&oh=00_AQJckWOyiAAQVsLlU1fp4w-nzrYTXR7KfgCNIy3wif5KVQ&oe=6A9DE626,12 Jun 2026 04:03:03,qpaypro,REELS
17841443997027489,18092106122601416,La plataforma más completa de Guate ?? ¡Compruébalo  hoy! ?,Yes,0,4,IMAGE,https://scontent-dfw6-2.cdninstagram.com/v/t51.82787-15/722910461_18100011320466568_1750019201111736938_n.jpg?stp=dst-jpg_e35_tt6&_nc_cat=108&ccb=7-5&_nc_sid=18de74&efg=eyJlZmdfdGFnIjoiRkVFRC5iZXN0X2ltYWdlX3VybGdlbi5DMyJ9&_nc_ohc=N1lYCVh463QQ7kNvwH8YZ5B&_nc_oc=AdpM-KTwScyx5JhlcX4m51G7xQHAX05n0IqAOybdxGMhj-oM4BE1ykKgjGu3xfFu-xI&_nc_zt=23&_nc_ht=scontent-dfw6-2.cdninstagram.com&edm=AM6HXa8EAAAA&_nc_gid=VRYKpTH16Yr5i-BRgrxB9g&oh=00_AQJLv8lwKev6NJ3X63gpW42HNMHlvZ1FmRSNyrMjxBFCGA&oe=6A9DE704,https://www.instagram.com/p/DZdinm5k1Od/,DZdinm5k1Od,,11 Jun 2026 10:02:07,qpaypro,FEED
17841443997027489,18112605173503285,"¿Sabías que ya contamos con miles de tiendas en línea activas en Guatemala y El Salvador? ???? Tu tienda abierta 24/7, con pedidos, pagos y seguimiento en un solo lugar. Empieza en https://zurl.co/NyHoZ

#tiendaenlinea #ventas #pasareladepagos",Yes,0,5,VIDEO,https://scontent-dfw6-1.cdninstagram.com/o1/v/t2/f2/m86/AQMYNV29TaBSSrv8i7OzmD1Fq2ubi1nB-DK_dPaQlA-kFBkQRihVKzdBQtbb-ED_tPwt0WpvxVd4RYw3hbJv7-AwqsnB8L438noSrZI.mp4?_nc_cat=103&_nc_sid=5e9851&_nc_ht=scontent-dfw6-1.cdninstagram.com&_nc_ohc=eQOP234oagIQ7kNvwGPVn6w&efg=eyJ2ZW5jb2RlX3RhZyI6Inhwdl9wcm9ncmVzc2l2ZS5JTlNUQUdSQU0uQ0xJUFMuQzMuNTc2LmRhc2hfYmFzZWxpbmVfMV92MSIsInhwdl9hc3NldF9pZCI6MTgwOTk4NzEzNDA0NjY1NjgsImFzc2V0X2FnZV9kYXlzIjo4MywidmlfdXNlY2FzZV9pZCI6MTAwOTksImR1cmF0aW9uX3MiOjMyLCJ1cmxnZW5fc291cmNlIjoid3d3In0%3D&ccb=17-1&vs=ae999bef1956198a&_nc_vs=HBksFQIYUmlnX3hwdl9yZWVsc19wZXJtYW5lbnRfc3JfcHJvZC9BMzRBNkRGN0U3ODYxNTE1OTdDQzYxNzBGQUFDQjRBRl92aWRlb19kYXNoaW5pdC5tcDQVAALIARIAFQIYUWlnX3hwdl9wbGFjZW1lbnRfcGVybWFuZW50X3YyL0FBNDA5QzYwNDlGMzc4MkRGOTc3QzlBM0M5ODIwNkJBX2F1ZGlvX2Rhc2hpbml0Lm1wNBUCAsgBEgAoABgAGwKIB3VzZV9vaWwBMRJwcm9ncmVzc2l2ZV9yZWNpcGUBMRUAACaQxtSblu-mQBUCKAJDMywXQEBAAAAAAAAYEmRhc2hfYmFzZWxpbmVfMV92MREAdf4HZeadAQA&_nc_gid=VRYKpTH16Yr5i-BRgrxB9g&edm=AM6HXa8EAAAA&_nc_zt=28&oh=00_AQIDlB66gCQcS5IDoASGfISZ8eHRoooaXXIes7Q45v7DxA&oe=6A9A0328,https://www.instagram.com/reel/DZaUonwm0uG/,DZaUonwm0uG,https://scontent-dfw6-2.cdninstagram.com/v/t51.71878-15/718659761_2093067785420643_7361027523449461411_n.jpg?stp=dst-jpg_e35_tt6&_nc_cat=110&ccb=7-5&_nc_sid=18de74&efg=eyJlZmdfdGFnIjoiQ0xJUFMuYmVzdF9pbWFnZV91cmxnZW4uQzMifQ%3D%3D&_nc_ohc=UPdO6GxCp0oQ7kNvwFqabNT&_nc_oc=AdoVEyPS4GyGJNNy_TTpNJLiKkwzD7fR2hHiA4dG7bTiF4dSIRPFHFTfaD_vy6cQDYc&_nc_zt=23&_nc_ht=scontent-dfw6-2.cdninstagram.com&edm=AM6HXa8EAAAA&_nc_gid=VRYKpTH16Yr5i-BRgrxB9g&_nc_tpa=Q5bMBQKM5eE7Aiz5a3qfVbxkb_i6rIV8kQVoBCjzmd6tYmtrORJ2ihyavS-Q3-hXMVhku0gtC5W9muTa&oh=00_AQI2mK2dVOhQyeQ-lssQXQ4dDUCdcNxHO_HEtqpsmyM62g&oe=6A9DDB88,10 Jun 2026 04:02:07,qpaypro,REELS
17841443997027489,17957435940131939,"Mientras dormías, alguien quería comprarte. ¿Tu tienda estaba lista? ? La tuya puede estarlo siempre.
? www.qpaypro.com",Yes,0,4,IMAGE,https://scontent-dfw6-2.cdninstagram.com/v/t51.82787-15/721950873_18099788222466568_6921770481374611479_n.jpg?stp=dst-jpg_e35_tt6&_nc_cat=109&ccb=7-5&_nc_sid=18de74&efg=eyJlZmdfdGFnIjoiRkVFRC5iZXN0X2ltYWdlX3VybGdlbi5DMyJ9&_nc_ohc=HrVjQOMtpt4Q7kNvwHYBSqD&_nc_oc=AdoCQX-1ItMJVnLtG35whTUc65UNrKzm9Ij8rGvz3bkgRsxVWE7NfprSDGleKFTdptE&_nc_zt=23&_nc_ht=scontent-dfw6-2.cdninstagram.com&edm=AM6HXa8EAAAA&_nc_gid=VRYKpTH16Yr5i-BRgrxB9g&oh=00_AQKuCnxKLcYYQRvFd2cobIKq4l2s6WkLpPGT15x4O01kXw&oe=6A9DEFF8,https://www.instagram.com/p/DZYmwt-EWP1/,DZYmwt-EWP1,,10 Jun 2026 12:00:06,qpaypro,FEED
17841443997027489,17967620945920965,"No todos los negocios funcionan igual y sus herramientas tampoco deberían. ? En Qpaypro tienes todas las opciones, tú eliges la que más te conviene.
? www.qpaypro.com",Yes,0,6,IMAGE,https://scontent-dfw5-1.cdninstagram.com/v/t51.82787-15/720146312_18099551390466568_5648924983225761710_n.jpg?stp=dst-jpg_e35_tt6&_nc_cat=106&ccb=7-5&_nc_sid=18de74&efg=eyJlZmdfdGFnIjoiRkVFRC5iZXN0X2ltYWdlX3VybGdlbi5DMyJ9&_nc_ohc=YdJVSO4jITIQ7kNvwGuCMSs&_nc_oc=AdoRb2Id6gkCySq9qPLgCbh52Kd3FSkkHJ4_SWEi1p3eH4YE3h13kK7B3tbZi4Dv8RA&_nc_zt=23&_nc_ht=scontent-dfw5-1.cdninstagram.com&edm=AM6HXa8EAAAA&_nc_gid=VRYKpTH16Yr5i-BRgrxB9g&oh=00_AQJ2gHlRmzrMyczlaLFMGZtEzU2g-BIMxpEqEmC4dnQbhQ&oe=6A9DDA2F,https://www.instagram.com/p/DZTWTfyk72T/,DZTWTfyk72T,,07 Jun 2026 11:00:08,qpaypro,FEED
17841443997027489,17881966317437104,"Nuestros clientes ya no persiguen transferencias ni pagos pendientes ? Con QPayPro envías un link, tu cliente paga con tarjeta y tú recibes tu dinero. Así de simple. 
#ventas #whatsapp #emprendimiento",Yes,0,5,VIDEO,https://scontent-dfw6-2.cdninstagram.com/o1/v/t2/f2/m86/AQNg-VQvw0WjB2Z6Ram0-nvyeRkca7ra434ej2Z8TDdxIJalJCQygR-7108zsN6mo1iXXm_1FXjffnWrXaFims8UTJ5UAebauj4KRkc.mp4?_nc_cat=109&_nc_sid=5e9851&_nc_ht=scontent-dfw6-2.cdninstagram.com&_nc_ohc=BfLlQLta_boQ7kNvwFcqmqD&efg=eyJ2ZW5jb2RlX3RhZyI6Inhwdl9wcm9ncmVzc2l2ZS5JTlNUQUdSQU0uQ0xJUFMuQzMuNDcyLmRhc2hfYmFzZWxpbmVfMV92MSIsInhwdl9hc3NldF9pZCI6MTc5NzEzOTU3OTUxMDI2MDksImFzc2V0X2FnZV9kYXlzIjo4OCwidmlfdXNlY2FzZV9pZCI6MTAwOTksImR1cmF0aW9uX3MiOjQ1LCJ1cmxnZW5fc291cmNlIjoid3d3In0%3D&ccb=17-1&vs=e4ebb9ea7d28dc58&_nc_vs=HBksFQIYUmlnX3hwdl9yZWVsc19wZXJtYW5lbnRfc3JfcHJvZC9ENDQ2OTVGNTJGM0RFRUIyMTA1MDVDM0M2RTRGODNCM192aWRlb19kYXNoaW5pdC5tcDQVAALIARIAFQIYUWlnX3hwdl9wbGFjZW1lbnRfcGVybWFuZW50X3YyL0M4NDkxMUNFNEQyRTVGMTcxMDBFQ0E3RkQxMzNEMUJFX2F1ZGlvX2Rhc2hpbml0Lm1wNBUCAsgBEgAoABgAGwKIB3VzZV9vaWwBMRJwcm9ncmVzc2l2ZV9yZWNpcGUBMRUAACairuHn9LjsPxUCKAJDMywXQEbIcrAgxJwYEmRhc2hfYmFzZWxpbmVfMV92MREAdf4HZeadAQA&_nc_gid=VRYKpTH16Yr5i-BRgrxB9g&edm=AM6HXa8EAAAA&_nc_zt=28&oh=00_AQL5xAIER06UU6VHEK_Z6RpbZ85ozvBsKBYJOoCdZixpkQ&oe=6A99FA1E,https://www.instagram.com/reel/DZORWZtiasz/,DZORWZtiasz,https://scontent-dfw5-2.cdninstagram.com/v/t51.71878-15/716722549_1038399295195655_7090689744970855457_n.jpg?stp=dst-jpg_e35_tt6&_nc_cat=107&ccb=7-5&_nc_sid=18de74&efg=eyJlZmdfdGFnIjoiQ0xJUFMuYmVzdF9pbWFnZV91cmxnZW4uQzMifQ%3D%3D&_nc_ohc=VJX8g5W6uKQQ7kNvwEKzR0R&_nc_oc=AdqHbKeZNyWyt5UHTsQDYXeKHf0fzNUxrPDKJKyIEFJ5q0ltwsbw6SHdKDUM6l35LYM&_nc_zt=23&_nc_ht=scontent-dfw5-2.cdninstagram.com&edm=AM6HXa8EAAAA&_nc_gid=VRYKpTH16Yr5i-BRgrxB9g&_nc_tpa=Q5bMBQIRo2qYk1c7-xj87sj1VHQg-OR2bG57CakpuAVjsBTIjOH1ia1z0WqlK6fDo0PzUBAeBpxee_vj&oh=00_AQL3WSCjEZEAWNSOFLXgfdP107AGwrDVlnMv1KLCiQEaXg&oe=6A9DD4C7,05 Jun 2026 11:42:04,qpaypro,REELS
17841443997027489,17854297053676888,"Seguimos normalizando procesos que nos hacen perder tiempo y dinero. ? Hay una forma mejor y es más fácil de lo que piensas. ⚡
? www.qpaypro.com",Yes,0,6,CAROUSEL_ALBUM,https://scontent-dfw6-2.cdninstagram.com/v/t51.82787-15/716550584_18099162611466568_893359762480840922_n.jpg?stp=dst-jpg_e35_tt6&_nc_cat=110&ccb=7-5&_nc_sid=18de74&efg=eyJlZmdfdGFnIjoiQ0FST1VTRUxfSVRFTS5iZXN0X2ltYWdlX3VybGdlbi5DMyJ9&_nc_ohc=JtECQ-NiHh0Q7kNvwHDTugt&_nc_oc=AdqINZmQt4M6VSeTuQCfNtCD6FGjRlrHxl-ePderm-DGxscPA_-AIt7cjXj2sSsfY6g&_nc_zt=23&_nc_ht=scontent-dfw6-2.cdninstagram.com&edm=AM6HXa8EAAAA&_nc_gid=VRYKpTH16Yr5i-BRgrxB9g&oh=00_AQLHNkvpLoAMIDBIchWSLlYMMJ5Ynew8REUmu1s8lNvF1A&oe=6A9DD3C0,https://www.instagram.com/p/DZK6vOGCVHw/,DZK6vOGCVHw,,04 Jun 2026 04:27:16,qpaypro,FEED
17841443997027489,18463359970111086,"¿Tienes un servicio mensual? Ya contamos con cientos de negocios, escuelas y académias que automatizaron sus cobros con QPayPro ⚡ Menos tiempo persiguiendo pagos, más tiempo creciendo. Empieza hoy en qpaypro.com

#mensualidad #suscripciones #automatizacion",Yes,0,12,VIDEO,https://scontent-dfw5-1.cdninstagram.com/o1/v/t2/f2/m86/AQMwqT88hn-NkyccjaTI8y9HhJX_jv_QU74zaxWerGzuKAxtolpRz6pxiMOl29UGbSyTtWiyriagEAixggTa_vbNH8wwAvT8SqLZkFA.mp4?_nc_cat=111&_nc_sid=5e9851&_nc_ht=scontent-dfw5-1.cdninstagram.com&_nc_ohc=G-_be5QGSuUQ7kNvwGy4Zf7&efg=eyJ2ZW5jb2RlX3RhZyI6Inhwdl9wcm9ncmVzc2l2ZS5JTlNUQUdSQU0uQ0xJUFMuQzMuNTc2LmRhc2hfYmFzZWxpbmVfMV92MSIsInhwdl9hc3NldF9pZCI6MTc5NzA5NTIwNDExMDI2MDksImFzc2V0X2FnZV9kYXlzIjo5MCwidmlfdXNlY2FzZV9pZCI6MTAwOTksImR1cmF0aW9uX3MiOjQyLCJ1cmxnZW5fc291cmNlIjoid3d3In0%3D&ccb=17-1&vs=7e2a5b35a7c86e8&_nc_vs=HBksFQIYUmlnX3hwdl9yZWVsc19wZXJtYW5lbnRfc3JfcHJvZC81QTQ5NEI2Mjg0NEM3MzNGRTNCNDU2QUEwMjIxRTM5M192aWRlb19kYXNoaW5pdC5tcDQVAALIARIAFQIYUWlnX3hwdl9wbGFjZW1lbnRfcGVybWFuZW50X3YyLzM4NDlFRUFCQ0JGMTU0ODY4RTM5QkNGMDU2RUUxNkEwX2F1ZGlvX2Rhc2hpbml0Lm1wNBUCAsgBEgAoABgAGwKIB3VzZV9vaWwBMRJwcm9ncmVzc2l2ZV9yZWNpcGUBMRUAACai9PvKip_sPxUCKAJDMywXQEUiDEm6XjUYEmRhc2hfYmFzZWxpbmVfMV92MREAdf4HZeadAQA&_nc_gid=VRYKpTH16Yr5i-BRgrxB9g&edm=AM6HXa8EAAAA&_nc_zt=28&oh=00_AQLO0oaah2q1ccQHpiE0pOL4reAHMqiWlQqcl7A75zDDJw&oe=6A99D4C0,https://www.instagram.com/reel/DZIMNDkFTGQ/,DZIMNDkFTGQ,https://scontent-dfw5-2.cdninstagram.com/v/t51.71878-15/715375832_1714878446607681_1096310790530031425_n.jpg?stp=dst-jpg_e35_tt6&_nc_cat=107&ccb=7-5&_nc_sid=18de74&efg=eyJlZmdfdGFnIjoiQ0xJUFMuYmVzdF9pbWFnZV91cmxnZW4uQzMifQ%3D%3D&_nc_ohc=DJUfSZNvzXUQ7kNvwE6PNGq&_nc_oc=Adqoztv6vtcOD40usMg6ZgK3tscsZBx2mKurSJ4tTtzF1FihjnNGpWbBD6wNm27vFE4&_nc_zt=23&_nc_ht=scontent-dfw5-2.cdninstagram.com&edm=AM6HXa8EAAAA&_nc_gid=VRYKpTH16Yr5i-BRgrxB9g&_nc_tpa=Q5bMBQKBTQdz0wuCzFB3WvipBQzOy8bZ0nWUzS5ooRVmRuH6bfp2HsQyRG7S_2mLPeC3ITRa1q4imtEV&oh=00_AQKixYWKh9ofQF13prV02XIebOY7iEjj0gAmuK_Ep6qxHg&oe=6A9DE2D2,03 Jun 2026 03:02:06,qpaypro,REELS
17841443997027489,18165416107439843,"Mandar recordatorios, esperar respuesta, volver a preguntar... ?‍? Eso no es administrar un negocio, eso es desgaste. Hay una mejor forma.
? www.qpaypro.com",Yes,0,3,IMAGE,https://scontent-dfw6-2.cdninstagram.com/v/t51.82787-15/713923909_18098969057466568_2228978328340555014_n.jpg?stp=dst-jpg_e35_tt6&_nc_cat=110&ccb=7-5&_nc_sid=18de74&efg=eyJlZmdfdGFnIjoiRkVFRC5iZXN0X2ltYWdlX3VybGdlbi5DMyJ9&_nc_ohc=yJSKBMnTQl0Q7kNvwGgljIo&_nc_oc=AdouuWLEFwgpSJT2igs0Cy5y4doMv8oPVZ9WcCTAAtqTB4RhNK6zYvuUBBDoAm7HO-c&_nc_zt=23&_nc_ht=scontent-dfw6-2.cdninstagram.com&edm=AM6HXa8EAAAA&_nc_gid=VRYKpTH16Yr5i-BRgrxB9g&oh=00_AQKFy1NjDMaBMpuWwB_O-h0CnZ-2HSw6yeIEo9V7zi2cvA&oe=6A9DDC39,https://www.instagram.com/p/DZGhw61jbUT/,DZGhw61jbUT,,02 Jun 2026 11:30:05,qpaypro,FEED
17841443997027489,17864240907630093,"¿Sabías que nuestros links de pagos son rápidos, fáciles y seguros. ? ¡Comienza ahora! ?",Yes,0,6,CAROUSEL_ALBUM,https://scontent-dfw6-1.cdninstagram.com/v/t51.82787-15/709980848_18098821904466568_8505125116424362520_n.jpg?stp=dst-jpg_e35_tt6&_nc_cat=101&ccb=7-5&_nc_sid=18de74&efg=eyJlZmdfdGFnIjoiQ0FST1VTRUxfSVRFTS5iZXN0X2ltYWdlX3VybGdlbi5DMyJ9&_nc_ohc=rHELsbp0Zv4Q7kNvwFLNHcw&_nc_oc=AdqA2xK-6WaZZRFzU5bBpAvRjFe91CV367c4KUDYxY4pCQyOuXWNLckr2JZPYNq_cNM&_nc_zt=23&_nc_ht=scontent-dfw6-1.cdninstagram.com&edm=AM6HXa8EAAAA&_nc_gid=VRYKpTH16Yr5i-BRgrxB9g&oh=00_AQJa9X6-w2KAMOaZlRI8I7yBsYHlq9pn0UAcNv7sSVEB0w&oe=6A9DE4E1,https://www.instagram.com/p/DZDNyCqlGeE/,DZDNyCqlGeE,,01 Jun 2026 04:39:45,qpaypro,FEED
17841443997027489,18212237299328341,"¿Tienes tienda en Shopify? Ya contamos con cientos de tiendas integradas a QPayPro en Guatemala ?️ En minutos activas los pagos con tarjeta y empiezas a vender más. Sin código, sin complicaciones. 
#shopify #ventasonline #paginaweb",Yes,0,5,VIDEO,https://scontent-dfw5-2.cdninstagram.com/o1/v/t2/f2/m86/AQOOZqs1pa9ETFyWDGj_5KZMWvu0ucChpHHFnlvaHcYW2NNhMrcLPSnCHAgjmond9tWKKbJdTYyEcVIWMc89oFs3yd-rNrW9-nRsLUM.mp4?_nc_cat=107&_nc_sid=5e9851&_nc_ht=scontent-dfw5-2.cdninstagram.com&_nc_ohc=n5cv9Lnn8X8Q7kNvwENzEWW&efg=eyJ2ZW5jb2RlX3RhZyI6Inhwdl9wcm9ncmVzc2l2ZS5JTlNUQUdSQU0uQ0xJUFMuQzMuNTc2LmRhc2hfYmFzZWxpbmVfMV92MSIsInhwdl9hc3NldF9pZCI6MTc5NzAxNzMxMDAxMDI2MDksImFzc2V0X2FnZV9kYXlzIjo5NCwidmlfdXNlY2FzZV9pZCI6MTAwOTksImR1cmF0aW9uX3MiOjU3LCJ1cmxnZW5fc291cmNlIjoid3d3In0%3D&ccb=17-1&vs=db1a06806ea5a7e8&_nc_vs=HBksFQIYUmlnX3hwdl9yZWVsc19wZXJtYW5lbnRfc3JfcHJvZC84RTRBQjE5RjcxNDU3Q0Y2NTcyMEJCRTQyQ0RDRkNCOF92aWRlb19kYXNoaW5pdC5tcDQVAALIARIAFQIYUWlnX3hwdl9wbGFjZW1lbnRfcGVybWFuZW50X3YyLzE5NEJCQTJDMkFEMUFCOEU2RUI0ODU1QkQ4MDJEQThBX2F1ZGlvX2Rhc2hpbml0Lm1wNBUCAsgBEgAoABgAGwKIB3VzZV9vaWwBMRJwcm9ncmVzc2l2ZV9yZWNpcGUBMRUAACaiz_iC3_HrPxUCKAJDMywXQEzzMzMzMzMYEmRhc2hfYmFzZWxpbmVfMV92MREAdf4HZeadAQA&_nc_gid=VRYKpTH16Yr5i-BRgrxB9g&edm=AM6HXa8EAAAA&_nc_zt=28&oh=00_AQJLIlUXD9ukcnQ9Q0_vTUlR1nQjiMoN6fNJWLhtk12xzg&oe=6A9A0254,https://www.instagram.com/reel/DY-9r4SFD7Q/,DY-9r4SFD7Q,https://scontent-dfw5-2.cdninstagram.com/v/t51.71878-15/708979758_1760045515158010_5507947384374180963_n.jpg?stp=dst-jpg_e35_tt6&_nc_cat=107&ccb=7-5&_nc_sid=18de74&efg=eyJlZmdfdGFnIjoiQ0xJUFMuYmVzdF9pbWFnZV91cmxnZW4uQzMifQ%3D%3D&_nc_ohc=dwYuM526F7wQ7kNvwHkVO4a&_nc_oc=Adp8RcKOaosRTdtZuYAw2eLJDvKCDTMSQtFIrdLPL17UqJO9WBMpu5KUm0vCOei5d9s&_nc_zt=23&_nc_ht=scontent-dfw5-2.cdninstagram.com&edm=AM6HXa8EAAAA&_nc_gid=VRYKpTH16Yr5i-BRgrxB9g&_nc_tpa=Q5bMBQIzVk5Qtxrtnxr2_FCBBST-n9OvKm46xwUCyCoK0_aCY6xUP103gEVUHzuO_bmqjKerRz36nVQB&oh=00_AQIbbp_PzFdF99ZS5_Wj9QFdpuzj4abtLptZ7wtGbeUt5A&oe=6A9DCB40,31 May 2026 01:02:06,qpaypro,REELS
17841443997027489,17928608007299210,"Ahora cobrar con tarjeta en bazares, ferias y eventos es tan fácil con tu QR.",Yes,0,9,VIDEO,https://scontent-dfw6-1.cdninstagram.com/o1/v/t2/f2/m86/AQMcOrbJZAVv11-vY6PWQYKilnBGLk4_R_3vjqfdPl-DTQZgber6LYu9n2GSXCx44pvVRyQGOGJUAucjbgdzalALbYsgX9rOoWlh5ig.mp4?_nc_cat=102&_nc_sid=5e9851&_nc_ht=scontent-dfw6-1.cdninstagram.com&_nc_ohc=2K0wKNpd0v0Q7kNvwHuwIM7&efg=eyJ2ZW5jb2RlX3RhZyI6Inhwdl9wcm9ncmVzc2l2ZS5JTlNUQUdSQU0uQ0xJUFMuQzMuNTc2LmRhc2hfYmFzZWxpbmVfMV92MSIsInhwdl9hc3NldF9pZCI6MTc5Njk2NTQxOTkxMDI2MDksImFzc2V0X2FnZV9kYXlzIjo5NiwidmlfdXNlY2FzZV9pZCI6MTAwOTksImR1cmF0aW9uX3MiOjEzLCJ1cmxnZW5fc291cmNlIjoid3d3In0%3D&ccb=17-1&vs=ca5decafd4112193&_nc_vs=HBksFQIYUmlnX3hwdl9yZWVsc19wZXJtYW5lbnRfc3JfcHJvZC9ERDRFMUNFM0QwRThBMTc1NzZGNUI2MUZFMjdFMEI4Rl92aWRlb19kYXNoaW5pdC5tcDQVAALIARIAFQIYUWlnX3hwdl9wbGFjZW1lbnRfcGVybWFuZW50X3YyLzA5NDkzOTJFMUIyRUFGRTU2QzFFQTcyMDM2MDc0RUFEX2F1ZGlvX2Rhc2hpbml0Lm1wNBUCAsgBEgAoABgAGwKIB3VzZV9vaWwBMRJwcm9ncmVzc2l2ZV9yZWNpcGUBMRUAACaisrH0xNPrPxUCKAJDMywXQCvul41P3zsYEmRhc2hfYmFzZWxpbmVfMV92MREAdf4HZeadAQA&_nc_gid=VRYKpTH16Yr5i-BRgrxB9g&edm=AM6HXa8EAAAA&_nc_zt=28&oh=00_AQIvWVubhE8ww0Ms2u0i_WrxTwErwURVsZW8pEu8vx8iBw&oe=6A99D5FB,https://www.instagram.com/reel/DY42TfBD59O/,DY42TfBD59O,https://scontent-dfw6-2.cdninstagram.com/v/t51.82787-15/713903403_18098816870466568_8646967799055094666_n.jpg?stp=dst-jpg_e35_tt6&_nc_cat=109&ccb=7-5&_nc_sid=18de74&efg=eyJlZmdfdGFnIjoiQ0xJUFMuYmVzdF9pbWFnZV91cmxnZW4uQzMifQ%3D%3D&_nc_ohc=yCyoAlLgOkwQ7kNvwHGnNM5&_nc_oc=AdqOrCPIOuFnP3gfbQEc2TbrUSMWb8URvrizc1uxI7pLZRBZO-UTcNjyzLwCWk8rkBo&_nc_zt=23&_nc_ht=scontent-dfw6-2.cdninstagram.com&edm=AM6HXa8EAAAA&_nc_gid=VRYKpTH16Yr5i-BRgrxB9g&_nc_tpa=Q5bMBQKcA4t54O5y5PiDVRzcD_1TF261oMkqhHGfLIVrUkWIqus4aaWuIAozt_0NgtKS681_-XzjvY0T&oh=00_AQLCvgVWbuV2RRGVZsfixahRNAThNiCMvNfCiCHOIQAycw&oe=6A9DF775,28 May 2026 04:02:10,qpaypro,REELS
17841443997027489,17911841880204904,"✨ ¡Qué inspiradora fue la historia que compartimos ayer! ??

Gracias a todos los participantes por acompañarnos . Y un agradecimiento especial a Ana Cecilia por compartir su experiencia personal y profesional, dejando valiosas enseñanzas para todos. ?",Yes,0,17,CAROUSEL_ALBUM,https://scontent-dfw5-2.cdninstagram.com/v/t51.82787-15/698572874_18096676652466568_4735961933207113096_n.jpg?stp=dst-jpg_e35_tt6&_nc_cat=100&ccb=7-5&_nc_sid=18de74&efg=eyJlZmdfdGFnIjoiQ0FST1VTRUxfSVRFTS5iZXN0X2ltYWdlX3VybGdlbi5DMyJ9&_nc_ohc=VAFk0fls6h4Q7kNvwH9X2hV&_nc_oc=AdoKozwvJQ7smRnmJ14jGnC2KfikXuZ1mITME-_jQrgm-x7ptA6zQaUUa8hP3MVtNoA&_nc_zt=23&_nc_ht=scontent-dfw5-2.cdninstagram.com&edm=AM6HXa8EAAAA&_nc_gid=VRYKpTH16Yr5i-BRgrxB9g&oh=00_AQKOI7_i-79XUHH7EU5xr4WIuyHExvrM0seycNtHJ1FXmg&oe=6A9DC70A,https://www.instagram.com/p/DYVc_I5k2T6/,DYVc_I5k2T6,,14 May 2026 10:07:37,qpaypro,FEED
17841443997027489,18352863685214816,Aún estás a tiempo de participar en nuestro próximo Taller Historias que venden.??. Enlace de inscripción en enlace de nuestra bio.,Yes,0,30,IMAGE,https://scontent-dfw5-2.cdninstagram.com/v/t51.82787-15/690292366_18096338894466568_7693846269546272511_n.jpg?stp=dst-jpg_e35_tt6&_nc_cat=107&ccb=7-5&_nc_sid=18de74&efg=eyJlZmdfdGFnIjoiRkVFRC5iZXN0X2ltYWdlX3VybGdlbi5DMyJ9&_nc_ohc=bQyw0cB5vXkQ7kNvwEHMF9l&_nc_oc=AdruhMW5FufQkwusiLcFdS8s4UUmf9FGDeAy6t5Kq1FW1w9Su32gEC-9wdl4XQFIe7Y&_nc_zt=23&_nc_ht=scontent-dfw5-2.cdninstagram.com&edm=AM6HXa8EAAAA&_nc_gid=VRYKpTH16Yr5i-BRgrxB9g&oh=00_AQKyCqvsZ8iyjRa9q-_vVdYwurS04c45QgbSozIybJnOYg&oe=6A9DE419,https://www.instagram.com/p/DYNWuIau1eK/,DYNWuIau1eK,,11 May 2026 06:38:11,qpaypro,FEED
17841443997027489,18119508463635278,"Feliz Día a las mamás que aman, cuidan y nunca se rinden.
#diadelamadre #emprendedora #mama",Yes,0,4,VIDEO,https://scontent-dfw6-2.cdninstagram.com/o1/v/t2/f2/m86/AQPrSQkK1r1zAmjJxd-B9teXVeLbvyTYu326BjRZeChv4lnaP7yiX60FQOOBaKABPeN8tYXdLprGLiRZiAmRRyp-hl77L-qeA61V3aI.mp4?_nc_cat=110&_nc_sid=5e9851&_nc_ht=scontent-dfw6-2.cdninstagram.com&_nc_ohc=c-eJLdmrjXgQ7kNvwEYTVR3&efg=eyJ2ZW5jb2RlX3RhZyI6Inhwdl9wcm9ncmVzc2l2ZS5JTlNUQUdSQU0uQ0xJUFMuQzMuNzIwLmRhc2hfYmFzZWxpbmVfMV92MSIsInhwdl9hc3NldF9pZCI6MTc5NjU2NTc0MDExMDI2MDksImFzc2V0X2FnZV9kYXlzIjoxMTQsInZpX3VzZWNhc2VfaWQiOjEwMDk5LCJkdXJhdGlvbl9zIjo0MiwidXJsZ2VuX3NvdXJjZSI6Ind3dyJ9&ccb=17-1&vs=831af7cfe4d1c781&_nc_vs=HBksFQIYUmlnX3hwdl9yZWVsc19wZXJtYW5lbnRfc3JfcHJvZC9GNzRDRUYyMDdDQ0Y1MzQxQzg2MEQ1MTUzMzY4OTY4Q192aWRlb19kYXNoaW5pdC5tcDQVAALIARIAFQIYUWlnX3hwdl9wbGFjZW1lbnRfcGVybWFuZW50X3YyL0JDNDE0RkYyQkRGNUE1NzkwMkMwQjJCQTY3MTRGOUIyX2F1ZGlvX2Rhc2hpbml0Lm1wNBUCAsgBEgAoABgAGwKIB3VzZV9vaWwBMRJwcm9ncmVzc2l2ZV9yZWNpcGUBMRUAACaixOS48urpPxUCKAJDMywXQEVAAAAAAAAYEmRhc2hfYmFzZWxpbmVfMV92MREAdf4HZeadAQA&_nc_gid=VRYKpTH16Yr5i-BRgrxB9g&edm=AM6HXa8EAAAA&_nc_zt=28&oh=00_AQIDmuZWVRvoa501t0ZWXjluRSR64oQ15gofxPjdGz5-hA&oe=6A99DB83,https://www.instagram.com/reel/DYKnCcnEi-T/,DYKnCcnEi-T,https://scontent-dfw6-2.cdninstagram.com/v/t51.71878-15/686963544_1205457974875046_4526947362623215359_n.jpg?stp=dst-jpg_e35_tt6&_nc_cat=109&ccb=7-5&_nc_sid=18de74&efg=eyJlZmdfdGFnIjoiQ0xJUFMuYmVzdF9pbWFnZV91cmxnZW4uQzMifQ%3D%3D&_nc_ohc=VjfIwzU0TIYQ7kNvwEldypS&_nc_oc=AdoD0WlzSe7SnnXJrfcXX80dDb8uKK9PplDOovXIP2NEwNHc1FLgK2OrVz7BjQr_B2U&_nc_zt=23&_nc_ht=scontent-dfw6-2.cdninstagram.com&edm=AM6HXa8EAAAA&_nc_gid=VRYKpTH16Yr5i-BRgrxB9g&_nc_tpa=Q5bMBQLxnaOq9lBE31xEKARTh0Bb8ohgrASLVvhohCuVv1BacyORPIEnkoZu0b_6x1yPwgIW4RwgV861&oh=00_AQJ3a5LfTsePM_KIUhRj-5eRHeyoKwrgAXK7ZY4f6Cm6vg&oe=6A9DEE9D,10 May 2026 05:03:34,qpaypro,REELS
17841443997027489,17863327662626145,"Si aún no tienes el regalo de mamá, aún estás a tiempo, te compartimos esta guía de regalos ?✨ #díadelamadre #emprendimientos",Yes,0,14,CAROUSEL_ALBUM,https://scontent-dfw5-1.cdninstagram.com/v/t51.82787-15/688444072_18096009341466568_7307684992084393183_n.jpg?stp=dst-jpg_e35_tt6&_nc_cat=106&ccb=7-5&_nc_sid=18de74&efg=eyJlZmdfdGFnIjoiQ0FST1VTRUxfSVRFTS5iZXN0X2ltYWdlX3VybGdlbi5DMyJ9&_nc_ohc=NFOppe5nl_MQ7kNvwEjIWmm&_nc_oc=AdoEdqFIYNI6mH1kcSudne-IdFlkh_aLyYm6Xj6oH6WnFL9fL-ms2v5_w3xjWf3ZkiE&_nc_zt=23&_nc_ht=scontent-dfw5-1.cdninstagram.com&edm=AM6HXa8EAAAA&_nc_gid=VRYKpTH16Yr5i-BRgrxB9g&oh=00_AQJeZkL-s-PamJHtrUBnw8aQkJU_52rtK1sNJcgR6L8RZw&oe=6A9DE696,https://www.instagram.com/p/DYGVUJtjLju/,DYGVUJtjLju,,09 May 2026 01:09:51,qpaypro,FEED
17841443997027489,18111847015847256,Ser mamá es amar. Conoce mas sobre @maria_belen_coach,Yes,1,18,VIDEO,https://scontent-dfw6-2.cdninstagram.com/o1/v/t2/f2/m86/AQNTez-axWx7j8hgmMZZaGVgZa0EwjAyh5TaPbRnxAvhygreWLZ9CFi1ZPI9_TWlEfQzaam2rtyHHCcX2KUGox14fdTrjsb4si4teno.mp4?_nc_cat=109&_nc_sid=5e9851&_nc_ht=scontent-dfw6-2.cdninstagram.com&_nc_ohc=HTGUzOWTDRoQ7kNvwFRo2lD&efg=eyJ2ZW5jb2RlX3RhZyI6Inhwdl9wcm9ncmVzc2l2ZS5JTlNUQUdSQU0uQ0xJUFMuQzMuNzIwLmRhc2hfYmFzZWxpbmVfMV92MSIsInhwdl9hc3NldF9pZCI6MTkxODY1MTA1NTUwMjYzMywiYXNzZXRfYWdlX2RheXMiOjExNiwidmlfdXNlY2FzZV9pZCI6MTAwOTksImR1cmF0aW9uX3MiOjEzMCwidXJsZ2VuX3NvdXJjZSI6Ind3dyJ9&ccb=17-1&vs=210a207aa755567e&_nc_vs=HBksFQIYUmlnX3hwdl9yZWVsc19wZXJtYW5lbnRfc3JfcHJvZC9BODRENDJCNUQ0QzE0QThEQ0U2MTU1MTc1RTE0QjhBNV92aWRlb19kYXNoaW5pdC5tcDQVAALIARIAFQIYUWlnX3hwdl9wbGFjZW1lbnRfcGVybWFuZW50X3YyLzU4NDg2RkQ5MEE1NUM2NDY3NDg0NkQyMEU0RUE1RUEwX2F1ZGlvX2Rhc2hpbml0Lm1wNBUCAsgBEgAoABgAGwKIB3VzZV9vaWwBMRJwcm9ncmVzc2l2ZV9yZWNpcGUBMRUAACbS1OOpmMDoBhUCKAJDMywXQGBUAAAAAAAYEmRhc2hfYmFzZWxpbmVfMV92MREAdf4HZeadAQA&_nc_gid=VRYKpTH16Yr5i-BRgrxB9g&edm=AM6HXa8EAAAA&_nc_zt=28&oh=00_AQKlrBAWU4s3cFBTsu6yCNX_FFJSBlEfAPpnE0YbvWkFSA&oe=6A99EEFE,https://www.instagram.com/reel/DYFXg_vOW9n/,DYFXg_vOW9n,https://scontent-dfw5-2.cdninstagram.com/v/t51.71878-15/688429042_1814283766198864_3758985490765842936_n.jpg?stp=dst-jpg_e35_tt6&_nc_cat=107&ccb=7-5&_nc_sid=18de74&efg=eyJlZmdfdGFnIjoiQ0xJUFMuYmVzdF9pbWFnZV91cmxnZW4uQzMifQ%3D%3D&_nc_ohc=oFbU1L_dL3cQ7kNvwEX2Qcb&_nc_oc=AdrLSaMcoRR0du8AHwPNhzHyJIxD12EZdQIl8L9ZzCGVym24ae9Ys9dPPV3rmiv4XLw&_nc_zt=23&_nc_ht=scontent-dfw5-2.cdninstagram.com&edm=AM6HXa8EAAAA&_nc_gid=VRYKpTH16Yr5i-BRgrxB9g&_nc_tpa=Q5bMBQKgrqhXOjKb8G5PDpm4BXtGVtNPJDsCgu9ii34kJb9KDC77tTW997d5cJ35UEydFjJCiMqu7r_8&oh=00_AQKIqQWqNp-WsLYyNJ4wovvM9sWLTR3ZhW0bQygsqnXQlA&oe=6A9DD451,08 May 2026 04:18:57,qpaypro,REELS
17841443997027489,18121826998725258,Adquiere tu POS en El Salvador ??,Yes,2,15,VIDEO,https://scontent-dfw6-2.cdninstagram.com/o1/v/t2/f2/m86/AQMPv2FEQC3AglESYPu8cEWyhpuWh3U4paYHbLsZe632QUUrvIluCin9oS_BpOzgBkg2ojIcoTztApYaRRTI-_C_Pbcm2gJqyJ_UnCk.mp4?_nc_cat=108&_nc_sid=5e9851&_nc_ht=scontent-dfw6-2.cdninstagram.com&_nc_ohc=_VDQwPukOyUQ7kNvwG3Lmj3&efg=eyJ2ZW5jb2RlX3RhZyI6Inhwdl9wcm9ncmVzc2l2ZS5JTlNUQUdSQU0uQ0xJUFMuQzMuNTc2LmRhc2hfYmFzZWxpbmVfMV92MSIsInhwdl9hc3NldF9pZCI6MTc5NjQ5ODYxMzYxMDI2MDksImFzc2V0X2FnZV9kYXlzIjoxMTcsInZpX3VzZWNhc2VfaWQiOjEwMDk5LCJkdXJhdGlvbl9zIjo5LCJ1cmxnZW5fc291cmNlIjoid3d3In0%3D&ccb=17-1&vs=dfc57a5e4c3757f2&_nc_vs=HBksFQIYUmlnX3hwdl9yZWVsc19wZXJtYW5lbnRfc3JfcHJvZC9DNzRBMzlEMDBFNEJERjgwNDc2NjVFRUYxMjlEMEJCQ192aWRlb19kYXNoaW5pdC5tcDQVAALIARIAFQIYUWlnX3hwdl9wbGFjZW1lbnRfcGVybWFuZW50X3YyLzNGNDE1QjhCN0ZCRTJDQzU3NzNBNEQ2N0UwOUQ2RkExX2F1ZGlvX2Rhc2hpbml0Lm1wNBUCAsgBEgAoABgAGwKIB3VzZV9vaWwBMRJwcm9ncmVzc2l2ZV9yZWNpcGUBMRUAACaim8yQ6cPpPxUCKAJDMywXQCIhysCDEm8YEmRhc2hfYmFzZWxpbmVfMV92MREAdf4HZeadAQA&_nc_gid=VRYKpTH16Yr5i-BRgrxB9g&edm=AM6HXa8EAAAA&_nc_zt=28&oh=00_AQINLaCEhScHA6oE5D1bku1fjhyCxLAG4AKZ4_Q4aJC9iQ&oe=6A99FC89,https://www.instagram.com/reel/DYDm0XZAMu0/,DYDm0XZAMu0,https://scontent-dfw5-2.cdninstagram.com/v/t51.71878-15/687822348_844707912007028_8852297108420470929_n.jpg?stp=dst-jpg_e35_tt6&_nc_cat=100&ccb=7-5&_nc_sid=18de74&efg=eyJlZmdfdGFnIjoiQ0xJUFMuYmVzdF9pbWFnZV91cmxnZW4uQzMifQ%3D%3D&_nc_ohc=dUvCKmByeIYQ7kNvwHTozji&_nc_oc=AdoLyFwKa_CbpZRSinZOoz6_qbfMN9Aii_Rhx-OGCnHKFmV_It8pCUd4UHSYUS0kq9g&_nc_zt=23&_nc_ht=scontent-dfw5-2.cdninstagram.com&edm=AM6HXa8EAAAA&_nc_gid=VRYKpTH16Yr5i-BRgrxB9g&_nc_tpa=Q5bMBQLjknZX8oWUc-28-2RgxbTrUq3gckzc_iSt2CJcniTvSWdF3f41kUNd984Z63jcBJPrIVhUQAiC&oh=00_AQJu-QOLj4fc5F8tpPB2I4C6O6lKC6tmEtSgVlEIprdOSQ&oe=6A9DF25F,07 May 2026 11:47:03,qpaypro,REELS
17841443997027489,17987845124988253,Detrás de cada marca exitosa hay una estrategia. Conoce la historia de @byanaceci,Yes,1,73,VIDEO,https://scontent-dfw6-2.cdninstagram.com/o1/v/t2/f2/m86/AQORvbkT6NGwU9Fu59eonqK4A6yKadckaqhSsLs9-QGAmhwnwBi-VxTF1ph7D7RuyvyIQ1rRcle7Q5CMvovAaW1Py1YdFKqv-tAYpSQ.mp4?_nc_cat=108&_nc_sid=5e9851&_nc_ht=scontent-dfw6-2.cdninstagram.com&_nc_ohc=aK9ytft4CeUQ7kNvwFmfRxG&efg=eyJ2ZW5jb2RlX3RhZyI6Inhwdl9wcm9ncmVzc2l2ZS5JTlNUQUdSQU0uQ0xJUFMuQzMuNzIwLmRhc2hfYmFzZWxpbmVfMV92MSIsInhwdl9hc3NldF9pZCI6MjMwMzIxNDE2MDA4NjgzMywiYXNzZXRfYWdlX2RheXMiOjExOCwidmlfdXNlY2FzZV9pZCI6MTAwOTksImR1cmF0aW9uX3MiOjQ0LCJ1cmxnZW5fc291cmNlIjoid3d3In0%3D&ccb=17-1&vs=57d022dc0180438b&_nc_vs=HBksFQIYUmlnX3hwdl9yZWVsc19wZXJtYW5lbnRfc3JfcHJvZC9CMDRBNzg4M0YyMjQ2MTJFRjJENTU2MjM0RjE5OTdBQl92aWRlb19kYXNoaW5pdC5tcDQVAALIARIAFQIYUWlnX3hwdl9wbGFjZW1lbnRfcGVybWFuZW50X3YyL0IyNEVFOTg0MUM3MDIzQkNBMThFRDYxOTlEODc5NDlGX2F1ZGlvX2Rhc2hpbml0Lm1wNBUCAsgBEgAoABgAGwKIB3VzZV9vaWwBMRJwcm9ncmVzc2l2ZV9yZWNpcGUBMRUAACbinNTd2rCXCBUCKAJDMywXQEZKn752yLQYEmRhc2hfYmFzZWxpbmVfMV92MREAdf4HZeadAQA&_nc_gid=VRYKpTH16Yr5i-BRgrxB9g&edm=AM6HXa8EAAAA&_nc_zt=28&oh=00_AQIOJxRdW6p3inU1sIqo5aBZsTLccNK74eZPm1hhav9hrQ&oe=6A9A021D,https://www.instagram.com/reel/DYANPNrOpZa/,DYANPNrOpZa,https://scontent-dfw5-2.cdninstagram.com/v/t51.82787-15/689175853_18095743259466568_9127513469109163001_n.jpg?stp=dst-jpg_e35_tt6&_nc_cat=100&ccb=7-5&_nc_sid=18de74&efg=eyJlZmdfdGFnIjoiQ0xJUFMuYmVzdF9pbWFnZV91cmxnZW4uQzMifQ%3D%3D&_nc_ohc=2cB6jKr_rQEQ7kNvwHnI8UA&_nc_oc=Adr0Wq5nPm8bif6phpjg9e_OtarATq4A2-oWGLfYfeZgXvI-vNepDF_c2cZnUlYuLww&_nc_zt=23&_nc_ht=scontent-dfw5-2.cdninstagram.com&edm=AM6HXa8EAAAA&_nc_gid=VRYKpTH16Yr5i-BRgrxB9g&_nc_tpa=Q5bMBQKBrlY5bhsJPy1O2t-pvB0ibX9x9Rrj9EQmowUW-qx1MQ8sYVXnzRPaD5dwFzCt2ILqYevCKYVy&oh=00_AQJFckotfBMdoO0flSqw1xngNOK2BTkLxytNeo1wD1qonw&oe=6A9DD8DD,06 May 2026 04:14:31,qpaypro,REELS
17841443997027489,17899831002428906,"Detrás de cada emprendedora, hay una mamá que le enseño a no rendirse. Conoce la historia de @afectogt",Yes,11,45,VIDEO,https://scontent-dfw5-1.cdninstagram.com/o1/v/t2/f2/m86/AQOxAGvQwqwO57bYWKbb1QovgZwuAXD7-v0pA1wKSfNrVbjUz1vnRB2onBguHB-njmTuNsEOlgDerU4OGoHXCLzdBkVSEEBxfgdls2o.mp4?_nc_cat=106&_nc_sid=5e9851&_nc_ht=scontent-dfw5-1.cdninstagram.com&_nc_ohc=tcrrxNLi5aIQ7kNvwFPOBMy&efg=eyJ2ZW5jb2RlX3RhZyI6Inhwdl9wcm9ncmVzc2l2ZS5JTlNUQUdSQU0uQ0xJUFMuQzMuNzIwLmRhc2hfYmFzZWxpbmVfMV92MSIsInhwdl9hc3NldF9pZCI6MTcwMDIzODc4MTE1Mjk5NSwiYXNzZXRfYWdlX2RheXMiOjExOSwidmlfdXNlY2FzZV9pZCI6MTAwOTksImR1cmF0aW9uX3MiOjc3LCJ1cmxnZW5fc291cmNlIjoid3d3In0%3D&ccb=17-1&vs=a68f041d2225f159&_nc_vs=HBksFQIYUmlnX3hwdl9yZWVsc19wZXJtYW5lbnRfc3JfcHJvZC85QjRDMjhDNUYzNTE5OUM5MkNEN0IxNzFDMjhCQzZCN192aWRlb19kYXNoaW5pdC5tcDQVAALIARIAFQIYUWlnX3hwdl9wbGFjZW1lbnRfcGVybWFuZW50X3YyLzFFNDVEN0JEOTFDRTQyOTUxRThEQkJDM0EyN0NBRkI4X2F1ZGlvX2Rhc2hpbml0Lm1wNBUCAsgBEgAoABgAGwKIB3VzZV9vaWwBMRJwcm9ncmVzc2l2ZV9yZWNpcGUBMRUAACbG-6uJ9paFBhUCKAJDMywXQFNwAAAAAAAYEmRhc2hfYmFzZWxpbmVfMV92MREAdf4HZeadAQA&_nc_gid=VRYKpTH16Yr5i-BRgrxB9g&edm=AM6HXa8EAAAA&_nc_zt=28&oh=00_AQJ-J7TMuAEIn3ZZvlCLRnxD90GnZdcJDx4y7JfH3p8shA&oe=6A9A036F,https://www.instagram.com/reel/DX-TkRuObC2/,DX-TkRuObC2,https://scontent-dfw6-1.cdninstagram.com/v/t51.71878-15/658905308_2738637273189853_8460070405565807681_n.jpg?stp=dst-jpg_e35_tt6&_nc_cat=103&ccb=7-5&_nc_sid=18de74&efg=eyJlZmdfdGFnIjoiQ0xJUFMuYmVzdF9pbWFnZV91cmxnZW4uQzMifQ%3D%3D&_nc_ohc=6jHHemdp1cEQ7kNvwHwjtAS&_nc_oc=AdoV-ygVktGbDt-NEnfUI-FNy8yXGcb9Dw_sWZI79JAuMNxph8BK-JyClUxPny_-ynE&_nc_zt=23&_nc_ht=scontent-dfw6-1.cdninstagram.com&edm=AM6HXa8EAAAA&_nc_gid=VRYKpTH16Yr5i-BRgrxB9g&_nc_tpa=Q5bMBQIasZuKmrJD9Xo8p3_OPhNaBVTrg6iw1j1_KItKqBCeVST_hiF4IN8AROj6ppUMAdxknWzLr2j3&oh=00_AQJwKfp4pduAmHNZ7fkjYuEkXgA_ubQuBORoBmY1JUt-uA&oe=6A9DD2F3,05 May 2026 10:27:00,qpaypro,REELS
17841443997027489,17942634072193365,"??‍?Nuestras emprendedoras, aprendieron de sus propias madres. Conoce la Historia de Ana Lucia y Lalúh. ?",Yes,5,71,CAROUSEL_ALBUM,https://scontent-dfw6-2.cdninstagram.com/v/t51.82787-15/684775092_18095520110466568_1629992253666134269_n.jpg?stp=dst-jpg_e35_tt6&_nc_cat=109&ccb=7-5&_nc_sid=18de74&efg=eyJlZmdfdGFnIjoiQ0FST1VTRUxfSVRFTS5iZXN0X2ltYWdlX3VybGdlbi5DMyJ9&_nc_ohc=MP6m584toHMQ7kNvwGxYQZx&_nc_oc=AdpHK38krHnO1bI8nICLDE8P4lPnxI8IV8C-RvI9LDa62C1rFDGVGsdWUOwnt0EvNZ8&_nc_zt=23&_nc_ht=scontent-dfw6-2.cdninstagram.com&edm=AM6HXa8EAAAA&_nc_gid=VRYKpTH16Yr5i-BRgrxB9g&oh=00_AQItwX4b99GEXLPJ5NlKiFGuE3ds9uuhfEk8jlX1_qN2DA&oe=6A9DC698,https://www.instagram.com/p/DX7GBqODkIq/,DX7GBqODkIq,,04 May 2026 04:26:39,qpaypro,FEED
17841443997027489,17872239399656962,Detrás de cada emprendimiento hay una madre poderosa. ?➡️Conoce la historia de @laluh_gt ?,Yes,2,20,VIDEO,https://scontent-dfw6-2.cdninstagram.com/o1/v/t2/f2/m86/AQOvrryyxa4Td3DXI8KE_cGAm491B05DkWbzcM31z27ZGzQdHSv7IMFQP1NxNxvlOh6Xqe5hji3XTwUF_ymE3s7_gECrmBL0n2ENZ_Q.mp4?_nc_cat=108&_nc_sid=5e9851&_nc_ht=scontent-dfw6-2.cdninstagram.com&_nc_ohc=8EuWKNtpd5gQ7kNvwGOiPcT&efg=eyJ2ZW5jb2RlX3RhZyI6Inhwdl9wcm9ncmVzc2l2ZS5JTlNUQUdSQU0uQ0xJUFMuQzMuNzIwLmRhc2hfYmFzZWxpbmVfMV92MSIsInhwdl9hc3NldF9pZCI6MjA2NjU2OTk1MDU4OTc2NSwiYXNzZXRfYWdlX2RheXMiOjEyMiwidmlfdXNlY2FzZV9pZCI6MTAwOTksImR1cmF0aW9uX3MiOjEyOSwidXJsZ2VuX3NvdXJjZSI6Ind3dyJ9&ccb=17-1&vs=98339d2c4d28124a&_nc_vs=HBksFQIYUmlnX3hwdl9yZWVsc19wZXJtYW5lbnRfc3JfcHJvZC82OTQzRDI1QkIzQTc4MzEyMzdBNzYzOEUyMUMzM0M5MF92aWRlb19kYXNoaW5pdC5tcDQVAALIARIAFQIYUWlnX3hwdl9wbGFjZW1lbnRfcGVybWFuZW50X3YyL0QzNEYzOTRCQTczOTQ2NTRBMUIyMTgxQjA4MjgyMTgxX2F1ZGlvX2Rhc2hpbml0Lm1wNBUCAsgBEgAoABgAGwKIB3VzZV9vaWwBMRJwcm9ncmVzc2l2ZV9yZWNpcGUBMRUAACaKzff8meKrBxUCKAJDMywXQGA5T987ZFoYEmRhc2hfYmFzZWxpbmVfMV92MREAdf4HZeadAQA&_nc_gid=VRYKpTH16Yr5i-BRgrxB9g&edm=AM6HXa8EAAAA&_nc_zt=28&oh=00_AQJtMXQ5gKa-6XsCN2S73WpzAy6RoT6evC7uDO2iXEMv2Q&oe=6A99EFB5,https://www.instagram.com/reel/DX2JCpkub2q/,DX2JCpkub2q,https://scontent-dfw5-2.cdninstagram.com/v/t51.71878-15/683097449_851111610658436_7935072180311558999_n.jpg?stp=dst-jpg_e35_tt6&_nc_cat=107&ccb=7-5&_nc_sid=18de74&efg=eyJlZmdfdGFnIjoiQ0xJUFMuYmVzdF9pbWFnZV91cmxnZW4uQzMifQ%3D%3D&_nc_ohc=a14Ct7dT5ZIQ7kNvwFCJ0sv&_nc_oc=Adp4fpr8V3Z9PLq4pAOLui0Hrk3P-O9dhTDbWPehMXl6JLnXaT6qBd65UqP5W5G53h0&_nc_zt=23&_nc_ht=scontent-dfw5-2.cdninstagram.com&edm=AM6HXa8EAAAA&_nc_gid=VRYKpTH16Yr5i-BRgrxB9g&_nc_tpa=Q5bMBQLwN2v3n88BoOecM_IV7VX1vHZUBsfQS2LDLxkvnhlQrhHQrBnJRj6x41RqIJnprv_WcgBKVMvq&oh=00_AQLg-HTkWa5WE-X6DaZkhuzhu09hDKnp6Kv4Zp763WDYrw&oe=6A9DCDE2,02 May 2026 06:16:46,qpaypro,REELS
17841443997027489,18073889864355333,¡No te pierdas de nuestro próximo encuentro! Con nuestra emprendedora @anaceciliaguerra de @byanaceci ✨✨,Yes,0,161,IMAGE,https://scontent-dfw5-2.cdninstagram.com/v/t51.82787-15/681656390_18095084558466568_6777949463455965548_n.jpg?stp=dst-jpg_e35_tt6&_nc_cat=100&ccb=7-5&_nc_sid=18de74&efg=eyJlZmdfdGFnIjoiRkVFRC5iZXN0X2ltYWdlX3VybGdlbi5DMyJ9&_nc_ohc=iUhu22VJLj8Q7kNvwGq96dq&_nc_oc=Adq2Rpw3LfYEjJ65W0DB30s_qQZLzxzXdLMToxixLeccCcTig86wGSvLaxH-t0Uhwi4&_nc_zt=23&_nc_ht=scontent-dfw5-2.cdninstagram.com&edm=AM6HXa8EAAAA&_nc_gid=VRYKpTH16Yr5i-BRgrxB9g&oh=00_AQKVndkTldnyHOQDouZL-5NOc-pqVK1iVpF8gGXNl2ogUg&oe=6A9DCEDD,https://www.instagram.com/p/DXxfVKujqq2/,DXxfVKujqq2,,30 Apr 2026 10:54:26,qpaypro,FEED
17841443997027489,18063975623392749,La diferencia entre una empresa que crece y una que solo gasta. En El Salvador ya se cobra como un PRO ??,Yes,0,19,VIDEO,https://scontent-dfw5-2.cdninstagram.com/o1/v/t2/f2/m86/AQNApp8yQrFRzBwY9_cYZ54Qg11O_hYnFyaoLPTm8pC3xGNdDuENhYLy84ZT_6t9JY-qOUzpzywz0nxyKc0qMVlH6qlNpPvweQitmXA.mp4?_nc_cat=100&_nc_sid=5e9851&_nc_ht=scontent-dfw5-2.cdninstagram.com&_nc_ohc=g3bxxxr-jW0Q7kNvwFj2wlw&efg=eyJ2ZW5jb2RlX3RhZyI6Inhwdl9wcm9ncmVzc2l2ZS5JTlNUQUdSQU0uQ0xJUFMuQzMuMzYwLmRhc2hfYmFzZWxpbmVfM192MSIsInhwdl9hc3NldF9pZCI6MTc5NjMwNDQxMjUxMDI2MDksImFzc2V0X2FnZV9kYXlzIjoxMjUsInZpX3VzZWNhc2VfaWQiOjEwMDk5LCJkdXJhdGlvbl9zIjoyNCwidXJsZ2VuX3NvdXJjZSI6Ind3dyJ9&ccb=17-1&vs=e3667390f1d664d2&_nc_vs=HBksFQIYUmlnX3hwdl9yZWVsc19wZXJtYW5lbnRfc3JfcHJvZC9CMTQyMzUxQ0FFNEI1NTAwMTA3RDcxRkU3RTdCRkM4Rl92aWRlb19kYXNoaW5pdC5tcDQVAALIARIAFQIYUWlnX3hwdl9wbGFjZW1lbnRfcGVybWFuZW50X3YyLzVGNDhCQjkxRkMwNURFQTJGRjJGNDQ3Qzg3MDdFQ0E3X2F1ZGlvX2Rhc2hpbml0Lm1wNBUCAsgBEgAoABgAGwKIB3VzZV9vaWwBMRJwcm9ncmVzc2l2ZV9yZWNpcGUBMRUAACaiyMqC5NLoPxUCKAJDMywXQDizMzMzMzMYEmRhc2hfYmFzZWxpbmVfM192MREAdf4HZeadAQA&_nc_gid=VRYKpTH16Yr5i-BRgrxB9g&edm=AM6HXa8EAAAA&_nc_zt=28&oh=00_AQJ0rSMlrO88HTde66VAKJbESadOHCoreeBEVntXQ-eaZQ&oe=6A9A0001,https://www.instagram.com/reel/DXuY-fTFSsc/,DXuY-fTFSsc,https://scontent-dfw6-2.cdninstagram.com/v/t51.71878-15/682435075_3477308185766926_1099461261667549039_n.jpg?stp=dst-jpg_e35_tt6&_nc_cat=110&ccb=7-5&_nc_sid=18de74&efg=eyJlZmdfdGFnIjoiQ0xJUFMuYmVzdF9pbWFnZV91cmxnZW4uQzMifQ%3D%3D&_nc_ohc=DJ75EOIgOJsQ7kNvwGh2lqJ&_nc_oc=AdqGS7uTiKTR_N3wm2IGqvLZE7DQI8760v9f1XDLn3qCzXpoB4nlhjc6qJdeVofrtjI&_nc_zt=23&_nc_ht=scontent-dfw6-2.cdninstagram.com&edm=AM6HXa8EAAAA&_nc_gid=VRYKpTH16Yr5i-BRgrxB9g&_nc_tpa=Q5bMBQLCBmS4p6QHiFUmqmuABI3vEU_Eofr3w8I506u2IDSX92lnzTXjvGKb4cai-dBzOFo7dAiBpk9Z&oh=00_AQKdu1wjC7Dhm8Cub85RUxMxGBUZPfmG2JBgcihiPR6Cdw&oe=6A9DDF16,29 Apr 2026 06:02:02,qpaypro,REELS
17841443997027489,17875317750597344,Herramientas gratuitas que harán mas pro tu negocio,Yes,1,24,VIDEO,https://scontent-dfw5-1.cdninstagram.com/o1/v/t2/f2/m86/AQNzTxT4mRoFDF620_WJ5NH3pjMK30ddQt9DPaijiEmJ_SxYxPJUaiyfzBr2xsBy5RrOMFzB3eKdgJbVCAE3FUCQ2nlDM9UbawZ5WNE.mp4?_nc_cat=106&_nc_sid=5e9851&_nc_ht=scontent-dfw5-1.cdninstagram.com&_nc_ohc=RCd4OIE6YR8Q7kNvwERZa_K&efg=eyJ2ZW5jb2RlX3RhZyI6Inhwdl9wcm9ncmVzc2l2ZS5JTlNUQUdSQU0uQ0xJUFMuQzMuNTc2LmRhc2hfYmFzZWxpbmVfMV92MSIsInhwdl9hc3NldF9pZCI6MTc5NjE4MzM4MzIxMDI2MDksImFzc2V0X2FnZV9kYXlzIjoxMzAsInZpX3VzZWNhc2VfaWQiOjEwMDk5LCJkdXJhdGlvbl9zIjo3MCwidXJsZ2VuX3NvdXJjZSI6Ind3dyJ9&ccb=17-1&vs=841e1a2298c33703&_nc_vs=HBksFQIYUmlnX3hwdl9yZWVsc19wZXJtYW5lbnRfc3JfcHJvZC9GQzRCQjUzQkVCMzREMzgzRjlFNTQwMkRDMjE2RkI4M192aWRlb19kYXNoaW5pdC5tcDQVAALIARIAFQIYUWlnX3hwdl9wbGFjZW1lbnRfcGVybWFuZW50X3YyL0VFNDkzMTYzRTBBQjYzODE3OTQ2RDQ5RDVFNTdFN0E4X2F1ZGlvX2Rhc2hpbml0Lm1wNBUCAsgBEgAoABgAGwKIB3VzZV9vaWwBMRJwcm9ncmVzc2l2ZV9yZWNpcGUBMRUAACai653RqozoPxUCKAJDMywXQFGszMzMzM0YEmRhc2hfYmFzZWxpbmVfMV92MREAdf4HZeadAQA&_nc_gid=VRYKpTH16Yr5i-BRgrxB9g&edm=AM6HXa8EAAAA&_nc_zt=28&oh=00_AQLrBKlet6HhJPWIYWDfTSaMIBb2aqzTOF6lbd_w7QqYIA&oe=6A99E1CF,https://www.instagram.com/reel/DXhTRgfCAe2/,DXhTRgfCAe2,https://scontent-dfw6-2.cdninstagram.com/v/t51.71878-15/672371150_1684451655909091_6863109551790079404_n.jpg?stp=dst-jpg_e35_tt6&_nc_cat=108&ccb=7-5&_nc_sid=18de74&efg=eyJlZmdfdGFnIjoiQ0xJUFMuYmVzdF9pbWFnZV91cmxnZW4uQzMifQ%3D%3D&_nc_ohc=NDJyeLE1cWAQ7kNvwHjubEK&_nc_oc=AdoMP5v4k0CtRAKmV_P5t2-vwwvKF-wGSDmDfJ0_6tUdnLleeS6FcwNqe5SZVHD_htY&_nc_zt=23&_nc_ht=scontent-dfw6-2.cdninstagram.com&edm=AM6HXa8EAAAA&_nc_gid=VRYKpTH16Yr5i-BRgrxB9g&_nc_tpa=Q5bMBQIYzKiUmBiX2i8mMk_8sewMPyh4gUYTKf0vrlX73KRmwN2mOSwbwU2PHrTbMVXLtCC1PfAOTBRw&oh=00_AQLi9HSU5HDGNMi3g_A_U7QIeXdQU08uq58L5fiNyybeLA&oe=6A9DD51B,24 Apr 2026 04:02:07,qpaypro,REELS
17841443997027489,18062845934402890,¿ Tu negocio es grande en El Salvador? ?? que tu forma de cobrar también lo sea.,Yes,0,11,VIDEO,https://scontent-dfw5-1.cdninstagram.com/o1/v/t2/f2/m86/AQNE93YYX2WLQcQPg5g6nMdowrM1yjjkgfKGalTQsdBAu7nBua5efr5PgcwRv_uFMmEmh3OF1_pbH9gW8A8Va6ABQejHgNSuJsDgkyc.mp4?_nc_cat=106&_nc_sid=5e9851&_nc_ht=scontent-dfw5-1.cdninstagram.com&_nc_ohc=Yr0w_qsXWxsQ7kNvwHVhpis&efg=eyJ2ZW5jb2RlX3RhZyI6Inhwdl9wcm9ncmVzc2l2ZS5JTlNUQUdSQU0uQ0xJUFMuQzMuMzYwLmRhc2hfYmFzZWxpbmVfM192MSIsInhwdl9hc3NldF9pZCI6MTc5NjE0MDE0OTkxMDI2MDksImFzc2V0X2FnZV9kYXlzIjoxMzIsInZpX3VzZWNhc2VfaWQiOjEwMDk5LCJkdXJhdGlvbl9zIjoxNCwidXJsZ2VuX3NvdXJjZSI6Ind3dyJ9&ccb=17-1&vs=5aad891bdc14cc67&_nc_vs=HBksFQIYUmlnX3hwdl9yZWVsc19wZXJtYW5lbnRfc3JfcHJvZC8yMzQxQzhDMjQwMzE2RjM0MDI3NTFENzA4RjVEMjJBMl92aWRlb19kYXNoaW5pdC5tcDQVAALIARIAFQIYUWlnX3hwdl9wbGFjZW1lbnRfcGVybWFuZW50X3YyLzMxNEEwQTI3ODkwMEJFMTRGRUM1NUQzQTY0NzA0MkEwX2F1ZGlvX2Rhc2hpbml0Lm1wNBUCAsgBEgAoABgAGwKIB3VzZV9vaWwBMRJwcm9ncmVzc2l2ZV9yZWNpcGUBMRUAACaitq3AlfPnPxUCKAJDMywXQCwQ5WBBiTcYEmRhc2hfYmFzZWxpbmVfM192MREAdf4HZeadAQA&_nc_gid=VRYKpTH16Yr5i-BRgrxB9g&edm=AM6HXa8EAAAA&_nc_zt=28&oh=00_AQJdlq0fY2pUW5v6Qlu7JTDu1yecUiSsHuXmPYYlCwDrxw&oe=6A99F53B,https://www.instagram.com/reel/DXcsDuejOy1/,DXcsDuejOy1,https://scontent-dfw6-2.cdninstagram.com/v/t51.71878-15/674404279_945893311554400_6823504755156155114_n.jpg?stp=dst-jpg_e35_tt6&_nc_cat=109&ccb=7-5&_nc_sid=18de74&efg=eyJlZmdfdGFnIjoiQ0xJUFMuYmVzdF9pbWFnZV91cmxnZW4uQzMifQ%3D%3D&_nc_ohc=VJV3rb69Qu4Q7kNvwEzKfJz&_nc_oc=Adq8AkHy1UB8D52NKPRQ_hq_-vnA4rFsYZVuiFo9uZcD0Hozc7PcUwClk1PWBDoUDTE&_nc_zt=23&_nc_ht=scontent-dfw6-2.cdninstagram.com&edm=AM6HXa8EAAAA&_nc_gid=VRYKpTH16Yr5i-BRgrxB9g&_nc_tpa=Q5bMBQJm-W00bw4l_XhIVjw0ZcV10RdofC64lLYNkgFJJV_KtnzGUbhJCV-puZECtymghqgAtbB1ExhW&oh=00_AQJMAUorMY1mI03o9yCjg2QMO6TXmdVFiwlTaWtts1DDFA&oe=6A9DD8EC,22 Apr 2026 09:02:04,qpaypro,REELS
17841443997027489,18000968093920519,"¿Una idea sin capital puede llegar a 90K seguidores? Ana Ceci lo hizo. ?

Ven a escuchar su historia en #HistoriasQueVenden

? 13 mayo · 8:30 a.m.
? AGEXPORT, zona 13
?️ Inscripción Link en Bio",Yes,3,67,IMAGE,https://scontent-dfw5-2.cdninstagram.com/v/t51.82787-15/670142241_18094043435466568_3857133090647399855_n.jpg?stp=dst-jpg_e35_tt6&_nc_cat=107&ccb=7-5&_nc_sid=18de74&efg=eyJlZmdfdGFnIjoiRkVFRC5iZXN0X2ltYWdlX3VybGdlbi5DMyJ9&_nc_ohc=EXmwYJe4OM0Q7kNvwEdykR-&_nc_oc=AdqDNR4JZ4qG3LYvoMhm8XF3WFQ1YTCNuGOfMVeQ5h7I3oGE8QjkiT0ghf36862On0w&_nc_zt=23&_nc_ht=scontent-dfw5-2.cdninstagram.com&edm=AM6HXa8EAAAA&_nc_gid=VRYKpTH16Yr5i-BRgrxB9g&oh=00_AQKbD8P6qIzKDICB3gUPOFqLVAwMCiXO150lOpRlUFXopg&oe=6A9DF82F,https://www.instagram.com/p/DXaVTBAmZXo/,DXaVTBAmZXo,,21 Apr 2026 11:03:12,qpaypro,FEED
17841443997027489,18118608496645350,"? Existen mucha historias, pero muy pocas... Historias que  Venden.✨

?? Save the date  13.05.2026",Yes,2,13,IMAGE,https://scontent-dfw5-1.cdninstagram.com/v/t51.82787-15/670882345_18093916781466568_8753399076491537849_n.jpg?stp=dst-jpg_e35_tt6&_nc_cat=111&ccb=7-5&_nc_sid=18de74&efg=eyJlZmdfdGFnIjoiRkVFRC5iZXN0X2ltYWdlX3VybGdlbi5DMyJ9&_nc_ohc=EZPyzfRx2HUQ7kNvwFsByx1&_nc_oc=AdrKUd_8rpkiPIIBpOxsWHMXYDnAPevG2dyEfwHEYUqzhayEdqK6Ps2y6E2AWOAxkLY&_nc_zt=23&_nc_ht=scontent-dfw5-1.cdninstagram.com&edm=AM6HXa8EAAAA&_nc_gid=VRYKpTH16Yr5i-BRgrxB9g&oh=00_AQKGgqB6wuYWetCvlKEyLLhaTkjD3tWTVf1wTH5jI41aCA&oe=6A9DD263,https://www.instagram.com/p/DXXKClgIDm4/,DXXKClgIDm4,,20 Apr 2026 05:27:07,qpaypro,FEED
17841443997027489,17906331660394899,Hoy celebramos a todos los emprendedores. Aquellos que inspiran a otros a ser más grandes ✨,Yes,1,7,IMAGE,https://scontent-dfw5-2.cdninstagram.com/v/t51.82787-15/670278473_18093442259466568_8612271530391594495_n.jpg?stp=dst-jpg_e35_tt6&_nc_cat=100&ccb=7-5&_nc_sid=18de74&efg=eyJlZmdfdGFnIjoiRkVFRC5iZXN0X2ltYWdlX3VybGdlbi5DMyJ9&_nc_ohc=3r0hava-y8oQ7kNvwFFoT0J&_nc_oc=Adp_c7hNQk-GByEh0LuHBP0yvjX2GpwpJ2big8qE-G7ogaoLJUgK0M5e-EVAdBJrJdM&_nc_zt=23&_nc_ht=scontent-dfw5-2.cdninstagram.com&edm=AM6HXa8EAAAA&_nc_gid=VRYKpTH16Yr5i-BRgrxB9g&oh=00_AQLyFUjz2Lji5y01du9cbeUgO0W9nlQo41CutaqnFy-hhg&oe=6A9DD51B,https://www.instagram.com/p/DXMimxvk3Tl/,DXMimxvk3Tl,,16 Apr 2026 02:32:07,qpaypro,FEED
17841443997027489,18104527145494491,El Salvador ?? ahora cobra mucho más fácil y más PRO ?,Yes,1,19,VIDEO,https://scontent-dfw5-1.cdninstagram.com/o1/v/t2/f2/m367/AQMWfPhEhG3a_cCBmmuzOuO_-1Aw50Gox0_dguLFTD1N0O4MEnNAirMfP028rANQR2IfAEDEWWAyL4P-guh7plLM_Hp9o5kyTuzjpD8.mp4?_nc_cat=105&_nc_sid=5e9851&_nc_ht=scontent-dfw5-1.cdninstagram.com&_nc_ohc=nZOeb4MJ3EYQ7kNvwFFeQ4h&efg=eyJ2ZW5jb2RlX3RhZyI6Inhwdl9wcm9ncmVzc2l2ZS5JTlNUQUdSQU0uQ0xJUFMuQzMuNTc2LmRhc2hfYmFzZWxpbmVfMV92MSIsInhwdl9hc3NldF9pZCI6MTc5NTk4MTU0ODMxMDI2MDksImFzc2V0X2FnZV9kYXlzIjoxMzksInZpX3VzZWNhc2VfaWQiOjEwMDk5LCJkdXJhdGlvbl9zIjoxNiwidXJsZ2VuX3NvdXJjZSI6Ind3dyJ9&ccb=17-1&vs=db7c5388e58932ad&_nc_vs=HBksFQIYQGlnX2VwaGVtZXJhbC9GQjQyNkJCMkM3ODI2MzRCQUI0NjlBMkQ1QzEzQzA5Rl92aWRlb19kYXNoaW5pdC5tcDQVAALIARIAFQIYUWlnX3hwdl9wbGFjZW1lbnRfcGVybWFuZW50X3YyL0VCNDg4NkFDOEY3MUFFMUEzNDlDNzdDMjYyOTI0MUE0X2F1ZGlvX2Rhc2hpbml0Lm1wNBUCAsgBEgAoABgAGwKIB3VzZV9vaWwBMRJwcm9ncmVzc2l2ZV9yZWNpcGUBMRUAACai1tDh7JbnPxUCKAJDMywXQDCIcrAgxJwYEmRhc2hfYmFzZWxpbmVfMV92MREAdf4HZeadAQA&_nc_gid=VRYKpTH16Yr5i-BRgrxB9g&edm=AM6HXa8EAAAA&_nc_zt=28&oh=00_AQJJfG9QMKbR8pj6VLCUUqXG-j_6R_y6WrM_iMImO7EAZw&oe=6A9DEBD2,https://www.instagram.com/reel/DXK7nm2E4Cu/,DXK7nm2E4Cu,https://scontent-dfw6-1.cdninstagram.com/v/t51.71878-15/670833083_1328989862624658_973799787306449654_n.jpg?stp=dst-jpg_e35_tt6&_nc_cat=103&ccb=7-5&_nc_sid=18de74&efg=eyJlZmdfdGFnIjoiQ0xJUFMuYmVzdF9pbWFnZV91cmxnZW4uQzMifQ%3D%3D&_nc_ohc=rmdAlJc_7ZQQ7kNvwE9owj_&_nc_oc=Adrrs1AoYPi7H6GREWdvGyA88PXsoUyQCc5kh7Q06VB3zeDuSdJmrkWt1gKrrkdCnf4&_nc_zt=23&_nc_ht=scontent-dfw6-1.cdninstagram.com&edm=AM6HXa8EAAAA&_nc_gid=VRYKpTH16Yr5i-BRgrxB9g&_nc_tpa=Q5bMBQILV2Vw7B9ZtquL9cLSB0J0E6hd6NoyYzUdQArj7fIK_fNKfIVkJcUc9u_o1S-HxmpmYe2OPzv-&oh=00_AQILmI9-30ABBcXb8axB4fpL3if8U4I2Gfqs9HPBrylBQg&oe=6A9DF875,15 Apr 2026 11:32:04,qpaypro,REELS
17841443997027489,17998437503923694,?Un nuevo capítulo de grandes historias está por comenzar... No te lo pierdas muy pronto mayor información. ✨,Yes,1,8,IMAGE,https://scontent-dfw6-1.cdninstagram.com/v/t51.82787-15/670422214_18093246710466568_1502311347213721367_n.jpg?stp=dst-jpg_e35_tt6&_nc_cat=101&ccb=7-5&_nc_sid=18de74&efg=eyJlZmdfdGFnIjoiRkVFRC5iZXN0X2ltYWdlX3VybGdlbi5DMyJ9&_nc_ohc=S5irovSi1PEQ7kNvwE5xdEy&_nc_oc=AdrIoO0a_p0tWZbFnulz6ffQvlwDUvAQ8_zUwcVk_jQoVRMfbP-NSMceql9WaA3XLM0&_nc_zt=23&_nc_ht=scontent-dfw6-1.cdninstagram.com&edm=AM6HXa8EAAAA&_nc_gid=VRYKpTH16Yr5i-BRgrxB9g&oh=00_AQI_8Z078wfmb2nyY2jdisxnz30xbAmNFcqv3qNRT_6P7g&oe=6A9DF3DC,https://www.instagram.com/p/DXHw0UQE_f-/,DXHw0UQE_f-,,14 Apr 2026 06:00:34,qpaypro,FEED
17841443997027489,18114117790779719,"Cada segundo es una venta, no pierdas más tiempo y eleva tu forma de cobrar en El Salvador ??",Yes,1,18,VIDEO,https://scontent-dfw6-1.cdninstagram.com/o1/v/t2/f2/m86/AQPlgerXiG9_ky1gd2qBNiEP6pqJll4QSQJUCwnPND3yB54MY8ZBC-vd9-b5gs8B3laSRbjdav2JZMdyEObf_jUL196Ow5odvRF8rRo.mp4?_nc_cat=101&_nc_sid=5e9851&_nc_ht=scontent-dfw6-1.cdninstagram.com&_nc_ohc=c6oAhDMr6k0Q7kNvwHP5Pn8&efg=eyJ2ZW5jb2RlX3RhZyI6Inhwdl9wcm9ncmVzc2l2ZS5JTlNUQUdSQU0uQ0xJUFMuQzMuNTc2LmRhc2hfYmFzZWxpbmVfMV92MSIsInhwdl9hc3NldF9pZCI6MTc5NTg0NzkwMzcxMDI2MDksImFzc2V0X2FnZV9kYXlzIjoxNDUsInZpX3VzZWNhc2VfaWQiOjEwMDk5LCJkdXJhdGlvbl9zIjoxMywidXJsZ2VuX3NvdXJjZSI6Ind3dyJ9&ccb=17-1&vs=e74119252a90c1d&_nc_vs=HBksFQIYUmlnX3hwdl9yZWVsc19wZXJtYW5lbnRfc3JfcHJvZC9FQjRBNjEyRUM1NEE1RDUyRUY2ODhCMjA1RjZCM0I4RF92aWRlb19kYXNoaW5pdC5tcDQVAALIARIAFQIYUWlnX3hwdl9wbGFjZW1lbnRfcGVybWFuZW50X3YyL0JDNDRBOTZEMTQxQzEyNUJBNjY5N0Y4MENBODJENEE2X2F1ZGlvX2Rhc2hpbml0Lm1wNBUCAsgBEgAoABgAGwKIB3VzZV9vaWwBMRJwcm9ncmVzc2l2ZV9yZWNpcGUBMRUAACai6LO7h8nmPxUCKAJDMywXQCuqfvnbItEYEmRhc2hfYmFzZWxpbmVfMV92MREAdf4HZeadAQA&_nc_gid=VRYKpTH16Yr5i-BRgrxB9g&edm=AM6HXa8EAAAA&_nc_zt=28&oh=00_AQKuRBJ59y5tPrnG2DS_53mahMbCWtVsjjjMirfAxQ29LQ&oe=6A99E60A,https://www.instagram.com/reel/DW7cjd5jWv6/,DW7cjd5jWv6,https://scontent-dfw5-1.cdninstagram.com/v/t51.71878-15/662659322_1630557284856288_9069879657878542531_n.jpg?stp=dst-jpg_e35_tt6&_nc_cat=105&ccb=7-5&_nc_sid=18de74&efg=eyJlZmdfdGFnIjoiQ0xJUFMuYmVzdF9pbWFnZV91cmxnZW4uQzMifQ%3D%3D&_nc_ohc=GHPsfq_yuOwQ7kNvwEu1t0X&_nc_oc=AdrPGBVjeq5-20bf5SidixM6_05lvwQpX5_G8ekp-xIuyriti2Yghl-zB8G93ToK5Ws&_nc_zt=23&_nc_ht=scontent-dfw5-1.cdninstagram.com&edm=AM6HXa8EAAAA&_nc_gid=VRYKpTH16Yr5i-BRgrxB9g&_nc_tpa=Q5bMBQKn3xDMpTwVD4srmY8xyAc7GzX2m3I2BZiaXdYMhU9-ZbZ-DiJM2TTQ9iQC1fLedzuKtBLplydz&oh=00_AQKXdNpNKm4OVXdgZZvDSYg9dAd24RkLho3cav_YuPM-_A&oe=6A9DF995,09 Apr 2026 11:12:03,qpaypro,REELS
17841443997027489,18075737102550518,"??Qpaypro, abre sus puertas en El Salvador.  Conoce más en nuestra página web: www.qpaypro.com/sv  y síguenos ??",Yes,2,13,IMAGE,https://scontent-dfw6-1.cdninstagram.com/v/t51.82787-15/657727740_18091678712466568_2555366376902127309_n.jpg?stp=dst-jpg_e35_tt6&_nc_cat=103&ccb=7-5&_nc_sid=18de74&efg=eyJlZmdfdGFnIjoiRkVFRC5iZXN0X2ltYWdlX3VybGdlbi5DMyJ9&_nc_ohc=W66c-o8AuekQ7kNvwExZd06&_nc_oc=AdqG5HpCq5nL9StUT0vlQApZFQ_UGRFRd17GTghzT8IBFnvbomUexKPqMeAO5xZnD3k&_nc_zt=23&_nc_ht=scontent-dfw6-1.cdninstagram.com&edm=AM6HXa8EAAAA&_nc_gid=VRYKpTH16Yr5i-BRgrxB9g&oh=00_AQKekcToI62U8FT3VRZDH7nOI6RUlWhGLUNts09d4uVUaQ&oe=6A9DE93D,https://www.instagram.com/p/DWhhJ-CDFv5/,DWhhJ-CDFv5,,30 Mar 2026 09:30:06,qpaypro,FEED
17841443997027489,17882779875473957,?Este mes estuvo lleno de historias inspiradoras y de mujeres emprendedoras. Conoce la historia de Karina y su emprendimiento ??,Yes,0,29,CAROUSEL_ALBUM,https://scontent-dfw5-1.cdninstagram.com/v/t51.82787-15/658064119_18091236638466568_2754380684460138584_n.jpg?stp=dst-jpg_e35_tt6&_nc_cat=111&ccb=7-5&_nc_sid=18de74&efg=eyJlZmdfdGFnIjoiQ0FST1VTRUxfSVRFTS5iZXN0X2ltYWdlX3VybGdlbi5DMyJ9&_nc_ohc=whrxE_VqNXUQ7kNvwHS6OF8&_nc_oc=Adqh65vmwBL5j_VtGndu9plDwRGhsEM6tSAf62c-cQucSb7gOIJbmtnLY-ZPHIOd648&_nc_zt=23&_nc_ht=scontent-dfw5-1.cdninstagram.com&edm=AM6HXa8EAAAA&_nc_gid=VRYKpTH16Yr5i-BRgrxB9g&oh=00_AQL3X4bXLByJpoARcrKm5RcdegGCv5eP8aEbog_YGZ7Vuw&oe=6A9DDE1C,https://www.instagram.com/p/DWXU7LHlCye/,DWXU7LHlCye,,26 Mar 2026 10:32:47,qpaypro,FEED
17841443997027489,18088426654957101,Estamos a pocos de nuestro webinar junto a @soymipagina,Yes,0,10,VIDEO,https://scontent-dfw6-2.cdninstagram.com/o1/v/t2/f2/m367/AQNxX5RQ2sIDCTdnMJftdW2t7w0NCE1UGUHfT01H9_tC0tUJ01c9iheyfz8ojoGadL_y0t1nrxIm7n-zpe65-wrbmBtRCVIFaFJ8a84.mp4?_nc_cat=108&_nc_sid=5e9851&_nc_ht=scontent-dfw6-2.cdninstagram.com&_nc_ohc=hte-5nSuklMQ7kNvwHLMZ3n&efg=eyJ2ZW5jb2RlX3RhZyI6Inhwdl9wcm9ncmVzc2l2ZS5JTlNUQUdSQU0uQ0xJUFMuQzMuNzIwLmRhc2hfYmFzZWxpbmVfMV92MSIsInhwdl9hc3NldF9pZCI6MTc5NTQ3NzcxNzIxMDI2MDksImFzc2V0X2FnZV9kYXlzIjoxNjEsInZpX3VzZWNhc2VfaWQiOjEwMDk5LCJkdXJhdGlvbl9zIjoyNSwidXJsZ2VuX3NvdXJjZSI6Ind3dyJ9&ccb=17-1&vs=19ab3db0adc6a6&_nc_vs=HBksFQIYQGlnX2VwaGVtZXJhbC81NDQ1Mzc4QTMxQTNCRURBNEY2NUIwNDFBNjYxNEVBMl92aWRlb19kYXNoaW5pdC5tcDQVAALIARIAFQIYUWlnX3hwdl9wbGFjZW1lbnRfcGVybWFuZW50X3YyLzU3NEVFMTk5NkQ3NzkzMkJFQzJEMEQ2MTk1NjE0MEFDX2F1ZGlvX2Rhc2hpbml0Lm1wNBUCAsgBEgAoABgAGwKIB3VzZV9vaWwBMRJwcm9ncmVzc2l2ZV9yZWNpcGUBMRUAACait-q1yvHkPxUCKAJDMywXQDmIcrAgxJwYEmRhc2hfYmFzZWxpbmVfMV92MREAdf4HZeadAQA&_nc_gid=VRYKpTH16Yr5i-BRgrxB9g&edm=AM6HXa8EAAAA&_nc_zt=28&oh=00_AQJSQtA6Fz-XgRkqHZFzWNKP4E1p8JEeFvv_0L0S1QIsXw&oe=6A9DD91D,https://www.instagram.com/reel/DWSCwyHjoLP/,DWSCwyHjoLP,https://scontent-dfw5-2.cdninstagram.com/v/t51.71878-15/657393983_1459716178990125_8803807611325572369_n.jpg?stp=dst-jpg_e35_tt6&_nc_cat=100&ccb=7-5&_nc_sid=18de74&efg=eyJlZmdfdGFnIjoiQ0xJUFMuYmVzdF9pbWFnZV91cmxnZW4uQzMifQ%3D%3D&_nc_ohc=5Mjocry-cvsQ7kNvwEiNfhG&_nc_oc=Adqx8AI0G9bVNaQpmhJxmnD07IocBpHlsttTPAjy0VTJxfwgmQ81mWqVp5lcF-vbZaI&_nc_zt=23&_nc_ht=scontent-dfw5-2.cdninstagram.com&edm=AM6HXa8EAAAA&_nc_gid=VRYKpTH16Yr5i-BRgrxB9g&_nc_tpa=Q5bMBQJNbtVSJBWUKoPWrvAk9xb1wOiABtO3rT-1B1Cs-5KwqFWV7IN_MAZHEfAR9mv_nle104sMjNXk&oh=00_AQKDAhEl4iy-qFIYWedR-8_hNlwTZEySL993nYLusPdFnw&oe=6A9DD69E,24 Mar 2026 09:17:20,qpaypro,REELS
17841443997027489,17991000089940760,"Creer en el proceso para emprender
#emprendedora #qpaypro #emprendedoresexitosos #emprendiendoconganas",Yes,5,23,VIDEO,https://scontent-dfw6-2.cdninstagram.com/o1/v/t2/f2/m367/AQOK_hg8_4KFYQ3pWcWnOS16Wf58NpVO7AOc0zwgzpUXhuJfrztjsVY36N93-7vWspTYYKWK8zBn2P8yjmy1_5o1YFOdHfMJri_yuHQ.mp4?_nc_cat=108&_nc_sid=5e9851&_nc_ht=scontent-dfw6-2.cdninstagram.com&_nc_ohc=Q_Ibnm7cHRkQ7kNvwEgCmDn&efg=eyJ2ZW5jb2RlX3RhZyI6Inhwdl9wcm9ncmVzc2l2ZS5JTlNUQUdSQU0uQ0xJUFMuQzMuNzIwLmRhc2hfYmFzZWxpbmVfMV92MSIsInhwdl9hc3NldF9pZCI6MTc5NTMzNzYxOTkxMDI2MDksImFzc2V0X2FnZV9kYXlzIjoxNjYsInZpX3VzZWNhc2VfaWQiOjEwMDk5LCJkdXJhdGlvbl9zIjoxMDQsInVybGdlbl9zb3VyY2UiOiJ3d3cifQ%3D%3D&ccb=17-1&vs=87eb77e43a4c7e89&_nc_vs=HBksFQIYQGlnX2VwaGVtZXJhbC84NTQzNzgxRjQzNkY0NjFBNThFNDAwREVFOEEyQTA5MV92aWRlb19kYXNoaW5pdC5tcDQVAALIARIAFQIYUWlnX3hwdl9wbGFjZW1lbnRfcGVybWFuZW50X3YyLzU2NEE4QjI5RkE5NjQ2QThFOThDRUIwOTc5RjgyMTk1X2F1ZGlvX2Rhc2hpbml0Lm1wNBUCAsgBEgAoABgAGwKIB3VzZV9vaWwBMRJwcm9ncmVzc2l2ZV9yZWNpcGUBMRUAACaiwu6thKDkPxUCKAJDMywXQFoKn752yLQYEmRhc2hfYmFzZWxpbmVfMV92MREAdf4HZeadAQA&_nc_gid=VRYKpTH16Yr5i-BRgrxB9g&edm=AM6HXa8EAAAA&_nc_zt=28&oh=00_AQJRhNCRsj2_fZrEacHWeLVcOqrF4u7pOXRbPIskdhNrpw&oe=6A9DC959,https://www.instagram.com/reel/DWFTkmODikw/,DWFTkmODikw,https://scontent-dfw5-2.cdninstagram.com/v/t51.71878-15/655075472_1162823199156628_7437037047064485432_n.jpg?stp=dst-jpg_e35_tt6&_nc_cat=107&ccb=7-5&_nc_sid=18de74&efg=eyJlZmdfdGFnIjoiQ0xJUFMuYmVzdF9pbWFnZV91cmxnZW4uQzMifQ%3D%3D&_nc_ohc=4OcuLilc7twQ7kNvwFnUwsU&_nc_oc=AdpYtr-PiGTtHtu7No243UteV7cWgqzsJO5IgIqoMNgzO-U9v4oy5PYM1_t7VJ3O7Uc&_nc_zt=23&_nc_ht=scontent-dfw5-2.cdninstagram.com&edm=AM6HXa8EAAAA&_nc_gid=VRYKpTH16Yr5i-BRgrxB9g&_nc_tpa=Q5bMBQIgVOhy6oc8S2A9PPiKs_gWK5oW8kaNoxnLrcFYwJZ_VD0PIgMkLVOhBZqF-iu771l91nrPUKZs&oh=00_AQJ5vEJ5FOVCMpNaG9PBXE6BhXfVNm8pu0-VPwZq2DMCGw&oe=6A9DDA04,19 Mar 2026 10:33:46,qpaypro,REELS
17841443997027489,18079538327628984,Conoce la historia detrás de Glowing ?? 2 mujeres emprendedoras que aportan a la economía del país. #sueñaengrande #mujeresqueinspiran #diadelamujer,Yes,0,133,CAROUSEL_ALBUM,https://scontent-dfw6-1.cdninstagram.com/v/t51.82787-15/652773924_18089815127466568_2206449840948218629_n.jpg?stp=dst-jpg_e35_tt6&_nc_cat=103&ccb=7-5&_nc_sid=18de74&efg=eyJlZmdfdGFnIjoiQ0FST1VTRUxfSVRFTS5iZXN0X2ltYWdlX3VybGdlbi5DMyJ9&_nc_ohc=juPG8iJTLIEQ7kNvwG0oqKR&_nc_oc=AdoRBO3DLmvZKezXBnO3CeS26jJsYERysHnG3l8WQKodxPkURwcuPFrWfAA4Df-8nUE&_nc_zt=23&_nc_ht=scontent-dfw6-1.cdninstagram.com&edm=AM6HXa8EAAAA&_nc_gid=VRYKpTH16Yr5i-BRgrxB9g&oh=00_AQIUTZKi4vTAcoWr7tALvMi7N2vc2GxDWwVoR7W_hHnmdg&oe=6A9DCA9A,https://www.instagram.com/p/DV9DtYTEn4T/,DV9DtYTEn4T,,16 Mar 2026 05:42:06,qpaypro,FEED
17841443997027489,17945669489983067,"La historia que dio vida a Glowing
#mujeres #emprendedora #motivacion #inspirateyemprende",Yes,6,129,VIDEO,https://scontent-dfw5-1.cdninstagram.com/o1/v/t2/f2/m367/AQNXhsedwwRiYuFFyWbfZkeApwaWDdArjr9kCWd_pPR8A9ftTQCNhfacwcmi4MWdFauzLJWvlJ7ATvXVvpWFUYw9eijfoG56hzwv7Aw.mp4?_nc_cat=106&_nc_sid=5e9851&_nc_ht=scontent-dfw5-1.cdninstagram.com&_nc_ohc=D9N1RUWIxPsQ7kNvwGo6MjE&efg=eyJ2ZW5jb2RlX3RhZyI6Inhwdl9wcm9ncmVzc2l2ZS5JTlNUQUdSQU0uQ0xJUFMuQzMuNzIwLmRhc2hfYmFzZWxpbmVfMV92MSIsInhwdl9hc3NldF9pZCI6MTc5NTEzODQ0NjAxMDI2MDksImFzc2V0X2FnZV9kYXlzIjoxNzQsInZpX3VzZWNhc2VfaWQiOjEwMDk5LCJkdXJhdGlvbl9zIjoxMjAsInVybGdlbl9zb3VyY2UiOiJ3d3cifQ%3D%3D&ccb=17-1&vs=79ee18cf2d900ce&_nc_vs=HBksFQIYQGlnX2VwaGVtZXJhbC8wQjQ2QUNDODczOTk3NzY3QjlERUNDMzNDREMyRDJCM192aWRlb19kYXNoaW5pdC5tcDQVAALIARIAFQIYUWlnX3hwdl9wbGFjZW1lbnRfcGVybWFuZW50X3YyL0Y2NENGNDJGQTI3OEY4OTgyQTVGN0I2OEM5MEE4Q0JFX2F1ZGlvX2Rhc2hpbml0Lm1wNBUCAsgBEgAoABgAGwKIB3VzZV9vaWwBMRJwcm9ncmVzc2l2ZV9yZWNpcGUBMRUAACair8TfjKzjPxUCKAJDMywXQF4lT987ZFoYEmRhc2hfYmFzZWxpbmVfMV92MREAdf4HZeadAQA&_nc_gid=VRYKpTH16Yr5i-BRgrxB9g&edm=AM6HXa8EAAAA&_nc_zt=28&oh=00_AQJVqGDyeaq9wuqM3wrRNfAxlH3vkSbpI9ES8tTRR_2s_g&oe=6A9DFB93,https://www.instagram.com/reel/DVwr1klgTsU/,DVwr1klgTsU,https://scontent-dfw6-1.cdninstagram.com/v/t51.82787-15/650413135_18089209985466568_8296553095200614907_n.jpg?stp=dst-jpg_e35_tt6&_nc_cat=103&ccb=7-5&_nc_sid=18de74&efg=eyJlZmdfdGFnIjoiQ0xJUFMuYmVzdF9pbWFnZV91cmxnZW4uQzMifQ%3D%3D&_nc_ohc=yzIAEA5am3UQ7kNvwGnt74d&_nc_oc=Adp_rqZPU57HS8txsiHBSW4-5EvlefUPMtHzRoPl7y6hv5DJlFwHiAwCTpPu2x2HEjc&_nc_zt=23&_nc_ht=scontent-dfw6-1.cdninstagram.com&edm=AM6HXa8EAAAA&_nc_gid=VRYKpTH16Yr5i-BRgrxB9g&_nc_tpa=Q5bMBQLuPblY5rmTsYlLm3ZwuxM3wI7rCwcA_lVEzSckV6bdxCYaicAkkNC0651ohR_7UJhEhv6G8-Uk&oh=00_AQJjJF-mYc0sSdxTl49Acaeh0cTbK_UyMdFivLmIrRL4Mw&oe=6A9DD88F,11 Mar 2026 10:27:20,qpaypro,REELS
17841443997027489,18362678740204885,? No te pierdas de nuestro próximo webinar: Construyendo tu Imperio Digital.  Inscripción: https://zurl.co/tZCa4,Yes,0,5,IMAGE,https://scontent-dfw5-2.cdninstagram.com/v/t51.82787-15/649893620_18088948859466568_4900554006379710287_n.jpg?stp=dst-jpg_e35_tt6&_nc_cat=100&ccb=7-5&_nc_sid=18de74&efg=eyJlZmdfdGFnIjoiRkVFRC5iZXN0X2ltYWdlX3VybGdlbi5DMyJ9&_nc_ohc=992YoBMoaVUQ7kNvwEwYaWg&_nc_oc=AdqKxiZLHtMgGioI4uHrZJ_TY_p9Eqxap6YXIeN1oaRTzEvd_6XBOziUD2_DbSZs2f0&_nc_zt=23&_nc_ht=scontent-dfw5-2.cdninstagram.com&edm=AM6HXa8EAAAA&_nc_gid=VRYKpTH16Yr5i-BRgrxB9g&oh=00_AQIaEYrS-9VxxP4gRLNW5nsFNLHxaVyfnxXQArjmpW00Dw&oe=6A9DDE4E,https://www.instagram.com/p/DVrgTBkAInc/,DVrgTBkAInc,,09 Mar 2026 10:03:37,qpaypro,FEED
17841443997027489,18003554249904636,"Hoy conmemoramos el día de la mujer a todas aquellas emprendedoras y las que tienen metas grandes. A las que trabajan día a día por cumplir un sueño. A las que con esfuerzo, valentía y pasión construyen su propio camino. ✨",Yes,0,72,IMAGE,https://scontent-dfw6-2.cdninstagram.com/v/t51.82787-15/645576388_18088788539466568_6547075142463417980_n.jpg?stp=dst-jpg_e35_tt6&_nc_cat=108&ccb=7-5&_nc_sid=18de74&efg=eyJlZmdfdGFnIjoiRkVFRC5iZXN0X2ltYWdlX3VybGdlbi5DMyJ9&_nc_ohc=URc4-XoCho4Q7kNvwHtajtH&_nc_oc=AdqFxl4b_xOBaLWrhAC75GgZhJB_Awtijjw9vz5UhDg-0vsso7UFEcQyhPuV9dHShDI&_nc_zt=23&_nc_ht=scontent-dfw6-2.cdninstagram.com&edm=AM6HXa8EAAAA&_nc_gid=VRYKpTH16Yr5i-BRgrxB9g&oh=00_AQIuPKy7JK8I26oEUpJua9sYXW-s0XjsP-JzKNyrevJQxw&oe=6A9DF633,https://www.instagram.com/p/DVoIYOHDpeT/,DVoIYOHDpeT,,08 Mar 2026 02:39:08,qpaypro,FEED
17841443997027489,18008665913837423,?? Najelee es más que inspiración es una mujer emprendedora llena de metas y sueños.? #mujeremprededora #díadelamujer,Yes,0,11,CAROUSEL_ALBUM,https://scontent-dfw6-1.cdninstagram.com/v/t51.82787-15/642509996_18088623044466568_3046470678736258744_n.jpg?stp=dst-jpg_e35_tt6&_nc_cat=101&ccb=7-5&_nc_sid=18de74&efg=eyJlZmdfdGFnIjoiQ0FST1VTRUxfSVRFTS5iZXN0X2ltYWdlX3VybGdlbi5DMyJ9&_nc_ohc=N-NGfyLdSkYQ7kNvwGW-2ZN&_nc_oc=Adq0ZwiaA2qjlrth4r_k4Jn5RVZ67E19mURy5IEu6E7ZXA5n2lvbnbI3cpPcmm1rhn0&_nc_zt=23&_nc_ht=scontent-dfw6-1.cdninstagram.com&edm=AM6HXa8EAAAA&_nc_gid=VRYKpTH16Yr5i-BRgrxB9g&oh=00_AQL_YS9BGq0_6TxIMOceecxv7RwD05shUj11zi28TplWcw&oe=6A9DD1E4,https://www.instagram.com/p/DVljzQ5DtFJ/,DVljzQ5DtFJ,,07 Mar 2026 02:40:45,qpaypro,FEED
17841443997027489,17893340067283120,"Emprender no sólo fue abrir un negocio
#mujeremprededora #díadelamujer #emprendedoresexitosos #motivacion",Yes,12,559,VIDEO,https://scontent-dfw6-1.cdninstagram.com/o1/v/t16/f2/m69/AQOhxsbsjLroMFu2LdXlDmhqwQetmfKBgIBC0Kf9jJZhFfaVTCn9FZNvBG1htrcl_B_Bxw72CIsKcbMXoK3yyKd8.mp4?strext=1&_nc_cat=101&_nc_sid=5e9851&_nc_ht=scontent-dfw6-1.cdninstagram.com&_nc_ohc=4Ag1U9iUDI0Q7kNvwHPCCWp&efg=eyJ2ZW5jb2RlX3RhZyI6Inhwdl9wcm9ncmVzc2l2ZS5JTlNUQUdSQU0uQ0xJUFMuQzMuNzIwLmRhc2hfYmFzZWxpbmVfMV92MSIsInhwdl9hc3NldF9pZCI6MTc5NDk2NTQyOTExMDI2MDksImFzc2V0X2FnZV9kYXlzIjoxODEsInZpX3VzZWNhc2VfaWQiOjEwMDk5LCJkdXJhdGlvbl9zIjo5MiwidXJsZ2VuX3NvdXJjZSI6Ind3dyJ9&ccb=17-1&vs=d732bc611b304824&_nc_vs=HBksFQIYOnBhc3N0aHJvdWdoX2V2ZXJzdG9yZS9HTE9lZmlaZ3hfRGVaSkVGQVBqV1hLTmNqYk1HYnNwVEFRQUYVAALIARIAFQIYUWlnX3hwdl9wbGFjZW1lbnRfcGVybWFuZW50X3YyLzg4NDdDQzIwQzE0RTg2MTFCRTRENkFGQ0ZDMzkwRjgzX2F1ZGlvX2Rhc2hpbml0Lm1wNBUCAsgBEgAoABgAGwKIB3VzZV9vaWwBMRJwcm9ncmVzc2l2ZV9yZWNpcGUBMRUAACai7uX9scfiPxUCKAJDMywXQFc5mZmZmZoYEmRhc2hfYmFzZWxpbmVfMV92MREAdf4HZeadAQA&_nc_gid=VRYKpTH16Yr5i-BRgrxB9g&edm=AM6HXa8EAAAA&_nc_zt=28&oh=00_AQL-q-kzxQdDQuaFLpduMWMvK7Dsrf09T6MxYaHsWFEpvQ&oe=6A9DDAD3,https://www.instagram.com/reel/DVeoOoRAbUF/,DVeoOoRAbUF,https://scontent-dfw6-1.cdninstagram.com/v/t51.82787-15/645561249_18088342787466568_6252522137126617479_n.jpg?stp=dst-jpg_e35_tt6&_nc_cat=102&ccb=7-5&_nc_sid=18de74&efg=eyJlZmdfdGFnIjoiQ0xJUFMuYmVzdF9pbWFnZV91cmxnZW4uQzMifQ%3D%3D&_nc_ohc=sQiK6PQRvwUQ7kNvwF6QLJB&_nc_oc=AdpZLlSvybG76vM6WSqJuE31di5DH2vD1x9J6VJjpFgO5yvBzWuhlGkDrLLhOXYqATc&_nc_zt=23&_nc_ht=scontent-dfw6-1.cdninstagram.com&edm=AM6HXa8EAAAA&_nc_gid=VRYKpTH16Yr5i-BRgrxB9g&_nc_tpa=Q5bMBQII0cgaQZ8shrqNoiJwCNrGb-Jkjn8g93EIwtKzbN2d3VCuEgJ1X06wwYDqLpggdn_VnPDq9pFG&oh=00_AQIZfVyHQ-QA_lS2dk87Nl8FCpH9lKABUqSyDlT2WwZkjw&oe=6A9DCC37,04 Mar 2026 10:08:25,qpaypro,REELS
17841443997027489,18397017262198520,"Como cobrar en Shopify
#qpaypro #shopify #vender",Yes,0,7,VIDEO,https://scontent-dfw5-1.cdninstagram.com/o1/v/t2/f2/m367/AQMbTVNQGw9fW3ZPCR3Dtuuzri2Q89O-coihhpv4owySQDXGUno3OALkdleyKuZSSdU8UWRcPkWoN0cAZSKTUAifCECBjL_TytSSgQ8.mp4?_nc_cat=105&_nc_sid=5e9851&_nc_ht=scontent-dfw5-1.cdninstagram.com&_nc_ohc=wZbsyOIBffQQ7kNvwHrv4VG&efg=eyJ2ZW5jb2RlX3RhZyI6Inhwdl9wcm9ncmVzc2l2ZS5JTlNUQUdSQU0uQ0xJUFMuQzMuNzIwLmRhc2hfYmFzZWxpbmVfMV92MSIsInhwdl9hc3NldF9pZCI6MTc5NDkxNTc2MTcxMDI2MDksImFzc2V0X2FnZV9kYXlzIjoxODMsInZpX3VzZWNhc2VfaWQiOjEwMDk5LCJkdXJhdGlvbl9zIjoyOSwidXJsZ2VuX3NvdXJjZSI6Ind3dyJ9&ccb=17-1&vs=8e104589c8f4305&_nc_vs=HBksFQIYQGlnX2VwaGVtZXJhbC9FNjRDQUM5MTc1NTE4NUJFMjM1Q0UyRENGMUMzREFCNF92aWRlb19kYXNoaW5pdC5tcDQVAALIARIAFQIYUWlnX3hwdl9wbGFjZW1lbnRfcGVybWFuZW50X3YyL0FGNEZFQ0Y4OEE0REUzREVENjlDQzUxMzc3OTkwNDkzX2F1ZGlvX2Rhc2hpbml0Lm1wNBUCAsgBEgAoABgAGwKIB3VzZV9vaWwBMRJwcm9ncmVzc2l2ZV9yZWNpcGUBMRUAACaivMe8variPxUCKAJDMywXQD0ZmZmZmZoYEmRhc2hfYmFzZWxpbmVfMV92MREAdf4HZeadAQA&_nc_gid=VRYKpTH16Yr5i-BRgrxB9g&edm=AM6HXa8EAAAA&_nc_zt=28&oh=00_AQKu8AqaV9QxcOdqUBzOuq64tU_X2cQHGvY3y0pJMwDRDw&oe=6A9DD89E,https://www.instagram.com/reel/DVZhzDfAUgP/,DVZhzDfAUgP,https://scontent-dfw5-2.cdninstagram.com/v/t51.71878-15/643559840_1796792497664703_1798190388113916971_n.jpg?stp=dst-jpg_e35_tt6&_nc_cat=107&ccb=7-5&_nc_sid=18de74&efg=eyJlZmdfdGFnIjoiQ0xJUFMuYmVzdF9pbWFnZV91cmxnZW4uQzMifQ%3D%3D&_nc_ohc=CUXUbvAkZhoQ7kNvwE7fBLv&_nc_oc=Adoy17iPSSxBstsl7UBbJrsxivis_0OfRl1XcktKWYXwY6OdmPtXSR9Hf0D8M_zak_g&_nc_zt=23&_nc_ht=scontent-dfw5-2.cdninstagram.com&edm=AM6HXa8EAAAA&_nc_gid=VRYKpTH16Yr5i-BRgrxB9g&_nc_tpa=Q5bMBQIrimwZN6uoGwCCb3FQDMCjLk9fIx0e48qv5W0v2aCpdQyFenUcg5CisjJNXQnpjAklv8B-A0n0&oh=00_AQLvH2fzWnrcY4PKaFkLZUxsMIBPymaHVhbSryz4ZedSGg&oe=6A9DECE4,02 Mar 2026 10:31:30,qpaypro,REELS
17841443997027489,18332289019169737,"?¡La solución a todos tus problemas, comienza a cobrar con tarjeta ahora!? #qpaypro #emprendimiento #negocios",Yes,0,6,IMAGE,https://scontent-dfw6-2.cdninstagram.com/v/t51.82787-15/640428357_18087920708466568_8452039909834072241_n.jpg?stp=dst-jpg_e35_tt6&_nc_cat=109&ccb=7-5&_nc_sid=18de74&efg=eyJlZmdfdGFnIjoiRkVFRC5iZXN0X2ltYWdlX3VybGdlbi5DMyJ9&_nc_ohc=9J1o0yrGRXsQ7kNvwEgzxpL&_nc_oc=Adpe_QJipSTPFIt9oRSJKcw6BLSedfqkpkgiGI0qoBsxZ8wAaLCQigpzrmYhjjtTUSE&_nc_zt=23&_nc_ht=scontent-dfw6-2.cdninstagram.com&edm=AM6HXa8EAAAA&_nc_gid=VRYKpTH16Yr5i-BRgrxB9g&oh=00_AQKN75ipGPHV-6trUWwdbvrhCwqw0wY3an9ygM4_M5tvZg&oe=6A9DE3DA,https://www.instagram.com/p/DVUAJCPFPkt/,DVUAJCPFPkt,,28 Feb 2026 07:02:05,qpaypro,FEED
17841443997027489,18340094803214468,"Pelea en CAES
#qpaypro #humor #motivacion",Yes,0,16,VIDEO,https://scontent-dfw5-2.cdninstagram.com/o1/v/t2/f2/m367/AQPHzPkOn5TtP1DsxWKR6OYzKeYap0WcXdvZT61n6ICm55KaIo8ouPsHhtb27ZLV-F4QH5BkbwbCLYS1OC1qMZrPcc5lxTnFAKC4SEw.mp4?_nc_cat=100&_nc_sid=5e9851&_nc_ht=scontent-dfw5-2.cdninstagram.com&_nc_ohc=c1QtWvWVfwkQ7kNvwEqH4Mm&efg=eyJ2ZW5jb2RlX3RhZyI6Inhwdl9wcm9ncmVzc2l2ZS5JTlNUQUdSQU0uQ0xJUFMuQzMuNzIwLmRhc2hfYmFzZWxpbmVfMV92MSIsInhwdl9hc3NldF9pZCI6MTc5NDc3NTM2MDIxMDI2MDksImFzc2V0X2FnZV9kYXlzIjoxODksInZpX3VzZWNhc2VfaWQiOjEwMDk5LCJkdXJhdGlvbl9zIjoxOSwidXJsZ2VuX3NvdXJjZSI6Ind3dyJ9&ccb=17-1&vs=79e0477b8f604820&_nc_vs=HBksFQIYQGlnX2VwaGVtZXJhbC9EMTRGRTNBRDQ0MDRDODJBRDZEODdCNjExQkVBOTg5RF92aWRlb19kYXNoaW5pdC5tcDQVAALIARIAFQIYUWlnX3hwdl9wbGFjZW1lbnRfcGVybWFuZW50X3YyLzc4NDk1ODVBRUYwNEUxRDlEMDRCQUIyRkZBOUJDNkE0X2F1ZGlvX2Rhc2hpbml0Lm1wNBUCAsgBEgAoABgAGwKIB3VzZV9vaWwBMRJwcm9ncmVzc2l2ZV9yZWNpcGUBMRUAACai1cHf4NjhPxUCKAJDMywXQDMIcrAgxJwYEmRhc2hfYmFzZWxpbmVfMV92MREAdf4HZeadAQA&_nc_gid=VRYKpTH16Yr5i-BRgrxB9g&edm=AM6HXa8EAAAA&_nc_zt=28&oh=00_AQJAtvi6ZCnaCmsjPVwC8uGVKzCPhjRbR2bqQK-h8xwpeg&oe=6A9DE945,https://www.instagram.com/reel/DVKH_6uAYIg/,DVKH_6uAYIg,https://scontent-dfw6-2.cdninstagram.com/v/t51.71878-15/639963304_2169524303817407_2422950335161495733_n.jpg?stp=dst-jpg_e35_tt6&_nc_cat=109&ccb=7-5&_nc_sid=18de74&efg=eyJlZmdfdGFnIjoiQ0xJUFMuYmVzdF9pbWFnZV91cmxnZW4uQzMifQ%3D%3D&_nc_ohc=kaOm9gSuIiUQ7kNvwFufC_d&_nc_oc=Adpn_ml8cFgDl63rvrColGtYza1bgwOTqDzyPYxGq2OVjNEMZow2F8U_OX9QT9CjqSU&_nc_zt=23&_nc_ht=scontent-dfw6-2.cdninstagram.com&edm=AM6HXa8EAAAA&_nc_gid=VRYKpTH16Yr5i-BRgrxB9g&_nc_tpa=Q5bMBQKm9Gbgy2CYidkzQYN-gG5RqlmkTX4PQlZZ0rPxxejb9yczh2aM3COr5gBvcXpFUUnlciePrTk_&oh=00_AQJNBb4OpoPtMB5NJLRNTlAE63XWYpKCEC6DpfICx8YpOw&oe=6A9DDC59,24 Feb 2026 10:56:56,qpaypro,REELS
17841443997027489,17988354905941166,??‍♀️¡Continúa con tus actividades preferidas! Y recibí tus pagos a toda hora con Qpayshop. ?,Yes,0,9,VIDEO,https://scontent-dfw5-2.cdninstagram.com/o1/v/t2/f2/m367/AQOQ3f0OxjVZe3bnzwJC2BmXIG7WZ40GGYX5TJ_d86QEqaKDnxefxy87ObmVAclhnPU--ZARMsregt9EB9S96s0RtSawh_5jdcgJDa4.mp4?_nc_cat=107&_nc_sid=5e9851&_nc_ht=scontent-dfw5-2.cdninstagram.com&_nc_ohc=ONL9kw6lH80Q7kNvwEmytIW&efg=eyJ2ZW5jb2RlX3RhZyI6Inhwdl9wcm9ncmVzc2l2ZS5JTlNUQUdSQU0uQ0xJUFMuQzMuNTc2LmRhc2hfYmFzZWxpbmVfMV92MSIsInhwdl9hc3NldF9pZCI6MTc5NDY5NTk5NDkxMDI2MDksImFzc2V0X2FnZV9kYXlzIjoxOTMsInZpX3VzZWNhc2VfaWQiOjEwMDk5LCJkdXJhdGlvbl9zIjoxNywidXJsZ2VuX3NvdXJjZSI6Ind3dyJ9&ccb=17-1&vs=852e1756cadef2a5&_nc_vs=HBksFQIYQGlnX2VwaGVtZXJhbC85MDQzMkVFNUQ0RDc3MDJBQkU4NzFFQjY0MTYxQUI5Nl92aWRlb19kYXNoaW5pdC5tcDQVAALIARIAFQIYUWlnX3hwdl9wbGFjZW1lbnRfcGVybWFuZW50X3YyL0IxNDc2NDQxMzg5MTNCQ0Q3NEU5MDk5ODIwMkZCRkEyX2F1ZGlvX2Rhc2hpbml0Lm1wNBUCAsgBEgAoABgAGwKIB3VzZV9vaWwBMRJwcm9ncmVzc2l2ZV9yZWNpcGUBMRUAACai-IPJx6rhPxUCKAJDMywXQDHu2RaHKwIYEmRhc2hfYmFzZWxpbmVfMV92MREAdf4HZeadAQA&_nc_gid=VRYKpTH16Yr5i-BRgrxB9g&edm=AM6HXa8EAAAA&_nc_zt=28&oh=00_AQI_MtJfxPsP72FzmqEsCggu7k-_wgIeCo8rTPeTs3EQuQ&oe=6A9DCBE4,https://www.instagram.com/reel/DU_1VSaDOye/,DU_1VSaDOye,https://scontent-dfw5-1.cdninstagram.com/v/t51.71878-15/639815488_931969543110602_4962343249978365249_n.jpg?stp=dst-jpg_e35_tt6&_nc_cat=106&ccb=7-5&_nc_sid=18de74&efg=eyJlZmdfdGFnIjoiQ0xJUFMuYmVzdF9pbWFnZV91cmxnZW4uQzMifQ%3D%3D&_nc_ohc=BJjQMoM9HC4Q7kNvwHXNg4V&_nc_oc=Adq-bm8GeYAbxMjXHSONtmhqUzYcjCMgWW_X1tN2-47zvOKINYNb6LGYks2Qbr3e_qM&_nc_zt=23&_nc_ht=scontent-dfw5-1.cdninstagram.com&edm=AM6HXa8EAAAA&_nc_gid=VRYKpTH16Yr5i-BRgrxB9g&_nc_tpa=Q5bMBQKMArsUN_rInN0By17ku-B3Pzb2jTGEGALHckbEcPnJ7ohaaNh-2wzlzdXlZbXlOeLKzRKHukC9&oh=00_AQIWrS5uEZNUb7bRpnySRkRZVexTqgEs02n24T5xnHogwA&oe=6A9DDDD9,20 Feb 2026 11:02:03,qpaypro,REELS
17841443997027489,18055956443414873,¡Nada mejor que tu tienda en línea trabaje para tí! Conoce más de como integrar esta herramienta a tu empresa.???‍? #qpaypro #qpayshop #ventasonline,Yes,0,3,IMAGE,https://scontent-dfw5-2.cdninstagram.com/v/t51.82787-15/636656326_18086927510466568_5432651207162483491_n.jpg?stp=dst-jpg_e35_tt6&_nc_cat=100&ccb=7-5&_nc_sid=18de74&efg=eyJlZmdfdGFnIjoiRkVFRC5iZXN0X2ltYWdlX3VybGdlbi5DMyJ9&_nc_ohc=LEo2On-A3l4Q7kNvwHjz2Ic&_nc_oc=AdqPPqun4k-eQnLRll_BumP9ZIosiMzdXEry4Hk3st4r7Aipvt5_5_ytt8SdA4eqkvg&_nc_zt=23&_nc_ht=scontent-dfw5-2.cdninstagram.com&edm=AM6HXa8EAAAA&_nc_gid=VRYKpTH16Yr5i-BRgrxB9g&oh=00_AQIpYzVexDBHpv22f94nGiVhKD3-okJiBf9AHMZyH44DrQ&oe=6A9DF042,https://www.instagram.com/p/DU6rCbXFLRH/,DU6rCbXFLRH,,18 Feb 2026 10:56:41,qpaypro,FEED
17841443997027489,17853707040654508,"Crea tu tienda en línea sin excusas

#qpaypro #negocios #emprendimiento",Yes,0,13,VIDEO,https://scontent-dfw5-1.cdninstagram.com/o1/v/t2/f2/m367/AQNhjWa1GVDeH2fbqzEwnA9QVqnd9EsFsszkKbtBrYj2vK7S3hNInzOTAkDGJKglRuytlbGUWu-pNHhU2a8S-qel0k6J9edIurJvDZM.mp4?_nc_cat=105&_nc_sid=5e9851&_nc_ht=scontent-dfw5-1.cdninstagram.com&_nc_ohc=YvJ3MpZKSlwQ7kNvwH_C9_D&efg=eyJ2ZW5jb2RlX3RhZyI6Inhwdl9wcm9ncmVzc2l2ZS5JTlNUQUdSQU0uQ0xJUFMuQzMuNzIwLmRhc2hfYmFzZWxpbmVfMV92MSIsInhwdl9hc3NldF9pZCI6MTc5NDYxNDk2NjcxMDI2MDksImFzc2V0X2FnZV9kYXlzIjoxOTcsInZpX3VzZWNhc2VfaWQiOjEwMDk5LCJkdXJhdGlvbl9zIjoyOCwidXJsZ2VuX3NvdXJjZSI6Ind3dyJ9&ccb=17-1&vs=b2c39b8d6473e9ec&_nc_vs=HBksFQIYQGlnX2VwaGVtZXJhbC9DODQ0RDczNkRGNDgwNUFERjI1MDBCRjNFQTlFNzJBRF92aWRlb19kYXNoaW5pdC5tcDQVAALIARIAFQIYUWlnX3hwdl9wbGFjZW1lbnRfcGVybWFuZW50X3YyL0VGNDVFMzNERUUzODZCM0RDMTdCREI3ODA0Q0M5Qjg1X2F1ZGlvX2Rhc2hpbml0Lm1wNBUCAsgBEgAoABgAGwKIB3VzZV9vaWwBMRJwcm9ncmVzc2l2ZV9yZWNpcGUBMRUAACai_vK_svvgPxUCKAJDMywXQDxMzMzMzM0YEmRhc2hfYmFzZWxpbmVfMV92MREAdf4HZeadAQA&_nc_gid=VRYKpTH16Yr5i-BRgrxB9g&edm=AM6HXa8EAAAA&_nc_zt=28&oh=00_AQIfl62BhbP3D6N0Q_bRPTFrNPUCoRmqI-lVNRMhrqV1Aw&oe=6A9DE1AA,https://www.instagram.com/reel/DU1hG-wgUI9/,DU1hG-wgUI9,https://scontent-dfw5-2.cdninstagram.com/v/t51.71878-15/635037527_1236863261210393_4078997046059650813_n.jpg?stp=dst-jpg_e35_tt6&_nc_cat=104&ccb=7-5&_nc_sid=18de74&efg=eyJlZmdfdGFnIjoiQ0xJUFMuYmVzdF9pbWFnZV91cmxnZW4uQzMifQ%3D%3D&_nc_ohc=sfrgkB3CDK4Q7kNvwF-kNjl&_nc_oc=AdraF6sNVZp67YOcTpYazX9B3EGFUoaSd8fl0wvK8ppVzP5JFdoKP5sjAUcOKLd1R20&_nc_zt=23&_nc_ht=scontent-dfw5-2.cdninstagram.com&edm=AM6HXa8EAAAA&_nc_gid=VRYKpTH16Yr5i-BRgrxB9g&_nc_tpa=Q5bMBQKxD5CykV1HO9Tzy9PMa7AsG5G9XED_mPCWEKjnc_ZnYPf4EA2rtqk7bmCVl6MZj-CQoOplcpdZ&oh=00_AQLFltkCKybannZl74668mgU7FxlMpjKRmOhXUxsXpeGvA&oe=6A9DFB82,16 Feb 2026 10:53:39,qpaypro,REELS
17841443997027489,18087048173165943,"Como empezar desde cero
#qpaypro #emprendimiento #negocios",Yes,0,21,VIDEO,https://scontent-dfw5-2.cdninstagram.com/o1/v/t2/f2/m367/AQOuEvWG_RSYOhxDiATBhky3LHWCv3NHt8BSKZ-J9LdCC2z3gT3_8Liw3YxNHy0N5SfyX7GQ_LXnQRilnDqKz59vf_az3wGFwXxi8xM.mp4?_nc_cat=100&_nc_sid=5e9851&_nc_ht=scontent-dfw5-2.cdninstagram.com&_nc_ohc=ozZdKxRo7uQQ7kNvwHjPlyd&efg=eyJ2ZW5jb2RlX3RhZyI6Inhwdl9wcm9ncmVzc2l2ZS5JTlNUQUdSQU0uQ0xJUFMuQzMuNzIwLmRhc2hfYmFzZWxpbmVfMV92MSIsInhwdl9hc3NldF9pZCI6MTc5NDU0NzUwNzgxMDI2MDksImFzc2V0X2FnZV9kYXlzIjoyMDAsInZpX3VzZWNhc2VfaWQiOjEwMDk5LCJkdXJhdGlvbl9zIjozNCwidXJsZ2VuX3NvdXJjZSI6Ind3dyJ9&ccb=17-1&vs=764e9b14392c38d0&_nc_vs=HBksFQIYQGlnX2VwaGVtZXJhbC80ODQzMzEwQzgwRDgzMjU1MDA4RkQ5QTUxQjZBRTdBNl92aWRlb19kYXNoaW5pdC5tcDQVAALIARIAFQIYUWlnX3hwdl9wbGFjZW1lbnRfcGVybWFuZW50X3YyLzVCNDcxMkYwRjMyNzYxN0MwMDI5ODlCNjM1NTZFNTgyX2F1ZGlvX2Rhc2hpbml0Lm1wNBUCAsgBEgAoABgAGwKIB3VzZV9vaWwBMRJwcm9ncmVzc2l2ZV9yZWNpcGUBMRUAACai-di1kNTgPxUCKAJDMywXQEEZmZmZmZoYEmRhc2hfYmFzZWxpbmVfMV92MREAdf4HZeadAQA&_nc_gid=VRYKpTH16Yr5i-BRgrxB9g&edm=AM6HXa8EAAAA&_nc_zt=28&oh=00_AQJV_3BGcUVwDgq_VfZX3uN0vjrNWapnW_biLiqcB-5UVA&oe=6A9DE85D,https://www.instagram.com/reel/DUtxTh9gZ6k/,DUtxTh9gZ6k,https://scontent-dfw5-1.cdninstagram.com/v/t51.71878-15/635158520_1922522435812674_4128531888752246780_n.jpg?stp=dst-jpg_e35_tt6&_nc_cat=105&ccb=7-5&_nc_sid=18de74&efg=eyJlZmdfdGFnIjoiQ0xJUFMuYmVzdF9pbWFnZV91cmxnZW4uQzMifQ%3D%3D&_nc_ohc=V3Sh-aBbuv0Q7kNvwESSPzO&_nc_oc=AdqjGbSVkuc3DpK4lcc8bRvTw-_9xHe5I8aHvOL7oYV759d9Dvnf7QfCY5YLW9kTlHo&_nc_zt=23&_nc_ht=scontent-dfw5-1.cdninstagram.com&edm=AM6HXa8EAAAA&_nc_gid=VRYKpTH16Yr5i-BRgrxB9g&_nc_tpa=Q5bMBQJ1FC02Au8FdKj9Snm7l_O0Lr4i9WDlXFSzIduxXLrl8JrDpaHhj-Ck6AyyFvjDcAttNTawXccM&oh=00_AQLjM_mgE0B77PpDiKm_mlZrPK1uocKOvaPZDWvmPU__Zw&oe=6A9DCEF9,13 Feb 2026 10:41:37,qpaypro,REELS
17841443997027489,18081859529212433,"IT al rescate
#humor #fyp #trend #humoroficina",Yes,0,12,VIDEO,https://scontent-dfw5-2.cdninstagram.com/o1/v/t2/f2/m86/AQOyPURWhF3LuxOcaNw6COUTbIqgq6mNHW9ad-8tHh8Z-NkKKyTYTxEH7dP6an0kPCLKRdR9TkXSYzPOCm-h1fg.mp4?_nc_cat=104&_nc_sid=5e9851&_nc_ht=scontent-dfw5-2.cdninstagram.com&_nc_ohc=BVzs3GuWVEcQ7kNvwHd-X47&efg=eyJ2ZW5jb2RlX3RhZyI6Inhwdl9wcm9ncmVzc2l2ZS5JTlNUQUdSQU0uQ0xJUFMuQzMuMzYwLmRhc2hfYmFzZWxpbmVfM192MSIsInhwdl9hc3NldF9pZCI6MTc5NDUyNzA4MTcxMDI2MDksImFzc2V0X2FnZV9kYXlzIjoyMDEsInZpX3VzZWNhc2VfaWQiOjEwMDk5LCJkdXJhdGlvbl9zIjoyNiwidXJsZ2VuX3NvdXJjZSI6Ind3dyJ9&ccb=17-1&vs=8715d160201c562b&_nc_vs=HBksFQIYRmlnX3hwdl9yZWVsc19wZXJtYW5lbnRfc3JfcHJvZC85MjIwNTg1NDAzNTQzMzlfODQ3ODU4OTIxNzI5NDI4MjQ1My5tcDQVAALIARIAFQIYUWlnX3hwdl9wbGFjZW1lbnRfcGVybWFuZW50X3YyLzUxNEIxMzFGNEM2RUVCMjMzOTA3MTNEOTkzODk0MEEzX2F1ZGlvX2Rhc2hpbml0Lm1wNBUCAsgBEgAoABgAGwKIB3VzZV9vaWwBMRJwcm9ncmVzc2l2ZV9yZWNpcGUBMRUAACai7JzHnsjgPxUCKAJDMywXQDozMzMzMzMYEmRhc2hfYmFzZWxpbmVfM192MREAdf4HZeadAQA&_nc_gid=VRYKpTH16Yr5i-BRgrxB9g&edm=AM6HXa8EAAAA&_nc_zt=28&_nc_enc=QcHt-vmnILX9jAW_cLAQMjjdUW787K-paJz8tw8N9ve1X45Uw2jIt-i2duFE6I5E-ZUedliIOZRXRUyC7wAgYhnxwW8-36ZIrF_HHyIg93wfFKTbX09Yc-iidmupJx-3J1dqGh32-7IEYzI_XQtfzo4cFg&oh=00_AQIVJ2arqRU-g6En3JnwEfMhWn6F4hrIGxl4_6dHER6rdg&oe=6A99F798,https://www.instagram.com/reel/DUrLB1HAQ44/,DUrLB1HAQ44,https://scontent-dfw6-2.cdninstagram.com/v/t51.71878-15/630012730_1428389622074968_5656741405250199651_n.jpg?stp=dst-jpg_e35_tt6&_nc_cat=110&ccb=7-5&_nc_sid=18de74&efg=eyJlZmdfdGFnIjoiQ0xJUFMuYmVzdF9pbWFnZV91cmxnZW4uQzMifQ%3D%3D&_nc_ohc=APQ2hp8pfc8Q7kNvwG0Jax7&_nc_oc=AdpTzh3gX2giIkWilZWcGczL4nvDhMVv4x27efsZqNiq8QXdQk0PaZU6L9RUduR18bY&_nc_zt=23&_nc_ht=scontent-dfw6-2.cdninstagram.com&edm=AM6HXa8EAAAA&_nc_gid=VRYKpTH16Yr5i-BRgrxB9g&_nc_tpa=Q5bMBQLugQ2dmgvMLhkkMGC70oimx8ehVlvrgD8zgPQ3T2xPhfHmwni8r8EbGwLSQAKkOc2DR183LJVV&oh=00_AQIf8GreM5h4OgeWQMh9XqtKl9S61CG6nAZginj2fXpHuw&oe=6A9DE214,12 Feb 2026 10:27:24,qpaypro,REELS
17841443997027489,18001749893855144,"??Nuestro servicio nos caracteriza, conoce lo que opinan nuestros clientes ?.",Yes,3,7,CAROUSEL_ALBUM,https://scontent-dfw5-1.cdninstagram.com/v/t51.82787-15/626226148_18086252552466568_7246999859643387781_n.jpg?stp=dst-jpg_e35_tt6&_nc_cat=111&ccb=7-5&_nc_sid=18de74&efg=eyJlZmdfdGFnIjoiQ0FST1VTRUxfSVRFTS5iZXN0X2ltYWdlX3VybGdlbi5DMyJ9&_nc_ohc=xQDnlqRiCWAQ7kNvwG8jm2v&_nc_oc=Adp-_aeylJ31bMTl-pT5dl_JbKPnGebStrf3yiAiI1BoCrWVuyufeZEv5uqg2jEYvOE&_nc_zt=23&_nc_ht=scontent-dfw5-1.cdninstagram.com&edm=AM6HXa8EAAAA&_nc_gid=VRYKpTH16Yr5i-BRgrxB9g&oh=00_AQJF5YOdMtSfThFqlqKv5YcF88gpyTDC4LeOdp1T33SHnw&oe=6A9DD45A,https://www.instagram.com/p/DUrJoTdlHjU/,DUrJoTdlHjU,,12 Feb 2026 10:16:06,qpaypro,FEED
17841443997027489,18339079909213970,"Mejora tu pagina con estos tips
#qpaypro #emprendimiento #negocios",Yes,0,5,VIDEO,https://scontent-dfw5-1.cdninstagram.com/o1/v/t2/f2/m86/AQNN7Ce8Es2xpUZQ3gdionrKgaYtPlWLqR4nV2F0OCkZjlW6fM2Hma4BEa7tHvUbpr5yoIw3OwOpT4RmEW-xK7Y.mp4?_nc_cat=106&_nc_sid=5e9851&_nc_ht=scontent-dfw5-1.cdninstagram.com&_nc_ohc=z8KHHYn0iRsQ7kNvwHRyxew&efg=eyJ2ZW5jb2RlX3RhZyI6Inhwdl9wcm9ncmVzc2l2ZS5JTlNUQUdSQU0uQ0xJUFMuQzMuMzYwLmRhc2hfYmFzZWxpbmVfM192MSIsInhwdl9hc3NldF9pZCI6MTc5NDQ4MzM1MTkxMDI2MDksImFzc2V0X2FnZV9kYXlzIjoyMDMsInZpX3VzZWNhc2VfaWQiOjEwMDk5LCJkdXJhdGlvbl9zIjo0MiwidXJsZ2VuX3NvdXJjZSI6Ind3dyJ9&ccb=17-1&vs=934d3f8333b01367&_nc_vs=HBksFQIYRmlnX3hwdl9yZWVsc19wZXJtYW5lbnRfc3JfcHJvZC83OTU4NTM3ODI3ODgwNjNfMTU4NzMyNzkxMTYzMDUxNjExMS5tcDQVAALIARIAFQIYUWlnX3hwdl9wbGFjZW1lbnRfcGVybWFuZW50X3YyLzNDNDhERDdBRDQyODc5NjY3RDA3RjRBQjI5MEFCMzg2X2F1ZGlvX2Rhc2hpbml0Lm1wNBUCAsgBEgAoABgAGwKIB3VzZV9vaWwBMRJwcm9ncmVzc2l2ZV9yZWNpcGUBMRUAACaiqq235K7gPxUCKAJDMywXQEVMzMzMzM0YEmRhc2hfYmFzZWxpbmVfM192MREAdf4HZeadAQA&_nc_gid=VRYKpTH16Yr5i-BRgrxB9g&edm=AM6HXa8EAAAA&_nc_zt=28&oh=00_AQI2dw-rBG8j83-_RIamlbm8xiggdoCfmvNPI0i8SSmQVw&oe=6A99FC72,https://www.instagram.com/reel/DUlQeghjkxh/,DUlQeghjkxh,https://scontent-dfw5-1.cdninstagram.com/v/t51.71878-15/629376179_1469913954666205_1349581024120466531_n.jpg?stp=dst-jpg_e35_tt6&_nc_cat=106&ccb=7-5&_nc_sid=18de74&efg=eyJlZmdfdGFnIjoiQ0xJUFMuYmVzdF9pbWFnZV91cmxnZW4uQzMifQ%3D%3D&_nc_ohc=sViFfpIrq0MQ7kNvwEDcV37&_nc_oc=Ado4V_RmdEqfMXp2qQV21u-nloMI8MwDPHH736uEEVouccpBmHdPJRnX-PY7MZPLOwI&_nc_zt=23&_nc_ht=scontent-dfw5-1.cdninstagram.com&edm=AM6HXa8EAAAA&_nc_gid=VRYKpTH16Yr5i-BRgrxB9g&_nc_tpa=Q5bMBQJaC-g2ipWjweb6VpqE5GuQFgVMYdNCyT1UejMoZXRkhSOij2L8ayk0llMigvEYN5PbmWNbIhGr&oh=00_AQKwxU5tabCOuyv9p9vq6pZZvRS1ptBDVLvz4w5a4tQpIg&oe=6A9DEB6C,10 Feb 2026 03:20:21,qpaypro,REELS
17841443997027489,17843323122690562,"¿Y quién te dijo que cobrar en línea es difícil? ?

Durante años nos hicieron creer que para cobrar en línea era complicado. Pero la realidad es otra ?",Yes,0,8,VIDEO,https://scontent-dfw5-2.cdninstagram.com/o1/v/t2/f2/m367/AQNbOWM0Ujg3oxU4lNmLvWyOq5EdQkIOo9W7cteaHE-K7WKroQeX-9ZG8XsyhGtpOYuIgZNkxwUJyhszxIbCdau9JOZQpWUByZyi1HA.mp4?_nc_cat=104&_nc_sid=5e9851&_nc_ht=scontent-dfw5-2.cdninstagram.com&_nc_ohc=FXtMIW1wvkAQ7kNvwFCUg75&efg=eyJ2ZW5jb2RlX3RhZyI6Inhwdl9wcm9ncmVzc2l2ZS5JTlNUQUdSQU0uQ0xJUFMuQzMuNTc2LmRhc2hfYmFzZWxpbmVfMV92MSIsInhwdl9hc3NldF9pZCI6MTc5NDQ2OTA5MDUxMDI2MDksImFzc2V0X2FnZV9kYXlzIjoyMDQsInZpX3VzZWNhc2VfaWQiOjEwMDk5LCJkdXJhdGlvbl9zIjoyMSwidXJsZ2VuX3NvdXJjZSI6Ind3dyJ9&ccb=17-1&vs=ea658c3e325fb662&_nc_vs=HBksFQIYQGlnX2VwaGVtZXJhbC9DRjQ5RTQ0RDI2QUQxRjczMEIxNjI1NTA5RTU5QkI5NF92aWRlb19kYXNoaW5pdC5tcDQVAALIARIAFQIYUWlnX3hwdl9wbGFjZW1lbnRfcGVybWFuZW50X3YyLzlCNEFCM0NDNDBCMzY1MENCMkJCMjIxRDcxQkFGM0I2X2F1ZGlvX2Rhc2hpbml0Lm1wNBUCAsgBEgAoABgAGwKIB3VzZV9vaWwBMRJwcm9ncmVzc2l2ZV9yZWNpcGUBMRUAACai5IXwvabgPxUCKAJDMywXQDWqfvnbItEYEmRhc2hfYmFzZWxpbmVfMV92MREAdf4HZeadAQA&_nc_gid=VRYKpTH16Yr5i-BRgrxB9g&edm=AM6HXa8EAAAA&_nc_zt=28&oh=00_AQJF1-SHX_uZAcFMgsOGJqA_wG_y_X-zI8kUgUYJeJzakw&oe=6A9DDDE1,https://www.instagram.com/reel/DUjGwlhEf34/,DUjGwlhEf34,https://scontent-dfw6-1.cdninstagram.com/v/t51.71878-15/631503852_890203833928485_1976708854904854241_n.jpg?stp=dst-jpg_e35_tt6&_nc_cat=101&ccb=7-5&_nc_sid=18de74&efg=eyJlZmdfdGFnIjoiQ0xJUFMuYmVzdF9pbWFnZV91cmxnZW4uQzMifQ%3D%3D&_nc_ohc=zmFoLwQK5QsQ7kNvwEnP8g_&_nc_oc=AdpkSu1Fv2eGMt-Dp5hiMPFzyHHUacAIuXhmWWD4p6-0sq136tsnwyNqIJMyqY7ne-s&_nc_zt=23&_nc_ht=scontent-dfw6-1.cdninstagram.com&edm=AM6HXa8EAAAA&_nc_gid=VRYKpTH16Yr5i-BRgrxB9g&_nc_tpa=Q5bMBQJ3AlbQwTISVVeVf14RH7hVRBqRghI3-iznEld83N2vkoIFaLs--YaQHWsh7uwtCixgamB_2SmT&oh=00_AQJrpnn-gJ8c6xh29tC8xe_a5AzxlQKXRrZbD9y1rTVHPA&oe=6A9DF9F2,09 Feb 2026 07:17:04,qpaypro,REELS
17841443997027489,18063489932297650,Los links de pago son los favoritos de nuestros clientes. ¿Qué esperas para probarlos? ??? www.qpaypro.com #qpaypro #emprendimiento #negocios,Yes,0,5,VIDEO,https://scontent-dfw6-2.cdninstagram.com/o1/v/t2/f2/m367/AQNmICsakixL3uGTWbCVpf7RZUZWa6tGCVmEWogzEO7KSmtFObfN_cZMnaVyRldPtdtU1w25fD5dhQZhJ8YW6_8BwkT_5_vi5R6Ojjc.mp4?_nc_cat=109&_nc_sid=5e9851&_nc_ht=scontent-dfw6-2.cdninstagram.com&_nc_ohc=c6xuK5j5tQkQ7kNvwELK0XY&efg=eyJ2ZW5jb2RlX3RhZyI6Inhwdl9wcm9ncmVzc2l2ZS5JTlNUQUdSQU0uQ0xJUFMuQzMuNTc2LmRhc2hfYmFzZWxpbmVfMV92MSIsInhwdl9hc3NldF9pZCI6MTc5NDQyODI0NjExMDI2MDksImFzc2V0X2FnZV9kYXlzIjoyMDYsInZpX3VzZWNhc2VfaWQiOjEwMDk5LCJkdXJhdGlvbl9zIjoyOCwidXJsZ2VuX3NvdXJjZSI6Ind3dyJ9&ccb=17-1&vs=3fe00f94fa134933&_nc_vs=HBksFQIYQGlnX2VwaGVtZXJhbC9DNjRCNjY3RDg2NDJBMDFDODQ4RDIwNUY5MTZEMTFCM192aWRlb19kYXNoaW5pdC5tcDQVAALIARIAFQIYUWlnX3hwdl9wbGFjZW1lbnRfcGVybWFuZW50X3YyLzg4NDgzN0JCQjA3RDMzQ0ZGOEY3RDNDRjNGNzcyRkE2X2F1ZGlvX2Rhc2hpbml0Lm1wNBUCAsgBEgAoABgAGwKIB3VzZV9vaWwBMRJwcm9ncmVzc2l2ZV9yZWNpcGUBMRUAACaiiL_d2o7gPxUCKAJDMywXQDwzMzMzMzMYEmRhc2hfYmFzZWxpbmVfMV92MREAdf4HZeadAQA&_nc_gid=VRYKpTH16Yr5i-BRgrxB9g&edm=AM6HXa8EAAAA&_nc_zt=28&oh=00_AQLBt2AWLcNFUD2qo8n1_Bj-F-m1jegtscOnM57jld8n3g&oe=6A9DF4AE,https://www.instagram.com/reel/DUdm2yVFJpY/,DUdm2yVFJpY,https://scontent-dfw6-1.cdninstagram.com/v/t51.71878-15/629437722_1787216451953802_1659205070712255680_n.jpg?stp=dst-jpg_e35_tt6&_nc_cat=101&ccb=7-5&_nc_sid=18de74&efg=eyJlZmdfdGFnIjoiQ0xJUFMuYmVzdF9pbWFnZV91cmxnZW4uQzMifQ%3D%3D&_nc_ohc=bmsXPhQeJH8Q7kNvwG92eN9&_nc_oc=AdrpkZ9F2J90DGHv_44YsAZ5f7ZNZF9q08cTZQk1u6zBz0G3s4wb63fswiilz7ADZBM&_nc_zt=23&_nc_ht=scontent-dfw6-1.cdninstagram.com&edm=AM6HXa8EAAAA&_nc_gid=VRYKpTH16Yr5i-BRgrxB9g&_nc_tpa=Q5bMBQKvv-IAOn6GCiQgW3kIo9zv2BJ1fFTC08gug3lpgfXYxkNKQhXcCsO0wAb0u9Qx-mQAj0r8WawE&oh=00_AQKOEGqv1jO-RJKZ4pi01TRGxqhKbPotvyKMsWq_kSkxbw&oe=6A9DEF4B,07 Feb 2026 04:02:04,qpaypro,REELS
17841443997027489,17983953983955893,"Cuando el equipo de MK de #qpaypro se acerca el temor
#humor #negocios #oficina",Yes,0,37,VIDEO,https://scontent-dfw5-2.cdninstagram.com/o1/v/t2/f2/m367/AQNet6Jis6JyYtuNyuY2HT-OAsqRuLNI74c4bsxrPYYtKb2tQEw71pkz7EjadA9rKjPzO5UlSbr1QJaYROX2mKUz1T5wAzIGqkR8k5c.mp4?_nc_cat=104&_nc_sid=5e9851&_nc_ht=scontent-dfw5-2.cdninstagram.com&_nc_ohc=SwspkagIBAIQ7kNvwFX8MSu&efg=eyJ2ZW5jb2RlX3RhZyI6Inhwdl9wcm9ncmVzc2l2ZS5JTlNUQUdSQU0uQ0xJUFMuQzMuNzIwLmRhc2hfYmFzZWxpbmVfMV92MSIsInhwdl9hc3NldF9pZCI6MTc5NDQxMzkyMzUxMDI2MDksImFzc2V0X2FnZV9kYXlzIjoyMDcsInZpX3VzZWNhc2VfaWQiOjEwMDk5LCJkdXJhdGlvbl9zIjo2LCJ1cmxnZW5fc291cmNlIjoid3d3In0%3D&ccb=17-1&vs=f569f237f2953e47&_nc_vs=HBksFQIYQGlnX2VwaGVtZXJhbC9CQjQ0QUZCMDgzMzEwQkEyQ0JBREUyREE4MjJCREM4QV92aWRlb19kYXNoaW5pdC5tcDQVAALIARIAFQIYUWlnX3hwdl9wbGFjZW1lbnRfcGVybWFuZW50X3YyL0NDNDY2OEQxMjA3MTI0QTdFM0YyRDAxNEU0QUE5RUJGX2F1ZGlvX2Rhc2hpbml0Lm1wNBUCAsgBEgAoABgAGwKIB3VzZV9vaWwBMRJwcm9ncmVzc2l2ZV9yZWNpcGUBMRUAACaivsTOr4bgPxUCKAJDMywXQBkzMzMzMzMYEmRhc2hfYmFzZWxpbmVfMV92MREAdf4HZeadAQA&_nc_gid=VRYKpTH16Yr5i-BRgrxB9g&edm=AM6HXa8EAAAA&_nc_zt=28&oh=00_AQIpu_S9lVeFzwT_myPyu6labBwxp4bZpoZZHpzkpRAb-A&oe=6A9DD419,https://www.instagram.com/reel/DUbmHg2AWSA/,DUbmHg2AWSA,https://scontent-dfw5-2.cdninstagram.com/v/t51.71878-15/627967719_2129355514561647_560866450457098659_n.jpg?stp=dst-jpg_e35_tt6&_nc_cat=104&ccb=7-5&_nc_sid=18de74&efg=eyJlZmdfdGFnIjoiQ0xJUFMuYmVzdF9pbWFnZV91cmxnZW4uQzMifQ%3D%3D&_nc_ohc=wUkEF-j70DEQ7kNvwHoPDEP&_nc_oc=AdrgDfTlrOhA0MZVzXipOHdAQGT0eqWLkM636QJ5GZbFIZWpxX-d58QtWogYl6uEWCQ&_nc_zt=23&_nc_ht=scontent-dfw5-2.cdninstagram.com&edm=AM6HXa8EAAAA&_nc_gid=VRYKpTH16Yr5i-BRgrxB9g&_nc_tpa=Q5bMBQIaZYTAWy78EhAUPhQQ7auV69XpEYGhfTbrQwMsuD1Tssgs6wuCXyvoo6nVMN_OJYSMoj9O2oV5&oh=00_AQLm4dAsfPdObaQLM6omUg5YSi6rJUzfF4SUzNGcKEhy6A&oe=6A9DFBA5,06 Feb 2026 09:16:12,qpaypro,REELS
17841443997027489,18019020971805638,Cuando el equipo de MK de #Qpaypro se acerca entra el temor al grupo ?? #teamqpaypro #humor,Yes,0,6,VIDEO,https://scontent-dfw6-2.cdninstagram.com/o1/v/t2/f2/m86/AQMOju1Aqo8QinUejTajEWSLNOLXKExdtAxiZ3NDJIYBeK4_yLX_I1yzD-QD8XU51X8cn2ztx2efrcrum7u3wkEe.mp4?_nc_cat=108&_nc_sid=5e9851&_nc_ht=scontent-dfw6-2.cdninstagram.com&_nc_ohc=SEhejdAuTtoQ7kNvwECMpwV&efg=eyJ2ZW5jb2RlX3RhZyI6Inhwdl9wcm9ncmVzc2l2ZS5JTlNUQUdSQU0uQ0xJUFMuQzMuMzYwLmRhc2hfYmFzZWxpbmVfM192MSIsInhwdl9hc3NldF9pZCI6MTc5NDM5MTUwOTAxMDI2MDksImFzc2V0X2FnZV9kYXlzIjoyMDgsInZpX3VzZWNhc2VfaWQiOjEwMDk5LCJkdXJhdGlvbl9zIjo2LCJ1cmxnZW5fc291cmNlIjoid3d3In0%3D&ccb=17-1&vs=146c8230f022c273&_nc_vs=HBksFQIYR2lnX3hwdl9yZWVsc19wZXJtYW5lbnRfc3JfcHJvZC8xNDQ5MzE5NjczNTcxODgxXzUxOTEwODY3NzkwMzA2MjAxODkubXA0FQACyAESABUCGFFpZ194cHZfcGxhY2VtZW50X3Blcm1hbmVudF92Mi81MjQwRkQ0RTVCMEUyMEE1Q0UyNEVBRkVFNjFBMjBCQ19hdWRpb19kYXNoaW5pdC5tcDQVAgLIARIAKAAYABsCiAd1c2Vfb2lsATEScHJvZ3Jlc3NpdmVfcmVjaXBlATEVAAAmoqWazan53z8VAigCQzMsF0AZMzMzMzMzGBJkYXNoX2Jhc2VsaW5lXzNfdjERAHX-B2XmnQEA&_nc_gid=VRYKpTH16Yr5i-BRgrxB9g&edm=AM6HXa8EAAAA&_nc_zt=28&oh=00_AQIzRuoy0R_NenF4703LfoEh_2ZBMceyJMa8iyuQ3t4Fcw&oe=6A99F8BE,https://www.instagram.com/reel/DUYav-fjgP4/,DUYav-fjgP4,https://scontent-dfw5-1.cdninstagram.com/v/t51.71878-15/625331361_748017931344512_784818662900266995_n.jpg?stp=dst-jpg_e35_tt6&_nc_cat=111&ccb=7-5&_nc_sid=18de74&efg=eyJlZmdfdGFnIjoiQ0xJUFMuYmVzdF9pbWFnZV91cmxnZW4uQzMifQ%3D%3D&_nc_ohc=y7cb6H-k5uoQ7kNvwGwMN_V&_nc_oc=AdpFi9GQes1GyxkAkaFNKQ09Ro9Q0vvcoC0zxE75NdaUwVKsFW96O9pBxdjT_nvw_-o&_nc_zt=23&_nc_ht=scontent-dfw5-1.cdninstagram.com&edm=AM6HXa8EAAAA&_nc_gid=VRYKpTH16Yr5i-BRgrxB9g&_nc_tpa=Q5bMBQISB593u9O03IfCDNsHCeBM9tkJybUfMT-kISvXHXtwToOnHzqHknpRBwy0uDGBwUD0DTMY3PLe&oh=00_AQLSU0Th_Tc76qjZfN96-Q5wd7IjtaG8RGEQR_w7qtC2qg&oe=6A9DD779,05 Feb 2026 03:42:15,qpaypro,REELS
17841443997027489,18045526466509728,? ¿Ya conoces nuestra nueva página web? Explorala ahora ? en: www.qpaypro.com,Yes,0,5,IMAGE,https://scontent-dfw5-2.cdninstagram.com/v/t51.82787-15/628414036_18085420841466568_7402922314783745344_n.jpg?stp=dst-jpg_e35_tt6&_nc_cat=107&ccb=7-5&_nc_sid=18de74&efg=eyJlZmdfdGFnIjoiRkVFRC5iZXN0X2ltYWdlX3VybGdlbi5DMyJ9&_nc_ohc=W7Yk4oRMTOkQ7kNvwGzJnhN&_nc_oc=AdqXkhniuzWf-ifYv2dS90QASlsNGFUn7q0PXLFt7KcHuQijX6BlaShQ6hoVyEA2bGc&_nc_zt=23&_nc_ht=scontent-dfw5-2.cdninstagram.com&edm=AM6HXa8EAAAA&_nc_gid=VRYKpTH16Yr5i-BRgrxB9g&oh=00_AQJGs0SPjmCWjdxbcFS73SUbuLKf8KGtpjH2_utaciRmVw&oe=6A9DDBD4,https://www.instagram.com/p/DUV2v4YE6vD/,DUV2v4YE6vD,,04 Feb 2026 03:45:08,qpaypro,FEED
17841443997027489,18100425979851192,"Si cobrar se vuelve complicado, el cliente se va ? Evita errores comunes y dale a tu negocio una experiencia de pago profesional.?

??Con Qpaypro puedes cobrar en línea de forma segura, simple y sin enredos.",Yes,0,9,VIDEO,https://scontent-dfw6-1.cdninstagram.com/o1/v/t2/f2/m367/AQNgFhyYWNBJsxDVJruGuK1eGsP1qluHc1sHpPiE8hcEP4PtAU4oJNCJG4rTy3jhgQZlh3eYDoQcjY6zjWJ7eiMEJyQtyDf9gQYjVJo.mp4?_nc_cat=101&_nc_sid=5e9851&_nc_ht=scontent-dfw6-1.cdninstagram.com&_nc_ohc=SqNEAiRJDW8Q7kNvwFYyee9&efg=eyJ2ZW5jb2RlX3RhZyI6Inhwdl9wcm9ncmVzc2l2ZS5JTlNUQUdSQU0uQ0xJUFMuQzMuNTc2LmRhc2hfYmFzZWxpbmVfMV92MSIsInhwdl9hc3NldF9pZCI6MTc5NDM2MjY5MDQxMDI2MDksImFzc2V0X2FnZV9kYXlzIjoyMTAsInZpX3VzZWNhc2VfaWQiOjEwMDk5LCJkdXJhdGlvbl9zIjo0MiwidXJsZ2VuX3NvdXJjZSI6Ind3dyJ9&ccb=17-1&vs=eb062b3abd78b9ef&_nc_vs=HBksFQIYQGlnX2VwaGVtZXJhbC80NzQwNzJDRkNEMjkzQ0I4NTYwNDUxREE5OTkyNEQ5OV92aWRlb19kYXNoaW5pdC5tcDQVAALIARIAFQIYUWlnX3hwdl9wbGFjZW1lbnRfcGVybWFuZW50X3YyLzBENDQ2QTAxQzQ4M0RCMURBRkM4MUIwNTgxMkRGMzlBX2F1ZGlvX2Rhc2hpbml0Lm1wNBUCAsgBEgAoABgAGwKIB3VzZV9vaWwBMRJwcm9ncmVzc2l2ZV9yZWNpcGUBMRUAACaim8-5xujfPxUCKAJDMywXQEUiDEm6XjUYEmRhc2hfYmFzZWxpbmVfMV92MREAdf4HZeadAQA&_nc_gid=VRYKpTH16Yr5i-BRgrxB9g&edm=AM6HXa8EAAAA&_nc_zt=28&oh=00_AQJl4W1kuddY4ZwxeAx0Ej-ZPJIlXJfWL5gtVg1ekXwhuQ&oe=6A9DDCC2,https://www.instagram.com/reel/DUUFzMrkiH9/,DUUFzMrkiH9,https://scontent-dfw5-2.cdninstagram.com/v/t51.71878-15/625575967_902187602202325_7411127828069979815_n.jpg?stp=dst-jpg_e35_tt6&_nc_cat=100&ccb=7-5&_nc_sid=18de74&efg=eyJlZmdfdGFnIjoiQ0xJUFMuYmVzdF9pbWFnZV91cmxnZW4uQzMifQ%3D%3D&_nc_ohc=N6WpYVYgbFwQ7kNvwHidkvt&_nc_oc=AdpKnTKnrhqXushVOcQO-PJvxVxXGrvM1i_UsVNJFPA_ynKgM_CjnzUQSRjiu5bnI-4&_nc_zt=23&_nc_ht=scontent-dfw5-2.cdninstagram.com&edm=AM6HXa8EAAAA&_nc_gid=VRYKpTH16Yr5i-BRgrxB9g&_nc_tpa=Q5bMBQKAqpGEQzQdMX6e7mX79PSZC7ee5n0gjxpyYRIqpuMy-8KMRiFgaBEEMChgRGhztYLcE_I1GVrt&oh=00_AQIboemIyQQpGp28rMf7xl7ioVyH1skhK6buwSLPhFa5Lw&oe=6A9DD003,03 Feb 2026 11:20:05,qpaypro,REELS
17841443997027489,18141465895481390,"Esto algo que a casi nadie le gusta escuchar
#qpaypro #emprendimiento #negocios",Yes,1,6,VIDEO,https://scontent-dfw5-2.cdninstagram.com/o1/v/t2/f2/m367/AQN7shMPIK7FRU0B_kPK7kb1gK4R04YgDLJRReVU29knuo0j0t3pQD_uU3yBE-D00rV3SfKDojp5XU_ZyEEr4s9PHWwW6Mu5IkScbQE.mp4?_nc_cat=107&_nc_sid=5e9851&_nc_ht=scontent-dfw5-2.cdninstagram.com&_nc_ohc=Ems7IIVMkNAQ7kNvwHiOfQz&efg=eyJ2ZW5jb2RlX3RhZyI6Inhwdl9wcm9ncmVzc2l2ZS5JTlNUQUdSQU0uQ0xJUFMuQzMuNzIwLmRhc2hfYmFzZWxpbmVfMV92MSIsInhwdl9hc3NldF9pZCI6MTc5NDM2MjQ2NjAxMDI2MDksImFzc2V0X2FnZV9kYXlzIjoyMTAsInZpX3VzZWNhc2VfaWQiOjEwMDk5LCJkdXJhdGlvbl9zIjozNSwidXJsZ2VuX3NvdXJjZSI6Ind3dyJ9&ccb=17-1&vs=746a4125c63f086e&_nc_vs=HBksFQIYQGlnX2VwaGVtZXJhbC9BMjQ0OTlFNEVDRTI5RDE5MDI1NzM5REU5MUY0ODk4MF92aWRlb19kYXNoaW5pdC5tcDQVAALIARIAFQIYUWlnX3hwdl9wbGFjZW1lbnRfcGVybWFuZW50X3YyLzVENDZEMTYyNEJBMEVFNUMxNTZFMjVFNTFBQUVCMUE0X2F1ZGlvX2Rhc2hpbml0Lm1wNBUCAsgBEgAoABgAGwKIB3VzZV9vaWwBMRJwcm9ncmVzc2l2ZV9yZWNpcGUBMRUAACait8ndtejfPxUCKAJDMywXQEHVP3ztkWgYEmRhc2hfYmFzZWxpbmVfMV92MREAdf4HZeadAQA&_nc_gid=VRYKpTH16Yr5i-BRgrxB9g&edm=AM6HXa8EAAAA&_nc_zt=28&oh=00_AQJYs9rNi6fe9yi_JxfExVZ5YuZCFq3KnQtU5SIWbMVvag&oe=6A9DD334,https://www.instagram.com/reel/DUUDAevgR6Q/,DUUDAevgR6Q,https://scontent-dfw5-1.cdninstagram.com/v/t51.71878-15/626053154_1637450500623001_4830018168930153150_n.jpg?stp=dst-jpg_e35_tt6&_nc_cat=111&ccb=7-5&_nc_sid=18de74&efg=eyJlZmdfdGFnIjoiQ0xJUFMuYmVzdF9pbWFnZV91cmxnZW4uQzMifQ%3D%3D&_nc_ohc=aC0Zxra2IaQQ7kNvwEESDHh&_nc_oc=Adr2C7306HDZwM9tMvT_SMQ26nRJQK-xf6qpiRjoAvtxtbqQ3ZtyD7ThFXqqmjTAQHo&_nc_zt=23&_nc_ht=scontent-dfw5-1.cdninstagram.com&edm=AM6HXa8EAAAA&_nc_gid=VRYKpTH16Yr5i-BRgrxB9g&_nc_tpa=Q5bMBQKuhMjS05qh5aXZOg6Pv2rOLZkIDamhPrpx-f9rIqqaqRECgh4VvrYSSYGRluTnrIP-yTWyt0U6&oh=00_AQKjPSwcMbtCMmI_TWce8Ytvl02_Pw464oSLrryswv5zRQ&oe=6A9DDC30,03 Feb 2026 10:54:55,qpaypro,REELS
17841443997027489,18077352263590776,✨Nuestro Kick Off estuvo lleno de nuevas metas y proyectos para este 2026 ¡Somos más que una pasarela de pagos! Somos un equipo lleno de creatividad y metas claras ?,Yes,1,10,VIDEO,https://scontent-dfw5-1.cdninstagram.com/o1/v/t2/f2/m86/AQPok5IcjwGg_lWLSPM1WFYdGbaanH8dBPlrWYLDlcagwHFBEtaM-9yfk7pvTVz1p2K0ubIrhB-_KQi7XOyqSjWxK4Z4puYuTKYx1uw.mp4?_nc_cat=105&_nc_sid=5e9851&_nc_ht=scontent-dfw5-1.cdninstagram.com&_nc_ohc=PSWl-dLlKyIQ7kNvwF5hA4m&efg=eyJ2ZW5jb2RlX3RhZyI6Inhwdl9wcm9ncmVzc2l2ZS5JTlNUQUdSQU0uQ0xJUFMuQzMuMzYwLmRhc2hfYmFzZWxpbmVfM192MSIsInhwdl9hc3NldF9pZCI6MTc5NDIzMjE0MjcxMDI2MDksImFzc2V0X2FnZV9kYXlzIjoyMTcsInZpX3VzZWNhc2VfaWQiOjEwMDk5LCJkdXJhdGlvbl9zIjozNiwidXJsZ2VuX3NvdXJjZSI6Ind3dyJ9&ccb=17-1&vs=47e8ef9e5d00dbf9&_nc_vs=HBksFQIYUmlnX3hwdl9yZWVsc19wZXJtYW5lbnRfc3JfcHJvZC8yNzREOURDMDg2QTMyQUMxNUI5MUI2NzlFODdGRkU5RF92aWRlb19kYXNoaW5pdC5tcDQVAALIARIAFQIYUWlnX3hwdl9wbGFjZW1lbnRfcGVybWFuZW50X3YyL0Y2NDc3Q0YzREZFNzUzOTVEMThENkQzQkM0MzhEOEJDX2F1ZGlvX2Rhc2hpbml0Lm1wNBUCAsgBEgAoABgAGwKIB3VzZV9vaWwBMRJwcm9ncmVzc2l2ZV9yZWNpcGUBMRUAACai7t3xx5zfPxUCKAJDMywXQEIu2RaHKwIYEmRhc2hfYmFzZWxpbmVfM192MREAdf4HZeadAQA&_nc_gid=VRYKpTH16Yr5i-BRgrxB9g&edm=AM6HXa8EAAAA&_nc_zt=28&oh=00_AQIG7lisp9vI17GsVegWwvOpWQyp7vXnRKR52Nmmzu4cuQ&oe=6A99FB0A,https://www.instagram.com/reel/DUCDnr2gT7z/,DUCDnr2gT7z,https://scontent-dfw6-1.cdninstagram.com/v/t51.71878-15/623265337_641975939000304_8964898562790138874_n.jpg?stp=dst-jpg_e35_tt6&_nc_cat=103&ccb=7-5&_nc_sid=18de74&_nc_aid=0&efg=eyJlZmdfdGFnIjoiQ0xJUFMuYmVzdF9pbWFnZV91cmxnZW4uQzMifQ%3D%3D&_nc_ohc=yeSY5q3RFgcQ7kNvwFMjX7G&_nc_oc=Adr9inByXwH_NRvFk8yQNna41PTeSEdssCFgXalLib3_qTTERderHdDyMejhSxoJgXI&_nc_zt=23&_nc_ht=scontent-dfw6-1.cdninstagram.com&edm=AM6HXa8EAAAA&_nc_gid=VRYKpTH16Yr5i-BRgrxB9g&_nc_tpa=Q5bMBQLtSoUgNYz4vOb12vnNIpQW9k4fnHC7IhRlTzuDS49VJ62QKTv9r2HaprMimbZB22c0tMoe8WY1&oh=00_AQLItzT_5k8YG2bjkez5fxVLQaTb2-aJp7oh0R9zztyY1Q&oe=6A9DEA1E,27 Jan 2026 11:14:40,qpaypro,REELS
17841443997027489,18343048711232360,¡Más PRO que nunca! Qpaypro se expande a El Salvador ?? Más oportunidades de ser un PROfesional ? síguenos en nuestra cuenta oficial.,Yes,2,11,VIDEO,https://scontent-dfw6-1.cdninstagram.com/o1/v/t2/f2/m86/AQN6LpZBwUejYn5ZmK_MUciDZxFzrb3I2FEh21YIQSvJxnB666YTsbw8_dDx6n-V7H1XmcroZBNBQjk5Hqx61qXw.mp4?_nc_cat=101&_nc_sid=5e9851&_nc_ht=scontent-dfw6-1.cdninstagram.com&_nc_ohc=DAXj6tNGMYQQ7kNvwHnPivT&efg=eyJ2ZW5jb2RlX3RhZyI6Inhwdl9wcm9ncmVzc2l2ZS5JTlNUQUdSQU0uQ0xJUFMuQzMuNjQwLmRhc2hfYmFzZWxpbmVfM192MSIsInhwdl9hc3NldF9pZCI6MTc5NDE2MDM0NDYxMDI2MDksImFzc2V0X2FnZV9kYXlzIjoyMjEsInZpX3VzZWNhc2VfaWQiOjEwMDk5LCJkdXJhdGlvbl9zIjoyMiwidXJsZ2VuX3NvdXJjZSI6Ind3dyJ9&ccb=17-1&vs=33b9b5cf30b1e10&_nc_vs=HBksFQIYR2lnX3hwdl9yZWVsc19wZXJtYW5lbnRfc3JfcHJvZC8xNDA2Njc4OTM0Mjg2NTUyXzUyMDQ5NTU2MTk4MDAwMDMwOTgubXA0FQACyAESABUCGFFpZ194cHZfcGxhY2VtZW50X3Blcm1hbmVudF92Mi80RDQ0MDE2QjI1NzAzRDM0NkJCRTVBNkVEM0JFMzhCQ19hdWRpb19kYXNoaW5pdC5tcDQVAgLIARIAKAAYABsCiAd1c2Vfb2lsATEScHJvZ3Jlc3NpdmVfcmVjaXBlATEVAAAmounYweLy3j8VAigCQzMsF0A2zMzMzMzNGBJkYXNoX2Jhc2VsaW5lXzNfdjERAHX-B2XmnQEA&_nc_gid=VRYKpTH16Yr5i-BRgrxB9g&edm=AM6HXa8EAAAA&_nc_zt=28&oh=00_AQKuPjrtx6UE8tAJj8AAIKGQBQldLfTGA_as_ID3QL2XUA&oe=6A99D33D,https://www.instagram.com/reel/DT3sfcrgfvh/,DT3sfcrgfvh,https://scontent-dfw6-2.cdninstagram.com/v/t51.71878-15/621167670_1904330223533703_6739847101193339221_n.jpg?stp=dst-jpg_e35_tt6&_nc_cat=109&ccb=7-5&_nc_sid=18de74&efg=eyJlZmdfdGFnIjoiQ0xJUFMuYmVzdF9pbWFnZV91cmxnZW4uQzMifQ%3D%3D&_nc_ohc=F2wOb0Slrg0Q7kNvwG8C1FF&_nc_oc=AdoY2yT0Ux5SkacJ37oW8s8QSWxQEZvmoRLziGJBu1b2r0vH0sS3KfKmf2iYWKmMAQY&_nc_zt=23&_nc_ht=scontent-dfw6-2.cdninstagram.com&edm=AM6HXa8EAAAA&_nc_gid=VRYKpTH16Yr5i-BRgrxB9g&_nc_tpa=Q5bMBQKuOG2eO1hn0Z0jEK69Z5KHdYmetBgLU4YJbDyTFXpfcHLJ0edVNeFiJU-t2xe-t2kfTGl6JXJT&oh=00_AQKW7_zwKFiCQ0cjOm7GS5F3bbZ4rE0kv5_etozI9ma2gA&oe=6A9DF560,23 Jan 2026 10:40:34,qpaypro,REELS
17841443997027489,18391427566183811,? Abre las puertas de tu clínica al mundo entero. Cobra internacionalmente sin rollos y atrae pacientes de todas partes ?✨,Yes,0,2,VIDEO,https://scontent-dfw5-2.cdninstagram.com/o1/v/t2/f2/m86/AQOqSjBi0QbOJOkEkbKnbKfoFjT1M-xRVCQH8IiGY7ETIZm4Sbsk0WD3kXtj6RNzG-sUKyQP822uq0839MBoUTXKCcZa-djj_aK_XXo.mp4?_nc_cat=104&_nc_sid=5e9851&_nc_ht=scontent-dfw5-2.cdninstagram.com&_nc_ohc=P4qZa_UjDkIQ7kNvwHf2fGp&efg=eyJ2ZW5jb2RlX3RhZyI6Inhwdl9wcm9ncmVzc2l2ZS5JTlNUQUdSQU0uQ0xJUFMuQzMuMzYwLmRhc2hfYmFzZWxpbmVfM192MSIsInhwdl9hc3NldF9pZCI6MTc5NDE1ODgzOTIxMDI2MDksImFzc2V0X2FnZV9kYXlzIjoyMjEsInZpX3VzZWNhc2VfaWQiOjEwMDk5LCJkdXJhdGlvbl9zIjoxMywidXJsZ2VuX3NvdXJjZSI6Ind3dyJ9&ccb=17-1&vs=d18c1f279e8aa38&_nc_vs=HBksFQIYUmlnX3hwdl9yZWVsc19wZXJtYW5lbnRfc3JfcHJvZC8xQzQ2RjhCNEUxNURGMjg1Q0JFNjYzRTJDMTIwODJBM192aWRlb19kYXNoaW5pdC5tcDQVAALIARIAFQIYUWlnX3hwdl9wbGFjZW1lbnRfcGVybWFuZW50X3YyL0RENEQ5MDM0Q0I0NzJDREI0MUFGRTNGRjUwRDhCQzlEX2F1ZGlvX2Rhc2hpbml0Lm1wNBUCAsgBEgAoABgAGwKIB3VzZV9vaWwBMRJwcm9ncmVzc2l2ZV9yZWNpcGUBMRUAACaiq4qt8vHePxUCKAJDMywXQCrMzMzMzM0YEmRhc2hfYmFzZWxpbmVfM192MREAdf4HZeadAQA&_nc_gid=VRYKpTH16Yr5i-BRgrxB9g&edm=AM6HXa8EAAAA&_nc_zt=28&oh=00_AQKDF2_DJQtgEw3bEHerwmlq9dJC0NBj3D5aSSnYZf5ybw&oe=6A9A099D,https://www.instagram.com/reel/DT3aZQFjwI7/,DT3aZQFjwI7,https://scontent-dfw6-1.cdninstagram.com/v/t51.71878-15/619662564_833922523008456_4558990849617792120_n.jpg?stp=dst-jpg_e35_tt6&_nc_cat=103&ccb=7-5&_nc_sid=18de74&efg=eyJlZmdfdGFnIjoiQ0xJUFMuYmVzdF9pbWFnZV91cmxnZW4uQzMifQ%3D%3D&_nc_ohc=KOVKlRMEODMQ7kNvwHFQehH&_nc_oc=Adq21FUYul6ibWChewZIMay02CWfzdCusK6v_exfH6AKoBlgJ1NCwcbU2dwGHBgKa5g&_nc_zt=23&_nc_ht=scontent-dfw6-1.cdninstagram.com&edm=AM6HXa8EAAAA&_nc_gid=VRYKpTH16Yr5i-BRgrxB9g&_nc_tpa=Q5bMBQIqfSruCgdBgaUBKIBAkc0NxS0bjkPpT8vXG84GphzT6DrdRTa8XhOD9EXLktjZq-tD8nz7DAZf&oh=00_AQKN3ryITGXX0SUDq61W8hZVRN1BmDqKKD0cvEfpZrtrEA&oe=6A9DD5D3,23 Jan 2026 08:02:07,qpaypro,REELS
17841443997027489,17897967792374533,Tu tienda de beauty lista en minutos con QPayShop ?✨ Vende 24/7 créenos tus ventas se van a duplicar ??,Yes,0,3,VIDEO,https://scontent-dfw6-2.cdninstagram.com/o1/v/t2/f2/m86/AQOYaYSeizmL51U51zbgfHdczNoZaBOCajt-oBZiskfuO7-Fz_9--cDrWLaH8QuLgVtMaCO5sxEftEaLn9exjWXxaZdM7jfN3ZLOJc8.mp4?_nc_cat=108&_nc_sid=5e9851&_nc_ht=scontent-dfw6-2.cdninstagram.com&_nc_ohc=mncDLDs8FBwQ7kNvwGvNWiT&efg=eyJ2ZW5jb2RlX3RhZyI6Inhwdl9wcm9ncmVzc2l2ZS5JTlNUQUdSQU0uQ0xJUFMuQzMuMzYwLmRhc2hfYmFzZWxpbmVfM192MSIsInhwdl9hc3NldF9pZCI6MTc5NDEyMjM0NDgxMDI2MDksImFzc2V0X2FnZV9kYXlzIjoyMjMsInZpX3VzZWNhc2VfaWQiOjEwMDk5LCJkdXJhdGlvbl9zIjoyMiwidXJsZ2VuX3NvdXJjZSI6Ind3dyJ9&ccb=17-1&vs=d39ec000dfbb0b49&_nc_vs=HBksFQIYUmlnX3hwdl9yZWVsc19wZXJtYW5lbnRfc3JfcHJvZC82RTRENDU0ODNGQkU4NjNEMUNDQjcxNDVFQzBBMzhBNF92aWRlb19kYXNoaW5pdC5tcDQVAALIARIAFQIYUWlnX3hwdl9wbGFjZW1lbnRfcGVybWFuZW50X3YyLzk3NDJGOUYzNTE4QkMyMEZDNThBNDYyRkY2MjhBN0JGX2F1ZGlvX2Rhc2hpbml0Lm1wNBUCAsgBEgAoABgAGwKIB3VzZV9vaWwBMRJwcm9ncmVzc2l2ZV9yZWNpcGUBMRUAACaim66n09zePxUCKAJDMywXQDZMzMzMzM0YEmRhc2hfYmFzZWxpbmVfM192MREAdf4HZeadAQA&_nc_gid=VRYKpTH16Yr5i-BRgrxB9g&edm=AM6HXa8EAAAA&_nc_zt=28&oh=00_AQL0WEB6K-WKth36GwH3eV_QqAI666K8iPCSaVRCgT-Y5w&oe=6A99FA41,https://www.instagram.com/reel/DTyDFNjj6Du/,DTyDFNjj6Du,https://scontent-dfw6-2.cdninstagram.com/v/t51.71878-15/619613340_1189278416698262_3023788381166641438_n.jpg?stp=dst-jpg_e35_tt6&_nc_cat=109&ccb=7-5&_nc_sid=18de74&efg=eyJlZmdfdGFnIjoiQ0xJUFMuYmVzdF9pbWFnZV91cmxnZW4uQzMifQ%3D%3D&_nc_ohc=rSyxl62WQTMQ7kNvwF4sYo4&_nc_oc=Ado822uyshKfWAAqMVVzIdOOzfu7ZqimD0c3vVqmyV3dNrq9H-B7PasMKV0qvL1MlpU&_nc_zt=23&_nc_ht=scontent-dfw6-2.cdninstagram.com&edm=AM6HXa8EAAAA&_nc_gid=VRYKpTH16Yr5i-BRgrxB9g&_nc_tpa=Q5bMBQJIJp5fcs47Q3f_kXFdSXOJaRW1yI5oucGa8_-MsDGbxDnKfT9UFZTx-sEHiV_ywO3nUiY_RUF-&oh=00_AQLypLCijh7j72cwxjH-3IQePC3xFmQT2WTQarwQ3qR5UA&oe=6A9DE277,21 Jan 2026 06:02:09,qpaypro,REELS
17841443997027489,18109361743638253,¿Salón lleno pero sin POS? ? Manda tu link de pago Free por WhatsApp y cobra al toque ?? Problema resuelto en 2 segundos ✨,Yes,0,2,VIDEO,https://scontent-dfw5-2.cdninstagram.com/o1/v/t2/f2/m86/AQObH7Yyj7kwriXyjUx0LHbQ6YIC4X50tM0i1ZYRHj94OLuZktPyUcTw3fjQ57NkLw97UvHrxINfNDfwNdOSa0JxX_vnX_62fJ_sJbI.mp4?_nc_cat=100&_nc_sid=5e9851&_nc_ht=scontent-dfw5-2.cdninstagram.com&_nc_ohc=wj4nxRnIL7sQ7kNvwFMie55&efg=eyJ2ZW5jb2RlX3RhZyI6Inhwdl9wcm9ncmVzc2l2ZS5JTlNUQUdSQU0uQ0xJUFMuQzMuMzYwLmRhc2hfYmFzZWxpbmVfM192MSIsInhwdl9hc3NldF9pZCI6MTc5NDA5MjkyMjMxMDI2MDksImFzc2V0X2FnZV9kYXlzIjoyMjUsInZpX3VzZWNhc2VfaWQiOjEwMDk5LCJkdXJhdGlvbl9zIjoxNSwidXJsZ2VuX3NvdXJjZSI6Ind3dyJ9&ccb=17-1&vs=e63cbb577877a47b&_nc_vs=HBksFQIYUmlnX3hwdl9yZWVsc19wZXJtYW5lbnRfc3JfcHJvZC80OTRGQjEwRUUyRjMyQTgyRTdFOTRBMEY2NUQyQzA5OV92aWRlb19kYXNoaW5pdC5tcDQVAALIARIAFQIYUWlnX3hwdl9wbGFjZW1lbnRfcGVybWFuZW50X3YyL0JCNDA5QjkzQ0JFNTdBMzM2RTYwQTY0MkJDRTUxRUIzX2F1ZGlvX2Rhc2hpbml0Lm1wNBUCAsgBEgAoABgAGwKIB3VzZV9vaWwBMRJwcm9ncmVzc2l2ZV9yZWNpcGUBMRUAACaiwsSUw8vePxUCKAJDMywXQC6qfvnbItEYEmRhc2hfYmFzZWxpbmVfM192MREAdf4HZeadAQA&_nc_gid=VRYKpTH16Yr5i-BRgrxB9g&edm=AM6HXa8EAAAA&_nc_zt=28&oh=00_AQKgZzr_ugf4j75WTRsRD06d7_fIJ3xeoiZsn03fZfbzvA&oe=6A99F689,https://www.instagram.com/reel/DTtU87ACnYQ/,DTtU87ACnYQ,https://scontent-dfw5-2.cdninstagram.com/v/t51.71878-15/619123060_865211266138523_5278653612654400992_n.jpg?stp=dst-jpg_e35_tt6&_nc_cat=107&ccb=7-5&_nc_sid=18de74&efg=eyJlZmdfdGFnIjoiQ0xJUFMuYmVzdF9pbWFnZV91cmxnZW4uQzMifQ%3D%3D&_nc_ohc=jgIxtQIWV4EQ7kNvwHTFALo&_nc_oc=AdqgKFO3PE11FbyGAhIvcwI9y_1kztpnr50Kejckvi7csXXcDo8M6k6SeTV8t8Q_fe8&_nc_zt=23&_nc_ht=scontent-dfw5-2.cdninstagram.com&edm=AM6HXa8EAAAA&_nc_gid=VRYKpTH16Yr5i-BRgrxB9g&_nc_tpa=Q5bMBQLBXnCGBq1EbPdbl5POVqSgNYAe9KFBykcE_i_ItVolGlpxfMI6515Sl7GQ_A4Zfj1KHTKXAqOA&oh=00_AQIVXywKrZnSPBGEEKtD0x-nekbOuSi_w5sbgZZvK4LuoA&oe=6A9DD8DB,19 Jan 2026 10:02:04,qpaypro,REELS
17841443997027489,18082894934270825,"Emprendedores esto es para ustedes ✨ Arranca con Free, crece con Shop y recibe tu dinero en 24-48h ? Así de rápido, así de real ?",Yes,0,5,IMAGE,https://scontent-dfw5-1.cdninstagram.com/v/t51.82787-15/614894884_18083246489466568_3527841203918822519_n.jpg?stp=dst-jpg_e35_tt6&_nc_cat=111&ccb=7-5&_nc_sid=18de74&efg=eyJlZmdfdGFnIjoiRkVFRC5iZXN0X2ltYWdlX3VybGdlbi5DMyJ9&_nc_ohc=P3YLz6JIK9sQ7kNvwGSQYq_&_nc_oc=Adrt2IabvWfAmXBAuYslJMPz7Xwtp3yQaHmvHcss7ysciwftqSmHCt0GAfs-KVxwt8A&_nc_zt=23&_nc_ht=scontent-dfw5-1.cdninstagram.com&edm=AM6HXa8EAAAA&_nc_gid=VRYKpTH16Yr5i-BRgrxB9g&oh=00_AQJCJx5iMPtUebtDLhAupm0o6IUzcz961WEQpvYUXihL1w&oe=6A9DD2FE,https://www.instagram.com/p/DTf-EkOgd3W/,DTf-EkOgd3W,,14 Jan 2026 05:32:08,qpaypro,FEED
17841443997027489,18098606788687449,"? Decidí PROfesionalizar mis cobros desde el día 1 con el Plan Free de Qpaypro ? Cero excusas, cero complicaciones ?✨ conoce más: https://zurl.co/TeRqA",Yes,0,3,IMAGE,https://scontent-dfw5-2.cdninstagram.com/v/t51.82787-15/615214876_18083054153466568_5526647839643400092_n.jpg?stp=dst-jpg_e35_tt6&_nc_cat=104&ccb=7-5&_nc_sid=18de74&efg=eyJlZmdfdGFnIjoiRkVFRC5iZXN0X2ltYWdlX3VybGdlbi5DMyJ9&_nc_ohc=rakcr-K078YQ7kNvwH0AufQ&_nc_oc=AdrFmBg9_kywRp1e3CpnD2c-BJ1dyzDc_4d6SvNBhufE-zpRA6zGXGC7MxpHNew1rtA&_nc_zt=23&_nc_ht=scontent-dfw5-2.cdninstagram.com&edm=AM6HXa8EAAAA&_nc_gid=VRYKpTH16Yr5i-BRgrxB9g&oh=00_AQJlXdXTPTe4lo41xhWCBhVYy5MqjoOIw6sdcFwlDQQDYA&oe=6A9DDC52,https://www.instagram.com/p/DTatnZHEiry/,DTatnZHEiry,,12 Jan 2026 04:32:07,qpaypro,FEED
17841443997027489,17991622415873352,"Qpaypro Premium no es un plan, es un power-up ⚡  Integraciones que sí funcionan, cobros  en automático y clientes de todo el mundo pagándote ??",Yes,0,3,IMAGE,https://scontent-dfw5-2.cdninstagram.com/v/t51.82787-15/611660067_18082785953466568_3866803510248393266_n.jpg?stp=dst-jpg_e35_tt6&_nc_cat=104&ccb=7-5&_nc_sid=18de74&efg=eyJlZmdfdGFnIjoiRkVFRC5iZXN0X2ltYWdlX3VybGdlbi5DMyJ9&_nc_ohc=__UdOfu6wVMQ7kNvwGGUZdK&_nc_oc=Ado5jWKU5eD5QPL6UFSgeIXTMAPObzNNVzcLKRU8KBH17E1MOJX6pFKIN06kzrCIuKQ&_nc_zt=23&_nc_ht=scontent-dfw5-2.cdninstagram.com&edm=AM6HXa8EAAAA&_nc_gid=VRYKpTH16Yr5i-BRgrxB9g&oh=00_AQK1VIljjAbpB9iw7Ym8ud9vXAgIlwT5aRFWTvte3utXLQ&oe=6A9DDFD8,https://www.instagram.com/p/DTTT1L7DnYK/,DTTT1L7DnYK,,09 Jan 2026 07:30:08,qpaypro,FEED
17841443997027489,18050720957438653,"Plot twist: tu carrito siempre lleno, notificaciones de venta sin parar ?? Spoiler: todo empieza creando tu tienda en línea ?",Yes,0,3,VIDEO,https://scontent-dfw5-2.cdninstagram.com/o1/v/t2/f2/m86/AQPf6GxHhElg3UjPF_X3CcP_DVYPGW12gqf0_6WjtB7fBYsqRjME7waJVN-N5HttTjh6sPtaMDxJulT43jEGtbKswH7Z2pewXY9xwQc.mp4?_nc_cat=107&_nc_sid=5e9851&_nc_ht=scontent-dfw5-2.cdninstagram.com&_nc_ohc=g6eWJZCmplkQ7kNvwFfCMkk&efg=eyJ2ZW5jb2RlX3RhZyI6Inhwdl9wcm9ncmVzc2l2ZS5JTlNUQUdSQU0uQ0xJUFMuQzMuMzYwLmRhc2hfYmFzZWxpbmVfM192MSIsInhwdl9hc3NldF9pZCI6MTg1Njc4MDAyNTAxMjQ3NiwiYXNzZXRfYWdlX2RheXMiOjIzNywidmlfdXNlY2FzZV9pZCI6MTAwOTksImR1cmF0aW9uX3MiOjE3LCJ1cmxnZW5fc291cmNlIjoid3d3In0%3D&ccb=17-1&vs=88be2cccd659adcb&_nc_vs=HBksFQIYUmlnX3hwdl9yZWVsc19wZXJtYW5lbnRfc3JfcHJvZC9DMTQwMjU1OUE1QkRFMENBRUU5OUMwQjNEQjIzNkM4MV92aWRlb19kYXNoaW5pdC5tcDQVAALIARIAFQIYR2lnX3hwdl9yZWVsc19wZXJtYW5lbnRfc3JfcHJvZC8yMjcxMDM2NjgwMDcyNzM1XzgwNTE0NzM1NTg2MzcyNjkwMjcubXA0FQICyAESACgAGAAbAogHdXNlX29pbAExEnByb2dyZXNzaXZlX3JlY2lwZQExFQAAJviDiZ3prswGFQIoAkMzLBdAMVU_fO2RaBgSZGFzaF9iYXNlbGluZV8zX3YxEQB1_gdl5p0BAA&_nc_gid=VRYKpTH16Yr5i-BRgrxB9g&edm=AM6HXa8EAAAA&_nc_zt=28&oh=00_AQL7xEnsP2s7crVhgDhPcPr-I00qZkwzY_9ysmT4Sf7acQ&oe=6A99D670,https://www.instagram.com/reel/DTN1qbFkVkr/,DTN1qbFkVkr,https://scontent-dfw6-2.cdninstagram.com/v/t51.71878-15/610804014_1408373704405645_8646421314134579683_n.jpg?stp=dst-jpg_e35_tt6&_nc_cat=110&ccb=7-5&_nc_sid=18de74&efg=eyJlZmdfdGFnIjoiQ0xJUFMuYmVzdF9pbWFnZV91cmxnZW4uQzMifQ%3D%3D&_nc_ohc=dR7x3qSnkzsQ7kNvwGgZcLd&_nc_oc=Adq1_EsqgfulbZXLZotz-FAx3dMFOdwW-yOXcHbWTnnM4Nn9hVvV0pkfmJTbHgvnwhg&_nc_zt=23&_nc_ht=scontent-dfw6-2.cdninstagram.com&edm=AM6HXa8EAAAA&_nc_gid=VRYKpTH16Yr5i-BRgrxB9g&_nc_tpa=Q5bMBQLFvnuLt3efoqJ3OsRt5oyiIaqaUA2V9bNm5z-VS8HSPffZestZB_hmBo3jlm8WBMfO_O9YAo2T&oh=00_AQIDj17_WAKB-gQxiMeTUtzQrUEFSbZC8sDV-tRoTePCZQ&oe=6A9DE996,07 Jan 2026 04:32:06,qpaypro,REELS
17841443997027489,18088917727837799,"??Este 2026, proponte una meta que impulse tu negocio: brindar a tus clientes una plataforma de pagos segura y confiable. ? 

#emprendeconconfianza #qpaypro",Yes,0,4,VIDEO,https://scontent-dfw6-2.cdninstagram.com/o1/v/t2/f2/m86/AQMjJSqhNW5n9Azo5ybxOUrRRo5kOSR2C4_ApwQBnRm1oJ6BbhY_ZtqSKV0ORHWIrpcVgs6eshL5FQ6bcShQRu6aiNjrpsHXauvfZlU.mp4?_nc_cat=110&_nc_sid=5e9851&_nc_ht=scontent-dfw6-2.cdninstagram.com&_nc_ohc=bY_1yD4iBZgQ7kNvwETT6pn&efg=eyJ2ZW5jb2RlX3RhZyI6Inhwdl9wcm9ncmVzc2l2ZS5JTlNUQUdSQU0uQ0xJUFMuQzMuMzYwLmRhc2hfYmFzZWxpbmVfM192MSIsInhwdl9hc3NldF9pZCI6MTQ5NzgxNTg1NDY0MDI4NCwiYXNzZXRfYWdlX2RheXMiOjIzOSwidmlfdXNlY2FzZV9pZCI6MTAwOTksImR1cmF0aW9uX3MiOjE0LCJ1cmxnZW5fc291cmNlIjoid3d3In0%3D&ccb=17-1&vs=25dd16ef60083fb0&_nc_vs=HBksFQIYUmlnX3hwdl9yZWVsc19wZXJtYW5lbnRfc3JfcHJvZC9GNDRGQTBCOTQxN0I2QTJCOTMwNjRBMkRDRjhGNEFBOV92aWRlb19kYXNoaW5pdC5tcDQVAALIARIAFQIYR2lnX3hwdl9yZWVsc19wZXJtYW5lbnRfc3JfcHJvZC8xMzk1NDA2MDQxODkwODY3Xzg5NTcxNjM1NDU4NzgyMjg2MDYubXA0FQICyAESACgAGAAbAogHdXNlX29pbAExEnByb2dyZXNzaXZlX3JlY2lwZQExFQAAJriyo9-tkKkFFQIoAkMzLBdALFT987ZFohgSZGFzaF9iYXNlbGluZV8zX3YxEQB1_gdl5p0BAA&_nc_gid=VRYKpTH16Yr5i-BRgrxB9g&edm=AM6HXa8EAAAA&_nc_zt=28&oh=00_AQJxynnqDIsok3mD_279J0qa-oIAdZM8AMDXwzb7zoC_Mg&oe=6A99FCE7,https://www.instagram.com/reel/DTIj1TqiZMi/,DTIj1TqiZMi,https://scontent-dfw5-1.cdninstagram.com/v/t51.71878-15/589030504_798702223183835_4623674169574656210_n.jpg?stp=dst-jpg_e35_tt6&_nc_cat=106&ccb=7-5&_nc_sid=18de74&efg=eyJlZmdfdGFnIjoiQ0xJUFMuYmVzdF9pbWFnZV91cmxnZW4uQzMifQ%3D%3D&_nc_ohc=JJDzoLfETr0Q7kNvwHheghu&_nc_oc=Adog5EQEqwMDPUjZxZVSRrbCLuOW2lZS2V95LM3ESstAGL1j40JMp_WVMkmCDg9B2ac&_nc_zt=23&_nc_ht=scontent-dfw5-1.cdninstagram.com&edm=AM6HXa8EAAAA&_nc_gid=VRYKpTH16Yr5i-BRgrxB9g&_nc_tpa=Q5bMBQKdwZabl5m-14VY4LPoJPcBESrx6kJ9ef6OPNZZRw3X103vBMSt4z8CHwYJRoSMeDM2RMW2W9h-&oh=00_AQL435uDQXw0y8Rm5llAc-kulcZ8a77nrtyOadyUPwapjg&oe=6A9DCDC9,05 Jan 2026 03:20:13,qpaypro,REELS
17841443997027489,18079228430587048,"Que este año esté lleno de nuevas metas y grandes logros. 

Gracias a cada uno de nuestros clientes por su confianza  y a nuestro equipo por hacer posible todo lo que vivimos en 2025. 

¡Vamos por un 2026 lleno de nuevos retos, crecimiento y sorpresas para todos! ??",Yes,0,8,VIDEO,https://scontent-dfw5-2.cdninstagram.com/o1/v/t2/f2/m86/AQNoAcpadcSzB5IeZ933UEl96urfb-94WdZurREkPwQmc992o3iSDqtib20iqv2eqRC_WUkVYlppNkHPc1GV3GhnjhE1vspw3F1NwbI.mp4?_nc_cat=100&_nc_sid=5e9851&_nc_ht=scontent-dfw5-2.cdninstagram.com&_nc_ohc=gLXKfZapY1YQ7kNvwEGte2N&efg=eyJ2ZW5jb2RlX3RhZyI6Inhwdl9wcm9ncmVzc2l2ZS5JTlNUQUdSQU0uQ0xJUFMuQzMuMzYwLmRhc2hfYmFzZWxpbmVfM192MSIsInhwdl9hc3NldF9pZCI6MjU0MTQwMjA3NzgyNTY0MzcsImFzc2V0X2FnZV9kYXlzIjoyNDQsInZpX3VzZWNhc2VfaWQiOjEwMDk5LCJkdXJhdGlvbl9zIjoyMSwidXJsZ2VuX3NvdXJjZSI6Ind3dyJ9&ccb=17-1&vs=3635f9e1eebac98f&_nc_vs=HBksFQIYUmlnX3hwdl9yZWVsc19wZXJtYW5lbnRfc3JfcHJvZC8yQzQzNkU2RDExOUM2Nzg1Q0U3MkQ0OURCNjAxRDM4Nl92aWRlb19kYXNoaW5pdC5tcDQVAALIARIAFQIYR2lnX3hwdl9yZWVsc19wZXJtYW5lbnRfc3JfcHJvZC8xNDE4MTc1NzkzMjgxNjU2XzM5NDY2ODU5OTM5OTYzMTkwOTIubXA0FQICyAESACgAGAAbAogHdXNlX29pbAExEnByb2dyZXNzaXZlX3JlY2lwZQExFQAAJuqg64za-qRaFQIoAkMzLBdANVU_fO2RaBgSZGFzaF9iYXNlbGluZV8zX3YxEQB1_gdl5p0BAA&_nc_gid=VRYKpTH16Yr5i-BRgrxB9g&edm=AM6HXa8EAAAA&_nc_zt=28&oh=00_AQKd2sniIjuh3rLeza_dGOndz6yh1sdOr2Gs9jx0z4pMsQ&oe=6A99FE59,https://www.instagram.com/reel/DS7-Z3nESXj/,DS7-Z3nESXj,https://scontent-dfw5-2.cdninstagram.com/v/t51.71878-15/589588551_3354185868071556_1914765066448598342_n.jpg?stp=dst-jpg_e35_tt6&_nc_cat=107&ccb=7-5&_nc_sid=18de74&efg=eyJlZmdfdGFnIjoiQ0xJUFMuYmVzdF9pbWFnZV91cmxnZW4uQzMifQ%3D%3D&_nc_ohc=zSy1TAF3vqsQ7kNvwEiFW8g&_nc_oc=AdqyxaQLcrxhlZ4PvFlMQbjHsPSJbqxklycG1e-wHfTxtwda37LHgm2Ix_0cq4OB-n0&_nc_zt=23&_nc_ht=scontent-dfw5-2.cdninstagram.com&edm=AM6HXa8EAAAA&_nc_gid=VRYKpTH16Yr5i-BRgrxB9g&_nc_tpa=Q5bMBQIJsN-7tk3dszMjpU9Uc27yu9Q9CptHuRc83npUvidncQTO8BkAn9k6K0miIXAimhTRvb7v4A7r&oh=00_AQJzPsLVGPhMFXyr-g32c-UuFx_4Cag0iT5GCi3csaIvsg&oe=6A9DD7B7,31 Dec 2025 06:02:08,qpaypro,REELS
17841443997027489,18089715754806946,"Meta 2026:  aumentar las ventas x2, comienza hoy mismo con una tienda online. ¡Rápida, Segura y Completa! ??",Yes,0,4,IMAGE,https://scontent-dfw6-2.cdninstagram.com/v/t51.82787-15/607387615_18081659423466568_3689852722920289243_n.jpg?stp=dst-jpg_e35_tt6&_nc_cat=108&ccb=7-5&_nc_sid=18de74&efg=eyJlZmdfdGFnIjoiRkVFRC5iZXN0X2ltYWdlX3VybGdlbi5DMyJ9&_nc_ohc=PwtTkR3vYbUQ7kNvwFyO6w2&_nc_oc=AdosuUx3vlct4cNVCmPpvFh8_AkF36_gK6vgIjoTgF2ODZdsMy8A0a5S66VyOIQCqmg&_nc_zt=23&_nc_ht=scontent-dfw6-2.cdninstagram.com&edm=AM6HXa8EAAAA&_nc_gid=VRYKpTH16Yr5i-BRgrxB9g&oh=00_AQLvsy6NxaqRV238XkXAERkqvcZnyeu5m3SgO3U9BV_3tg&oe=6A9DD003,https://www.instagram.com/p/DS2cwMbkmgs/,DS2cwMbkmgs,,29 Dec 2025 02:32:09,qpaypro,FEED
17841443997027489,18059758229304729,??Conoce el mejor plan para ti y tu negocio. ¡Nosotros nos encargamos de asesorarte! Comienza a cobrar como un Pro.,Yes,0,4,VIDEO,https://scontent-dfw5-1.cdninstagram.com/o1/v/t2/f2/m86/AQMWuaUzI2DueBuBH0vRSH9YVy0V52qAJkj1zcoAoDFXuad0HCFeysQ8DV0EOlFlBukWwU5c0rjSHD74Woo37_lktCPLvFR6KIwzm3I.mp4?_nc_cat=105&_nc_sid=5e9851&_nc_ht=scontent-dfw5-1.cdninstagram.com&_nc_ohc=4HcyUj-nbV4Q7kNvwEuVLjZ&efg=eyJ2ZW5jb2RlX3RhZyI6Inhwdl9wcm9ncmVzc2l2ZS5JTlNUQUdSQU0uQ0xJUFMuQzMuMzYwLmRhc2hfYmFzZWxpbmVfM192MSIsInhwdl9hc3NldF9pZCI6MTQyOTczOTIxMjA2MjIyNiwiYXNzZXRfYWdlX2RheXMiOjI0NywidmlfdXNlY2FzZV9pZCI6MTAwOTksImR1cmF0aW9uX3MiOjE3LCJ1cmxnZW5fc291cmNlIjoid3d3In0%3D&ccb=17-1&vs=e11889d34ec04fe6&_nc_vs=HBksFQIYUmlnX3hwdl9yZWVsc19wZXJtYW5lbnRfc3JfcHJvZC9FMjRDMTIzRkZENzlCRTUwNUEyOTU0NDJBMkEyRkZCNl92aWRlb19kYXNoaW5pdC5tcDQVAALIARIAFQIYR2lnX3hwdl9yZWVsc19wZXJtYW5lbnRfc3JfcHJvZC8yMDYxOTUyMjkxMzI1Njk2XzIzNjk2MzEwNTUyMzMwODI0NzYubXA0FQICyAESACgAGAAbAogHdXNlX29pbAExEnByb2dyZXNzaXZlX3JlY2lwZQExFQAAJqT42Z3jlYoFFQIoAkMzLBdAMczMzMzMzRgSZGFzaF9iYXNlbGluZV8zX3YxEQB1_gdl5p0BAA&_nc_gid=VRYKpTH16Yr5i-BRgrxB9g&edm=AM6HXa8EAAAA&_nc_zt=28&oh=00_AQKhbIzg55cxzauujnb-p8dxzr4f7-vtEaawF9BGIkkgcA&oe=6A99D822,https://www.instagram.com/reel/DS0rf6tDo9z/,DS0rf6tDo9z,https://scontent-dfw5-2.cdninstagram.com/v/t51.71878-15/607711997_1144878890795237_8678737109318600652_n.jpg?stp=dst-jpg_e35_tt6&_nc_cat=104&ccb=7-5&_nc_sid=18de74&efg=eyJlZmdfdGFnIjoiQ0xJUFMuYmVzdF9pbWFnZV91cmxnZW4uQzMifQ%3D%3D&_nc_ohc=pS10JaKWsqgQ7kNvwG-tQ7w&_nc_oc=Adr3Th6w2tjiBaHIWmpJ8dHyMiWdd2PC9_nkwK5p0OFCUe974kLkSw-qrx_2d0j8v5w&_nc_zt=23&_nc_ht=scontent-dfw5-2.cdninstagram.com&edm=AM6HXa8EAAAA&_nc_gid=VRYKpTH16Yr5i-BRgrxB9g&_nc_tpa=Q5bMBQIA50ROWzaeT5o6f87VvB6ISW973SII84ftVTbG55GSA9TpoF7QDTBGl86LmGSsf2TxeAbO_4HQ&oh=00_AQK9RzynmHkHanpwbQ8nlrFBndDgtrMEiPh7jK_nruDNmQ&oe=6A9DF540,28 Dec 2025 10:02:04,qpaypro,REELS
17841443997027489,18058025006321646,"¡Feliz Navidad! ?✨

En QPayPro les deseamos a todos nuestros clientes y seguidores una Navidad llena de unión familiar, paz y muchos momentos especiales. ???",Yes,0,7,IMAGE,https://scontent-dfw5-1.cdninstagram.com/v/t51.82787-15/604579145_18081183965466568_7337704329885994975_n.jpg?stp=dst-jpg_e35_tt6&_nc_cat=106&ccb=7-5&_nc_sid=18de74&efg=eyJlZmdfdGFnIjoiRkVFRC5iZXN0X2ltYWdlX3VybGdlbi5DMyJ9&_nc_ohc=RKk0OnGRFv0Q7kNvwGQ8tNH&_nc_oc=AdqBlA31z-LOGEXyQC4NBddMSlYvBklH_CxLcve5QiIn_1WG1N92V-dwkzUs02H6U4M&_nc_zt=23&_nc_ht=scontent-dfw5-1.cdninstagram.com&edm=AM6HXa8EAAAA&_nc_gid=VRYKpTH16Yr5i-BRgrxB9g&oh=00_AQL5EQ5PZIS3SI2oGA3wEqCqrAsP6HrAUX4oTiQpS62opA&oe=6A9DD10C,https://www.instagram.com/p/DSp80UhEpDG/,DSp80UhEpDG,,24 Dec 2025 06:02:10,qpaypro,FEED
17841443997027489,18089604847812808,"¡Qué mejor manera de comenzar el 2026 que con tu propia tienda en línea! ? 

¿Te interesa? Comentanos “Info” y uno de nuestros asesores se pondrá en contacto contigo. ???",Yes,0,2,IMAGE,https://scontent-dfw6-1.cdninstagram.com/v/t51.82787-15/604498729_18080995475466568_7615064827832215990_n.jpg?stp=dst-jpg_e35_tt6&_nc_cat=101&ccb=7-5&_nc_sid=18de74&efg=eyJlZmdfdGFnIjoiRkVFRC5iZXN0X2ltYWdlX3VybGdlbi5DMyJ9&_nc_ohc=aJfpagWnpKAQ7kNvwHAR4Fo&_nc_oc=AdrEiQH325P9c528eCPCFE5SyejY2e6emOsYNhb4YDw0SucRYXho_hkkQPh-q7oAgTM&_nc_zt=23&_nc_ht=scontent-dfw6-1.cdninstagram.com&edm=AM6HXa8EAAAA&_nc_gid=VRYKpTH16Yr5i-BRgrxB9g&oh=00_AQJX4QehyRQlORYzcRfudoqbIj4vAdj7oRawAdph7ciL_A&oe=6A9DE23A,https://www.instagram.com/p/DSko69wjqdp/,DSko69wjqdp,,22 Dec 2025 04:30:05,qpaypro,FEED
17841443997027489,18055996829653271,Escuchamos a nuestros clientes Pro's y esto fue lo que nos compartieron ?,Yes,0,3,VIDEO,https://scontent-dfw6-1.cdninstagram.com/o1/v/t2/f2/m86/AQNR4jXaheSPPbctNgrEjDvIWQXLX1TqaY0xoOxGeTsUlytstnfdKEYLCtADSp-7OfnMBO94WfUhCFKUEzunixoOT6gqbt3Sh35LCtU.mp4?_nc_cat=101&_nc_sid=5e9851&_nc_ht=scontent-dfw6-1.cdninstagram.com&_nc_ohc=yoxVttIcFL8Q7kNvwGIbHr4&efg=eyJ2ZW5jb2RlX3RhZyI6Inhwdl9wcm9ncmVzc2l2ZS5JTlNUQUdSQU0uQ0xJUFMuQzMuMzYwLmRhc2hfYmFzZWxpbmVfM192MSIsInhwdl9hc3NldF9pZCI6MTAyOTg5NDkxMjY1ODI5NSwiYXNzZXRfYWdlX2RheXMiOjI1NiwidmlfdXNlY2FzZV9pZCI6MTAwOTksImR1cmF0aW9uX3MiOjQyLCJ1cmxnZW5fc291cmNlIjoid3d3In0%3D&ccb=17-1&vs=435c2f1bc6f29f14&_nc_vs=HBksFQIYUmlnX3hwdl9yZWVsc19wZXJtYW5lbnRfc3JfcHJvZC9DRTQ4NjgyMzZBRUI3NEVCQjJCMUZBRjIzQzVENEZCQ192aWRlb19kYXNoaW5pdC5tcDQVAALIARIAFQIYRmlnX3hwdl9yZWVsc19wZXJtYW5lbnRfc3JfcHJvZC83OTIyMTA2MjM4MjM5NTVfNzY3NTk1ODg4NzM1MDE0Nzg5OC5tcDQVAgLIARIAKAAYABsCiAd1c2Vfb2lsATEScHJvZ3Jlc3NpdmVfcmVjaXBlATEVAAAm7q3mhuOr1AMVAigCQzMsF0BFTMzMzMzNGBJkYXNoX2Jhc2VsaW5lXzNfdjERAHX-B2XmnQEA&_nc_gid=VRYKpTH16Yr5i-BRgrxB9g&edm=AM6HXa8EAAAA&_nc_zt=28&oh=00_AQKcltJSm0NQ0oH1teaDROrsJy_qAl8S9R8DW2dHNXItkQ&oe=6A99F572,https://www.instagram.com/reel/DSc6ir9gFrp/,DSc6ir9gFrp,https://scontent-dfw6-2.cdninstagram.com/v/t51.71878-15/589211476_2173151763426278_6123116995587583828_n.jpg?stp=dst-jpg_e35_tt6&_nc_cat=110&ccb=7-5&_nc_sid=18de74&efg=eyJlZmdfdGFnIjoiQ0xJUFMuYmVzdF9pbWFnZV91cmxnZW4uQzMifQ%3D%3D&_nc_ohc=nfMt8jqJiEIQ7kNvwFbidXi&_nc_oc=Adomu_Gj3tbw0xN9DTKdyepgm69ZM72JY51S2R5I6HX2TIxliXSMYYdwjeLcIur_o6w&_nc_zt=23&_nc_ht=scontent-dfw6-2.cdninstagram.com&edm=AM6HXa8EAAAA&_nc_gid=VRYKpTH16Yr5i-BRgrxB9g&_nc_tpa=Q5bMBQJV2ckdzWP30x7Z6GdzuKwZu1Xl3CMriFXKmULliA4Z--qwdPb9kpf38woumv2cT1iwVDZZmITi&oh=00_AQKoaTAnKL7QivHoRJjulTdanuKHAJzPoA3N2TBTBdP4mg&oe=6A9DD9E0,19 Dec 2025 04:32:03,qpaypro,REELS
17841443997027489,17949933549064181,"??La interfaz más Pro, ya está disponible en tu panel. Comienza a probarla en www.qpaypro.com ¿Quieres usarla al máximo? Nosotros te asesoramos. ?",Yes,0,1,VIDEO,https://scontent-dfw6-1.cdninstagram.com/o1/v/t2/f2/m86/AQOtrWkOyLu6kSZmX6T1FgMnHjko5u3CNzG5Qu1gIlJhpvGKK7--cZ9zfEqECln0Ud952VLSc-m0CCM-QHiDkH_XMyrcG9Pg2-YBGhA.mp4?_nc_cat=102&_nc_sid=5e9851&_nc_ht=scontent-dfw6-1.cdninstagram.com&_nc_ohc=5Tw1NPlK0IEQ7kNvwFpkHAg&efg=eyJ2ZW5jb2RlX3RhZyI6Inhwdl9wcm9ncmVzc2l2ZS5JTlNUQUdSQU0uQ0xJUFMuQzMuMzYwLmRhc2hfYmFzZWxpbmVfM192MSIsInhwdl9hc3NldF9pZCI6ODQyNTg4MzY4NjUwNTYyLCJhc3NldF9hZ2VfZGF5cyI6MjU3LCJ2aV91c2VjYXNlX2lkIjoxMDA5OSwiZHVyYXRpb25fcyI6MjEsInVybGdlbl9zb3VyY2UiOiJ3d3cifQ%3D%3D&ccb=17-1&vs=9c23e70c7e094a1c&_nc_vs=HBksFQIYUmlnX3hwdl9yZWVsc19wZXJtYW5lbnRfc3JfcHJvZC81MDQxOEU3NjI2Q0VENDdCNkUzOEU0RTI5RjQ3REU4Ml92aWRlb19kYXNoaW5pdC5tcDQVAALIARIAFQIYR2lnX3hwdl9yZWVsc19wZXJtYW5lbnRfc3JfcHJvZC80MzkxMjc2OTk3ODE5MTU3Xzg3OTYwMzAzNTU5ODQyNjYxNTQubXA0FQICyAESACgAGAAbAogHdXNlX29pbAExEnByb2dyZXNzaXZlX3JlY2lwZQExFQAAJoSFvsaMlf8CFQIoAkMzLBdANSp--dsi0RgSZGFzaF9iYXNlbGluZV8zX3YxEQB1_gdl5p0BAA&_nc_gid=VRYKpTH16Yr5i-BRgrxB9g&edm=AM6HXa8EAAAA&_nc_zt=28&oh=00_AQLcAbu32cP-hci_ExViZaPNpgPoqUtYLX1nwd9JSI50fA&oe=6A99EBE7,https://www.instagram.com/reel/DSaSZlViThf/,DSaSZlViThf,https://scontent-dfw5-2.cdninstagram.com/v/t51.71878-15/592470908_1533408841244148_3620356777565674624_n.jpg?stp=dst-jpg_e35_tt6&_nc_cat=107&ccb=7-5&_nc_sid=18de74&efg=eyJlZmdfdGFnIjoiQ0xJUFMuYmVzdF9pbWFnZV91cmxnZW4uQzMifQ%3D%3D&_nc_ohc=PTg20kzdK7wQ7kNvwHqu8G1&_nc_oc=AdoY6gm5UBJCa_L1hEYopHHT6JVxnN_PHUbpjrHSZmRpL0xS2U0XPuwU3XnRJ6VS2mk&_nc_zt=23&_nc_ht=scontent-dfw5-2.cdninstagram.com&edm=AM6HXa8EAAAA&_nc_gid=VRYKpTH16Yr5i-BRgrxB9g&_nc_tpa=Q5bMBQLapqldURmOCZb3sbLxjMCORr55g6EYUJDZxIugbjN02Et4yPk0EIvpjAtnWeErc7I3RgC7-hNK&oh=00_AQL67o1dI0cGMqWxOkbT-RD1eIg2m-AVI86O8g2GIOZhrA&oe=6A9DCD7D,18 Dec 2025 04:02:08,qpaypro,REELS
17841443997027489,17849955474610891,"¿Listo para unirte a una plataforma moderna, segura y fácil de usar? ? Empieza hoy a cobrar como un Pro. ¡Déjanos tus datos y te contactamos! ?✨",Yes,0,4,VIDEO,https://scontent-dfw6-1.cdninstagram.com/o1/v/t2/f2/m86/AQPqhVD4A037atDx_nMF_XMXOFdn5LQD88N94QR4wP9Qgdrfg0-UzfoB7C4wQ-KB8HNzSaw4Ued_8h54VaknwaZfX9obWSzgRQuP9UU.mp4?_nc_cat=103&_nc_sid=5e9851&_nc_ht=scontent-dfw6-1.cdninstagram.com&_nc_ohc=QBDUwNYJoMAQ7kNvwFQ9h-r&efg=eyJ2ZW5jb2RlX3RhZyI6Inhwdl9wcm9ncmVzc2l2ZS5JTlNUQUdSQU0uQ0xJUFMuQzMuMzYwLmRhc2hfYmFzZWxpbmVfM192MSIsInhwdl9hc3NldF9pZCI6MTU1Nzk5MTMzMjA5OTA5NCwiYXNzZXRfYWdlX2RheXMiOjI1OCwidmlfdXNlY2FzZV9pZCI6MTAwOTksImR1cmF0aW9uX3MiOjMwLCJ1cmxnZW5fc291cmNlIjoid3d3In0%3D&ccb=17-1&vs=c2c1333413cb1efe&_nc_vs=HBksFQIYUmlnX3hwdl9yZWVsc19wZXJtYW5lbnRfc3JfcHJvZC80MTQyMkIzNUI3QzdBQjgzRTIyQTBCMjg5RTJDQzdCRl92aWRlb19kYXNoaW5pdC5tcDQVAALIARIAFQIYSGlnX3hwdl9yZWVsc19wZXJtYW5lbnRfc3JfcHJvZC8yNTMwOTYwMjk4ODcyMDc1N181NDY0NzM3MTA4NjM4MTAxMjQ1Lm1wNBUCAsgBEgAoABgAGwKIB3VzZV9vaWwBMRJwcm9ncmVzc2l2ZV9yZWNpcGUBMRUAACas0M3-g7_EBRUCKAJDMywXQD5mZmZmZmYYEmRhc2hfYmFzZWxpbmVfM192MREAdf4HZeadAQA&_nc_gid=VRYKpTH16Yr5i-BRgrxB9g&edm=AM6HXa8EAAAA&_nc_zt=28&oh=00_AQKeaIucxJSuJiuqKnzUR_LkG1NdeC-Gk513vQyXHt_-_Q&oe=6A99FA28,https://www.instagram.com/reel/DSYaLdvAbVz/,DSYaLdvAbVz,https://scontent-dfw6-2.cdninstagram.com/v/t51.71878-15/599935859_1159641959244838_586567619882656109_n.jpg?stp=dst-jpg_e35_tt6&_nc_cat=110&ccb=7-5&_nc_sid=18de74&efg=eyJlZmdfdGFnIjoiQ0xJUFMuYmVzdF9pbWFnZV91cmxnZW4uQzMifQ%3D%3D&_nc_ohc=yPtm18HgRHAQ7kNvwFk9-Dk&_nc_oc=Adr5P8Mn-bJkHrDw0A3I6426j0jbF6gjv6YWMSjOBYJkOCtHnnCINzFEhaUsZr2fT1k&_nc_zt=23&_nc_ht=scontent-dfw6-2.cdninstagram.com&edm=AM6HXa8EAAAA&_nc_gid=VRYKpTH16Yr5i-BRgrxB9g&_nc_tpa=Q5bMBQKWJyZ8iVRRuNNzEwzRXJMSBRFLWFwcfcxQIfVV7-93kf6DeqQlsbn6eIYZ_o5T_mK_b4sGfxz6&oh=00_AQJYGCDGKi8AU4CCyEOuZJuFc-_9ndm_2tfFOu94zWCEzQ&oe=6A9DDB88,17 Dec 2025 10:32:03,qpaypro,REELS
17841443997027489,17974602785804462,Hemos subido de nivel ? conoce las nuevas funcionalidades de nuestra nueva interfaz. ¿Necesitas ayuda? Nosotros te asesoramos.,Yes,0,3,VIDEO,https://scontent-dfw5-1.cdninstagram.com/o1/v/t2/f2/m86/AQO1_45PW8PhrFXVjQT6uyvjEQZ17pjehcmPz8XZOLC16Jn2mLVqitlZMCI-eBlDwGEGxcPTpvtouUrQDM1EyfI-OeLvN5SKA6uBjRE.mp4?_nc_cat=106&_nc_sid=5e9851&_nc_ht=scontent-dfw5-1.cdninstagram.com&_nc_ohc=VcyA8TEpJNgQ7kNvwEe6aPo&efg=eyJ2ZW5jb2RlX3RhZyI6Inhwdl9wcm9ncmVzc2l2ZS5JTlNUQUdSQU0uQ0xJUFMuQzMuMzYwLmRhc2hfYmFzZWxpbmVfM192MSIsInhwdl9hc3NldF9pZCI6MjE0ODAzODIyNTkzOTYzMCwiYXNzZXRfYWdlX2RheXMiOjI1OSwidmlfdXNlY2FzZV9pZCI6MTAwOTksImR1cmF0aW9uX3MiOjE2LCJ1cmxnZW5fc291cmNlIjoid3d3In0%3D&ccb=17-1&vs=6e71fe6c95623367&_nc_vs=HBksFQIYUmlnX3hwdl9yZWVsc19wZXJtYW5lbnRfc3JfcHJvZC8wNDQzMzQwQkI2MUVEQTBBOTFDMDE1RTZGOTkyMkM4NF92aWRlb19kYXNoaW5pdC5tcDQVAALIARIAFQIYRmlnX3hwdl9yZWVsc19wZXJtYW5lbnRfc3JfcHJvZC84OTUyMjA2OTY0OTk2MjRfNTQyMzA2ODQ5MTIzNDM0MTU2Ni5tcDQVAgLIARIAKAAYABsCiAd1c2Vfb2lsATEScHJvZ3Jlc3NpdmVfcmVjaXBlATEVAAAm3LLe9qPo0AcVAigCQzMsF0AwCHKwIMScGBJkYXNoX2Jhc2VsaW5lXzNfdjERAHX-B2XmnQEA&_nc_gid=VRYKpTH16Yr5i-BRgrxB9g&edm=AM6HXa8EAAAA&_nc_zt=28&oh=00_AQJegD6wVuNFS8heQHW6gSQwzYwD7z_SeBSb-EfqgCNISA&oe=6A99D3EF,https://www.instagram.com/reel/DSVZ5IcCmG7/,DSVZ5IcCmG7,https://scontent-dfw5-1.cdninstagram.com/v/t51.71878-15/601766852_3206543352852790_5163906423113077903_n.jpg?stp=dst-jpg_e35_tt6&_nc_cat=111&ccb=7-5&_nc_sid=18de74&efg=eyJlZmdfdGFnIjoiQ0xJUFMuYmVzdF9pbWFnZV91cmxnZW4uQzMifQ%3D%3D&_nc_ohc=DFMa2_Jv7rEQ7kNvwGh6NZs&_nc_oc=Adq8tunXapVV2cG1I2gN-80-h5FTkzio1AnX-nKv-7VJR2PyJKueYuWl6k3Rhwu3UNA&_nc_zt=23&_nc_ht=scontent-dfw5-1.cdninstagram.com&edm=AM6HXa8EAAAA&_nc_gid=VRYKpTH16Yr5i-BRgrxB9g&_nc_tpa=Q5bMBQIfD4f4NhsC7U2qC473Fh6u4TIzFdzDF4VgBPwxIYsGAgb4gFKHs9aqrpCe9EXE4dP4-fZw22bm&oh=00_AQJc7VpK1MGDUrb6c94JSoCuY-YY1zpch8qVrAJFlf-k6A&oe=6A9DD705,16 Dec 2025 06:32:04,qpaypro,REELS
17841443997027489,18027625802586443,"?Qpaypro más Pro que nunca, conoce los cambios que realizamos para tí! Ya disponible en tu panel ¿Necesitas asesoría? Nosotros te contactamos. ?✨",Yes,0,3,IMAGE,https://scontent-dfw6-1.cdninstagram.com/v/t51.82787-15/589782929_18080326502466568_235717539180552492_n.jpg?stp=dst-jpg_e35_tt6&_nc_cat=101&ccb=7-5&_nc_sid=18de74&efg=eyJlZmdfdGFnIjoiRkVFRC5iZXN0X2ltYWdlX3VybGdlbi5DMyJ9&_nc_ohc=T7x40z_LtAoQ7kNvwHLsP9a&_nc_oc=AdqlUu4LQ6oWwQAiXg5IGryNt4C6DpTOapHjJxn_ZJosObnsmhG6VKIqAfDZ7SmsSlk&_nc_zt=23&_nc_ht=scontent-dfw6-1.cdninstagram.com&edm=AM6HXa8EAAAA&_nc_gid=VRYKpTH16Yr5i-BRgrxB9g&oh=00_AQKHYoB6s18Vu-a9V7GLmrjaBlwgRTRPfbWAEAbdV6uBpQ&oe=6A9DF823,https://www.instagram.com/p/DSSgfb9gb_U/,DSSgfb9gb_U,,15 Dec 2025 03:32:08,qpaypro,FEED
17841443997027489,18328677484246266,?¿Ya lo notaste? hicimos cambios en nuestra interfaz. Inscríbete a nuestro próximo webinar y conoce los cambios mas significativos de nuestra plataforma inscríbete ahora: https://zurl.co/vZDg1,Yes,0,3,IMAGE,https://scontent-dfw5-2.cdninstagram.com/v/t51.82787-15/597925955_18080214515466568_6862291341458279589_n.jpg?stp=dst-jpg_e35_tt6&_nc_cat=100&ccb=7-5&_nc_sid=18de74&efg=eyJlZmdfdGFnIjoiRkVFRC5iZXN0X2ltYWdlX3VybGdlbi5DMyJ9&_nc_ohc=-S9TNvHaFUsQ7kNvwHAgd0G&_nc_oc=Adook_OjVW5krwwgooDH6c8l7m--rk0QN3Rv8NVtB8-ft91HT4oDrRRGWXu-4pWVUUQ&_nc_zt=23&_nc_ht=scontent-dfw5-2.cdninstagram.com&edm=AM6HXa8EAAAA&_nc_gid=VRYKpTH16Yr5i-BRgrxB9g&oh=00_AQIPrshzr7au-56mdaeIjYya9HacM0BUyo4ANm4RxQc1yQ&oe=6A9DF604,https://www.instagram.com/p/DSPxZYAljDH/,DSPxZYAljDH,,14 Dec 2025 02:02:07,qpaypro,FEED
17841443997027489,18091425254503248,!Comienza a cobrar esta navidad totalmente gratis! ?? Cierra el año como un Pro. Conoce más en: www.qpaypro.com afíliate este fin de semana.,Yes,0,4,IMAGE,https://scontent-dfw5-2.cdninstagram.com/v/t51.82787-15/588649641_18080146751466568_2352379214222791033_n.jpg?stp=dst-jpg_e35_tt6&_nc_cat=107&ccb=7-5&_nc_sid=18de74&efg=eyJlZmdfdGFnIjoiRkVFRC5iZXN0X2ltYWdlX3VybGdlbi5DMyJ9&_nc_ohc=HdpexfgF_qMQ7kNvwF7Eekc&_nc_oc=AdpmvBVJb3Iu4Pu9zXScwm-qhYu9X_4F7EYEjO7IgRUbwe98vndAhZAkCaZklbn_YJ4&_nc_zt=23&_nc_ht=scontent-dfw5-2.cdninstagram.com&edm=AM6HXa8EAAAA&_nc_gid=VRYKpTH16Yr5i-BRgrxB9g&oh=00_AQIAk3nlfrLk2wozguYPUFblCwcKX0wQEVfKy5O8_vU3DA&oe=6A9DF1E5,https://www.instagram.com/p/DSOG90OgRA6/,DSOG90OgRA6,,13 Dec 2025 10:30:07,qpaypro,FEED
17841443997027489,18322715161173266,Te dejamos unos tips para esta temporada alta para que cobres de manera segura. ??✨?,Yes,0,3,CAROUSEL_ALBUM,https://scontent-dfw5-1.cdninstagram.com/v/t51.82787-15/586677950_18080004764466568_3905589958414770645_n.jpg?stp=dst-jpg_e35_tt6&_nc_cat=106&ccb=7-5&_nc_sid=18de74&efg=eyJlZmdfdGFnIjoiQ0FST1VTRUxfSVRFTS5iZXN0X2ltYWdlX3VybGdlbi5DMyJ9&_nc_ohc=6dN8e4I_mzUQ7kNvwGev8q9&_nc_oc=AdoAqZi5HZqoAjb2EMpaCyDz_zDaDAwRYbrgJFIltW9MgGYCxRRSqISyo0U2-wfVPiU&_nc_zt=23&_nc_ht=scontent-dfw5-1.cdninstagram.com&edm=AM6HXa8EAAAA&_nc_gid=VRYKpTH16Yr5i-BRgrxB9g&oh=00_AQKPlXI1q9OZ7M8n-RkN5mWH7xBNQijWRljFb0cJWjQIdQ&oe=6A9DF903,https://www.instagram.com/p/DSKn5MOga9W/,DSKn5MOga9W,,12 Dec 2025 02:02:51,qpaypro,FEED
17841443997027489,18556612570018808,Comienza a cobrar  como los Pro's no pierdas más ventas en esta temporada alta ???? #vendeonline #cobrosenguatemala,Yes,0,3,IMAGE,https://scontent-dfw6-2.cdninstagram.com/v/t51.82787-15/590420646_18079929578466568_3060401611094691193_n.jpg?stp=dst-jpg_e35_tt6&_nc_cat=109&ccb=7-5&_nc_sid=18de74&efg=eyJlZmdfdGFnIjoiRkVFRC5iZXN0X2ltYWdlX3VybGdlbi5DMyJ9&_nc_ohc=GuX0CR8G5EsQ7kNvwGnltb-&_nc_oc=AdpMxKSFnzw3kgACIsf9RkN2DUuqHAxshBUVI-eGZ7SLkZTW5G1NMPzPLvfMvncFmN4&_nc_zt=23&_nc_ht=scontent-dfw6-2.cdninstagram.com&edm=AM6HXa8EAAAA&_nc_gid=VRYKpTH16Yr5i-BRgrxB9g&oh=00_AQLfR1wjqz2dyCCqlG-WgosxOXDrZCWjCkjMGCZPJn3AgA&oe=6A9DE769,https://www.instagram.com/p/DSIjZrrgfM_/,DSIjZrrgfM_,,11 Dec 2025 06:45:11,qpaypro,FEED
17841443997027489,18017112008795876,"Convierte tus DMs en tu tienda online ?✨ 

Con QPayShop armas tu tienda en menos de 24 horas y cobras con Visa y Mastercard en segundos. 

Deja de perder ventas en los mensajes y mándales tu tienda en línea al instante. ? ¡Contáctanos!",Yes,1,1,IMAGE,https://scontent-dfw6-1.cdninstagram.com/v/t51.82787-15/590405235_18079822406466568_3103040913363230672_n.jpg?stp=dst-jpg_e35_tt6&_nc_cat=103&ccb=7-5&_nc_sid=18de74&efg=eyJlZmdfdGFnIjoiRkVFRC5iZXN0X2ltYWdlX3VybGdlbi5DMyJ9&_nc_ohc=C8ATxTc7SyIQ7kNvwEfvLHm&_nc_oc=Adqr4AGZyr4HQlTjxBIug2kPpm1Si-vcR9GxfnT7jOfEIKE8L7sRhjvQtaumIestq-I&_nc_zt=23&_nc_ht=scontent-dfw6-1.cdninstagram.com&edm=AM6HXa8EAAAA&_nc_gid=VRYKpTH16Yr5i-BRgrxB9g&oh=00_AQJ2r-iKISaD38RARJ7MST0P6crl1hKumhSrlkoTfRiaOQ&oe=6A9DE222,https://www.instagram.com/p/DSF0CqKltzx/,DSF0CqKltzx,,10 Dec 2025 05:12:49,qpaypro,FEED
17841443997027489,18088398058811758,¿Aún no vendes online? ? Es momento de crecer.#qpaypro te asesora y acompaña en cada paso.  #emprendeconconfianza #vendeenlinea,Yes,0,2,CAROUSEL_ALBUM,https://scontent-dfw6-1.cdninstagram.com/v/t51.82787-15/586687157_18079658483466568_830910658531903282_n.jpg?stp=dst-jpg_e35_tt6&_nc_cat=101&ccb=7-5&_nc_sid=18de74&efg=eyJlZmdfdGFnIjoiQ0FST1VTRUxfSVRFTS5iZXN0X2ltYWdlX3VybGdlbi5DMyJ9&_nc_ohc=VbMgXVcH730Q7kNvwE9z9qt&_nc_oc=AdpJubMjhwZlwToRdsVILELgc3DP-kcdjcy7D9QzS0j6LYu0HS_rW2ePrywaWFtv_zc&_nc_zt=23&_nc_ht=scontent-dfw6-1.cdninstagram.com&edm=AM6HXa8EAAAA&_nc_gid=VRYKpTH16Yr5i-BRgrxB9g&oh=00_AQJvL4MTd9v-JLYyMc-aH13r-WvTYadrwN_G3hUmVlhXPA&oe=6A9DE974,https://www.instagram.com/p/DSBM-QeCM_v/,DSBM-QeCM_v,,08 Dec 2025 10:14:30,qpaypro,FEED
17841443997027489,18074155781264071,"✨Así vivimos nuestro Taller de 0 a éxito, agradecemos a todos nuestros clientes que fueron parte de esta experiencia. Y a nuestro Speaker José René de Webifica por compartir su conocimiento con todos nosotros. ? 

Atentos a nuestras redes sociales para participar en más eventos Pro's? #Qpaypro #TiendasOnline",Yes,0,5,VIDEO,https://scontent-dfw6-1.cdninstagram.com/o1/v/t2/f2/m86/AQMexUisoLQ1sG_PzXzaIhSzmAVrOIuyF9E4Uqdzkdm1HoSRvDrrQLkUbUr4FUU7_PR9w9ueNjZeQCGA7N4yHDqGOue_1ziY4dgVLUM.mp4?_nc_cat=102&_nc_sid=5e9851&_nc_ht=scontent-dfw6-1.cdninstagram.com&_nc_ohc=LKDmNLj4gBIQ7kNvwF6vG_w&efg=eyJ2ZW5jb2RlX3RhZyI6Inhwdl9wcm9ncmVzc2l2ZS5JTlNUQUdSQU0uQ0xJUFMuQzMuMzYwLmRhc2hfYmFzZWxpbmVfM192MSIsInhwdl9hc3NldF9pZCI6MjU0MzI0MTU3NjYzOTM1NzgsImFzc2V0X2FnZV9kYXlzIjoyNzEsInZpX3VzZWNhc2VfaWQiOjEwMDk5LCJkdXJhdGlvbl9zIjozMywidXJsZ2VuX3NvdXJjZSI6Ind3dyJ9&ccb=17-1&vs=c1b047530b2df953&_nc_vs=HBksFQIYUmlnX3hwdl9yZWVsc19wZXJtYW5lbnRfc3JfcHJvZC9BNDQxNEI0NDMzQjBDQzhFNDM4NTAzRTZENjUzRTNBQV92aWRlb19kYXNoaW5pdC5tcDQVAALIARIAFQIYR2lnX3hwdl9yZWVsc19wZXJtYW5lbnRfc3JfcHJvZC8xMjMyNTc1MjU1NTg0NDgyXzg4NjQ1Njc5OTQyODk3Mzk4MTYubXA0FQICyAESACgAGAAbAogHdXNlX29pbAExEnByb2dyZXNzaXZlX3JlY2lwZQExFQAAJtTLybi3qa1aFQIoAkMzLBdAQOqfvnbItBgSZGFzaF9iYXNlbGluZV8zX3YxEQB1_gdl5p0BAA&_nc_gid=VRYKpTH16Yr5i-BRgrxB9g&edm=AM6HXa8EAAAA&_nc_zt=28&oh=00_AQIHUR4TzQ9sMXp-qgmNb0CiW8aC5ZoO5oCN3jTbtjVL2g&oe=6A99F01F,https://www.instagram.com/reel/DR2PQDhj1TV/,DR2PQDhj1TV,https://scontent-dfw6-2.cdninstagram.com/v/t51.82787-15/589017868_18079248713466568_3657878770155932388_n.jpg?stp=dst-jpg_e35_tt6&_nc_cat=109&ccb=7-5&_nc_sid=18de74&efg=eyJlZmdfdGFnIjoiQ0xJUFMuYmVzdF9pbWFnZV91cmxnZW4uQzMifQ%3D%3D&_nc_ohc=7XJepo988ngQ7kNvwFCKiNI&_nc_oc=Adrz26pUZyt8gHJX7wBwYuIcs0vkyPBqWNvWAs1XNXbxn3D-5SLn2AxMRK4Lvy-ted8&_nc_zt=23&_nc_ht=scontent-dfw6-2.cdninstagram.com&edm=AM6HXa8EAAAA&_nc_gid=VRYKpTH16Yr5i-BRgrxB9g&_nc_tpa=Q5bMBQIS9Up6Ekg329bx5uN0ogIP9IP8P0eGHplgy6AJ4uLyt-r0a0EmkbHBDmYoFoemBIhO_pf8P4nE&oh=00_AQKHnyVK7oRhqjcFSe1tEA4TvaDnL0DKxUOE0bcgL25mNw&oe=6A9DE5DE,04 Dec 2025 04:02:32,qpaypro,REELS
17841443997027489,18056912975298633,"? ¡Últimos cupos disponibles!

Aprende cómo construir una tienda online rentable, desde cero y con estrategias reales que sí funcionan.

? 26 de noviembre
? AGEXPORT, Zona 13
⏰ 8:30 AM – 12:00 PM

Si quieres llevar tu negocio al siguiente nivel, este taller es para ti.
? Asegura tu espacio hoy: https://zurl.co/tADoo",Yes,0,4,IMAGE,https://scontent-dfw6-2.cdninstagram.com/v/t51.82787-15/584124901_18078018362466568_3513893439121167402_n.jpg?stp=dst-jpg_e35_tt6&_nc_cat=109&ccb=7-5&_nc_sid=18de74&efg=eyJlZmdfdGFnIjoiRkVFRC5iZXN0X2ltYWdlX3VybGdlbi5DMyJ9&_nc_ohc=uPmp-l8w2uYQ7kNvwFF37M_&_nc_oc=AdrGgbMGBK1WUBaUGE9nTeylJlCmAvoS43G0Mnw2ENoF3ODHcHWbyUOHPsacBwywYAM&_nc_zt=23&_nc_ht=scontent-dfw6-2.cdninstagram.com&edm=AM6HXa8EAAAA&_nc_gid=VRYKpTH16Yr5i-BRgrxB9g&oh=00_AQKl54XHeoBRy1gpLIoIuqgF2mIPTOcJ3JxR3TvQGFUDow&oe=6A9DDF1A,https://www.instagram.com/p/DRVd4s2kp3q/,DRVd4s2kp3q,,21 Nov 2025 10:35:40,qpaypro,FEED
17841443997027489,17969384516976020,"✨No te pierdas de nuestro webinar ""Cómo crear y adquirir tu propia tienda online"". Este próximo 25 de noviembre a las 11:00 a. m  inscríbete ??link en nuestra bio.",Yes,0,2,VIDEO,https://scontent-dfw6-1.cdninstagram.com/o1/v/t2/f2/m86/AQPF-63SxH-SBfsCncAnTlhb5feJ7adND2DeNM0Aeh3NI-7b-Q8XqrLRMXvgJ8xn9ndedPHn6cTfZ23Ej2XRr47aXqpjNIMJsCr0VUM.mp4?_nc_cat=102&_nc_sid=5e9851&_nc_ht=scontent-dfw6-1.cdninstagram.com&_nc_ohc=FIbvAvihfvYQ7kNvwFd3iOk&efg=eyJ2ZW5jb2RlX3RhZyI6Inhwdl9wcm9ncmVzc2l2ZS5JTlNUQUdSQU0uQ0xJUFMuQzMuMzYwLmRhc2hfYmFzZWxpbmVfM192MSIsInhwdl9hc3NldF9pZCI6MTE3NjA5OTYzMzg5MTA5NCwiYXNzZXRfYWdlX2RheXMiOjI4NSwidmlfdXNlY2FzZV9pZCI6MTAwOTksImR1cmF0aW9uX3MiOjksInVybGdlbl9zb3VyY2UiOiJ3d3cifQ%3D%3D&ccb=17-1&vs=f70d1d3fe0496625&_nc_vs=HBksFQIYUmlnX3hwdl9yZWVsc19wZXJtYW5lbnRfc3JfcHJvZC83NzRBNkEzMDYyNDA0RTMxOEYyQzlGQkQ0OEM0MzM4Rl92aWRlb19kYXNoaW5pdC5tcDQVAALIARIAFQIYR2lnX3hwdl9yZWVsc19wZXJtYW5lbnRfc3JfcHJvZC8xNTU1NTM2OTU4OTEzODE0XzM1OTAyMTA5ODUyMTUxNDAxMjUubXA0FQICyAESACgAGAAbAogHdXNlX29pbAExEnByb2dyZXNzaXZlX3JlY2lwZQExFQAAJqycsI6B6pYEFQIoAkMzLBdAIt2yLQ5WBBgSZGFzaF9iYXNlbGluZV8zX3YxEQB1_gdl5p0BAA&_nc_gid=VRYKpTH16Yr5i-BRgrxB9g&edm=AM6HXa8EAAAA&_nc_zt=28&oh=00_AQKs-YZKo9x8QSmmB_5kHxCsckc8A1cOtTZl8TeHhcovnQ&oe=6A99D39F,https://www.instagram.com/reel/DRSurzTjyAH/,DRSurzTjyAH,https://scontent-dfw6-1.cdninstagram.com/v/t51.71878-15/584944997_2032380864084721_1663963359616684515_n.jpg?stp=dst-jpg_e35_tt6&_nc_cat=102&ccb=7-5&_nc_sid=18de74&efg=eyJlZmdfdGFnIjoiQ0xJUFMuYmVzdF9pbWFnZV91cmxnZW4uQzMifQ%3D%3D&_nc_ohc=IYBPLHh_C8IQ7kNvwGDKRV6&_nc_oc=AdoVYQWdUBHlPiCaez_9pYbbzftHvBJmuifpu8I_UIrVVJRP2x5woujJDN1ol1DySX0&_nc_zt=23&_nc_ht=scontent-dfw6-1.cdninstagram.com&edm=AM6HXa8EAAAA&_nc_gid=VRYKpTH16Yr5i-BRgrxB9g&_nc_tpa=Q5bMBQIy04OYyoGt1uznQ3K_-9eoPzSRCu-zsq18ZTzqXBjGIpwAAt52L7Ypp2fwO3AW3-678mcSVDf7&oh=00_AQJwQzjoy353ZFK585qY-dUJC77DT1eYkh5SL2Rb9JJNWw&oe=6A9DDC88,20 Nov 2025 09:03:46,qpaypro,REELS
17841443997027489,18056616506301253,"? ¡De 0 a ÉXITO! Construye una tienda online rentable en 2025

Únete a nuestro taller exclusivo donde aprenderás, de la mano del CEO de Webifica José René Barneond, cómo crear una tienda online que realmente venda.

? BONUS ESPECIAL: ¡Participa en la rifa de 5 tiendas online totalmente GRATIS! ??

? 26 de noviembre
? 8:30 AM - 12 PM
? AGEXPORT | 15 Avenida 14-72 Zona 13
? Cupo limitado — Regístrate ahora y asegura tu espacio.
? Inscríbete en el link de nuestra bio.",Yes,0,10,IMAGE,https://scontent-dfw5-1.cdninstagram.com/v/t51.82787-15/581585796_18077385395466568_5288484466872594958_n.jpg?stp=dst-jpg_e35_tt6&_nc_cat=111&ccb=7-5&_nc_sid=18de74&efg=eyJlZmdfdGFnIjoiRkVFRC5iZXN0X2ltYWdlX3VybGdlbi5DMyJ9&_nc_ohc=cQUV9Kcglu4Q7kNvwH75INj&_nc_oc=AdrfSYsC7J-4cVOZp6kvIQOV5uO5sE1ykwK3n-WC0aZuxGResNojKFq4iKTfLSypRSI&_nc_zt=23&_nc_ht=scontent-dfw5-1.cdninstagram.com&edm=AM6HXa8EAAAA&_nc_gid=VRYKpTH16Yr5i-BRgrxB9g&oh=00_AQLKLo_oFFh27drnJFiEuXTQnt_VVJSnUSEKlzlNybAoyw&oe=6A9DCAF8,https://www.instagram.com/p/DRCyZTYAblQ/,DRCyZTYAblQ,,14 Nov 2025 04:27:20,qpaypro,FEED
17841443997027489,17945541816062719,"? El 42% de las personas prefiere pagar con crédito y el 59% con débito. ¿Vas a seguir dejando ventas sobre la mesa?

? Activa tu método de cobro hoy mismo.",Yes,0,5,VIDEO,https://scontent-dfw5-1.cdninstagram.com/o1/v/t2/f2/m86/AQOOc04I4XL_XP6IYSlVxydwa9xtP_4I9KvAQLWQ64diHXkBiUSjta3FqPmYooqZf3O6GGyZx1gQIa-K28sUXLBXBRbjXWfSfzjxHlk.mp4?_nc_cat=111&_nc_sid=5e9851&_nc_ht=scontent-dfw5-1.cdninstagram.com&_nc_ohc=f1tsV-a5qvEQ7kNvwFyr8Ar&efg=eyJ2ZW5jb2RlX3RhZyI6Inhwdl9wcm9ncmVzc2l2ZS5JTlNUQUdSQU0uQ0xJUFMuQzMuMzU2LmRhc2hfYmFzZWxpbmVfM192MSIsInhwdl9hc3NldF9pZCI6NzM0MjE3MDkzMDIyNjkzLCJhc3NldF9hZ2VfZGF5cyI6MjkzLCJ2aV91c2VjYXNlX2lkIjoxMDA5OSwiZHVyYXRpb25fcyI6NDEsInVybGdlbl9zb3VyY2UiOiJ3d3cifQ%3D%3D&ccb=17-1&vs=2f5bba1ddfc85b49&_nc_vs=HBksFQIYUmlnX3hwdl9yZWVsc19wZXJtYW5lbnRfc3JfcHJvZC9FRDRFOUJENjEwRUU4N0IyRTg3NDJGOTYzNEFBRTM5RV92aWRlb19kYXNoaW5pdC5tcDQVAALIARIAFQIYR2lnX3hwdl9yZWVsc19wZXJtYW5lbnRfc3JfcHJvZC8xMTg3NTkzNTY5OTIzMjU1XzgzMjM1ODgyODQ1NzYyMzE3NzkubXA0FQICyAESACgAGAAbAogHdXNlX29pbAExEnByb2dyZXNzaXZlX3JlY2lwZQExFQAAJsqPpNCH8c0CFQIoAkMzLBdARMzMzMzMzRgSZGFzaF9iYXNlbGluZV8zX3YxEQB1_gdl5p0BAA&_nc_gid=VRYKpTH16Yr5i-BRgrxB9g&edm=AM6HXa8EAAAA&_nc_zt=28&oh=00_AQIf3toUHPnG8qPBnDzPDopPUon0dt2aTf8AsjCrHKEQzw&oe=6A99F8F4,https://www.instagram.com/reel/DQ-LLCZEiIS/,DQ-LLCZEiIS,https://scontent-dfw6-2.cdninstagram.com/v/t51.71878-15/580801426_1343308724199853_6016998066790395571_n.jpg?stp=dst-jpg_e35_tt6&_nc_cat=110&ccb=7-5&_nc_sid=18de74&efg=eyJlZmdfdGFnIjoiQ0xJUFMuYmVzdF9pbWFnZV91cmxnZW4uQzMifQ%3D%3D&_nc_ohc=qltMoLQ_W5sQ7kNvwFlXKRq&_nc_oc=Adp7d8ueNpIezzUAxVt8fRQCxhWwHuNQc5qInCx35Nzs5aXtFYviO-xWqhuoFplRDAU&_nc_zt=23&_nc_ht=scontent-dfw6-2.cdninstagram.com&edm=AM6HXa8EAAAA&_nc_gid=VRYKpTH16Yr5i-BRgrxB9g&_nc_tpa=Q5bMBQIMzNOFi3CFKLvRMPGhJbrYYFqfFYJNNuKn3oanute-kDhMu6IA_q6m9sL0Md8hz-m7MgXFRjDs&oh=00_AQIqe_aNm5P4d1RLXPv6HUEdU0QZDpmlQzh6nVncXsoYUw&oe=6A9DD7BD,12 Nov 2025 09:29:33,qpaypro,REELS
17841443997027489,18094111300863652,"Los emprendedores en Guatemala ya están ganando miles de quetzales  diarios vendiendo en redes sociales ?

¿Y tú, qué esperas para ser el próximo? Haz crecer tu negocio con el método de pago más seguro y confiable del país.

#EmprendeConConfianza #VendeOnline #Qpaypro",Yes,0,4,VIDEO,https://scontent-dfw6-2.cdninstagram.com/o1/v/t2/f2/m86/AQNqQQdqXFJxYgD2dVAyG7jn3dMBVOsFKQlqOqoG0p7ntdCTcu5U7w5EiVfuff6xdWhI746iKdoqOzjie9KNBTjBEYtFXcHJMWhWsVM.mp4?_nc_cat=109&_nc_sid=5e9851&_nc_ht=scontent-dfw6-2.cdninstagram.com&_nc_ohc=rPr8tH_81OQQ7kNvwHmuIlF&efg=eyJ2ZW5jb2RlX3RhZyI6Inhwdl9wcm9ncmVzc2l2ZS5JTlNUQUdSQU0uQ0xJUFMuQzMuMzU2LmRhc2hfYmFzZWxpbmVfM192MSIsInhwdl9hc3NldF9pZCI6ODQ4NjU3MjUwODkwMDM2LCJhc3NldF9hZ2VfZGF5cyI6Mjk0LCJ2aV91c2VjYXNlX2lkIjoxMDA5OSwiZHVyYXRpb25fcyI6MzUsInVybGdlbl9zb3VyY2UiOiJ3d3cifQ%3D%3D&ccb=17-1&vs=74b46d032f7044d3&_nc_vs=HBksFQIYUmlnX3hwdl9yZWVsc19wZXJtYW5lbnRfc3JfcHJvZC8yODRCNjIxNUFEMDFCRkJGRkZCRThDNkNCRTIzNkM4QV92aWRlb19kYXNoaW5pdC5tcDQVAALIARIAFQIYR2lnX3hwdl9yZWVsc19wZXJtYW5lbnRfc3JfcHJvZC8xMzE2NjMyOTUzMTIyNjI4XzY5OTE4Mjk3NDU2NTk2ODk5NTQubXA0FQICyAESACgAGAAbAogHdXNlX29pbAExEnByb2dyZXNzaXZlX3JlY2lwZQExFQAAJujEzZ-t9oEDFQIoAkMzLBdAQbMzMzMzMxgSZGFzaF9iYXNlbGluZV8zX3YxEQB1_gdl5p0BAA&_nc_gid=VRYKpTH16Yr5i-BRgrxB9g&edm=AM6HXa8EAAAA&_nc_zt=28&oh=00_AQLz-5MQ0Z9-Dwns8shkmXu8okX8fwnAnU9F2sqbbb64NA&oe=6A99E166,https://www.instagram.com/reel/DQ7DYTZlXR4/,DQ7DYTZlXR4,https://scontent-dfw6-2.cdninstagram.com/v/t51.71878-15/580873987_1406567521187301_2093175112737138417_n.jpg?stp=dst-jpg_e35_tt6&_nc_cat=108&ccb=7-5&_nc_sid=18de74&efg=eyJlZmdfdGFnIjoiQ0xJUFMuYmVzdF9pbWFnZV91cmxnZW4uQzMifQ%3D%3D&_nc_ohc=mS7XMWweNmIQ7kNvwFaYDs8&_nc_oc=AdrrXRE9xanxy1pQAbuOfl7mSMwwtlCmWId8Rgl-ti2DS7jDcTay7H6TpPv0VUohd5A&_nc_zt=23&_nc_ht=scontent-dfw6-2.cdninstagram.com&edm=AM6HXa8EAAAA&_nc_gid=VRYKpTH16Yr5i-BRgrxB9g&_nc_tpa=Q5bMBQLgfkGU9hvAtZXtavhAhj_y7YS73-Z2PrJjugXav28pPLe8qQA4QZaeyyPGTt9ODkA2KZk0o1jI&oh=00_AQKOqToFbEdSZG-Jo5CY6lsquDxK4epG6w1zy153lB1lhA&oe=6A9DD628,11 Nov 2025 04:23:21,qpaypro,REELS
17841443997027489,18053108456648898,"Las ventas en redes sociales crecieron 30% en Guatemala… Y tú, ¿sigues cobrando por inbox o esperando transferencias? ? Es momento de hacerlo bien.

Te mostramos cómo vender fácil, rápido y con confianza en redes sociales. 

?Haz clic en el enlace de nuestra bio",Yes,0,6,VIDEO,https://scontent-dfw6-1.cdninstagram.com/o1/v/t2/f2/m86/AQPQcsNc45gZ72Ad0wCfbK_O4jfdznOlyY1ng25V1IQj34Ox_fU1iNibIh30-FhbAPmHtmvZ21ZAMT0eOemDRxgwaF1BaWuSRRSTPtw.mp4?_nc_cat=101&_nc_sid=5e9851&_nc_ht=scontent-dfw6-1.cdninstagram.com&_nc_ohc=aprARvECh48Q7kNvwFGloV9&efg=eyJ2ZW5jb2RlX3RhZyI6Inhwdl9wcm9ncmVzc2l2ZS5JTlNUQUdSQU0uQ0xJUFMuQzMuMzU2LmRhc2hfYmFzZWxpbmVfM192MSIsInhwdl9hc3NldF9pZCI6MTA5OTcwNTMxODkwODI1MSwiYXNzZXRfYWdlX2RheXMiOjI5NSwidmlfdXNlY2FzZV9pZCI6MTAwOTksImR1cmF0aW9uX3MiOjM4LCJ1cmxnZW5fc291cmNlIjoid3d3In0%3D&ccb=17-1&vs=8f90aa0b329e2803&_nc_vs=HBksFQIYUmlnX3hwdl9yZWVsc19wZXJtYW5lbnRfc3JfcHJvZC9CODRFMkM1NzQ2NTBFQ0ZERjM2Nzg4OEM1MDc0OUVCNF92aWRlb19kYXNoaW5pdC5tcDQVAALIARIAFQIYR2lnX3hwdl9yZWVsc19wZXJtYW5lbnRfc3JfcHJvZC8xODk1MjA3OTk0NzEyNDM0XzQ5MTU0ODYyNjQzNTgzNjc5NjUubXA0FQICyAESACgAGAAbAogHdXNlX29pbAExEnByb2dyZXNzaXZlX3JlY2lwZQExFQAAJraFoY6ji_QDFQIoAkMzLBdAQzul41P3zxgSZGFzaF9iYXNlbGluZV8zX3YxEQB1_gdl5p0BAA&_nc_gid=VRYKpTH16Yr5i-BRgrxB9g&edm=AM6HXa8EAAAA&_nc_zt=28&oh=00_AQLc5R_A9XQx55PfHzlxjD_vJe-4RzgxLFL6kisVIpVDAA&oe=6A9A06D2,https://www.instagram.com/reel/DQ4eYRAj1BI/,DQ4eYRAj1BI,https://scontent-dfw6-2.cdninstagram.com/v/t51.71878-15/574341019_761074140282425_8820273249965455737_n.jpg?stp=dst-jpg_e35_tt6&_nc_cat=109&ccb=7-5&_nc_sid=18de74&efg=eyJlZmdfdGFnIjoiQ0xJUFMuYmVzdF9pbWFnZV91cmxnZW4uQzMifQ%3D%3D&_nc_ohc=XXNpo9zz8C8Q7kNvwHB39Yf&_nc_oc=Adp9vlB0apMnUAdLqstNxgWgxJFU6K-I3fZAhT34y8OwSGX4FOKhicFUqoCIOlbYJ5c&_nc_zt=23&_nc_ht=scontent-dfw6-2.cdninstagram.com&edm=AM6HXa8EAAAA&_nc_gid=VRYKpTH16Yr5i-BRgrxB9g&_nc_tpa=Q5bMBQLogBpz2H-3Iep4ReAc7oNXiL7c45OXiqgQnfixX1y86VbsZetcRpvXUJpc_TLVzeJfiVGjMAyJ&oh=00_AQIKQ-exyEEch_7fhpIzVAaFH4PvYuvwhrMuDwwfGIojuA&oe=6A9DCEA9,10 Nov 2025 04:21:17,qpaypro,REELS
17841443997027489,18549390325012709,? Conoce la mejor pasarela de pagos en Guatemala ?? #qpaypro  #pagosgt #ventasgt,Yes,0,2,VIDEO,https://scontent-dfw6-2.cdninstagram.com/o1/v/t2/f2/m86/AQPLlBgVD5q9scAXqmqudUq_ojirHEa8ROFWfYMz7R6H_bvHdlGROK6mMkSrrq7UxWV3vaiIR6uwQvBvegzrZonKqNuQaBn3UB_cqNk.mp4?_nc_cat=109&_nc_sid=5e9851&_nc_ht=scontent-dfw6-2.cdninstagram.com&_nc_ohc=SjsHUF0vQIwQ7kNvwGRw5zB&efg=eyJ2ZW5jb2RlX3RhZyI6Inhwdl9wcm9ncmVzc2l2ZS5JTlNUQUdSQU0uQ0xJUFMuQzMuMzU2LmRhc2hfYmFzZWxpbmVfM192MSIsInhwdl9hc3NldF9pZCI6ODUyNzQ3OTA0MDA5MzEyLCJhc3NldF9hZ2VfZGF5cyI6MzAwLCJ2aV91c2VjYXNlX2lkIjoxMDA5OSwiZHVyYXRpb25fcyI6MTMsInVybGdlbl9zb3VyY2UiOiJ3d3cifQ%3D%3D&ccb=17-1&vs=f4fa48da106aa092&_nc_vs=HBksFQIYUmlnX3hwdl9yZWVsc19wZXJtYW5lbnRfc3JfcHJvZC8yMjRBMzQ4NDZDRTczRjkxQ0I1QTlFNTFBMzEyNkFCNF92aWRlb19kYXNoaW5pdC5tcDQVAALIARIAFQIYR2lnX3hwdl9yZWVsc19wZXJtYW5lbnRfc3JfcHJvZC8yMDI2MTI2NTUxMjU5NzAzXzE4MjY4MzMzNjkxNjQ4Nzc1MTIubXA0FQICyAESACgAGAAbAogHdXNlX29pbAExEnByb2dyZXNzaXZlX3JlY2lwZQExFQAAJsCRtv665IMDFQIoAkMzLBdAK1T987ZFohgSZGFzaF9iYXNlbGluZV8zX3YxEQB1_gdl5p0BAA&_nc_gid=VRYKpTH16Yr5i-BRgrxB9g&edm=AM6HXa8EAAAA&_nc_zt=28&oh=00_AQIwCQxnZaEPwIGM5x9ce6f4L4heIdP4-MSMOfhrT2wTqw&oe=6A9A0946,https://www.instagram.com/reel/DQrpGpDjBz6/,DQrpGpDjBz6,https://scontent-dfw5-2.cdninstagram.com/v/t51.71878-15/572217571_1137666661816241_8324680018972030343_n.jpg?stp=dst-jpg_e35_tt6&_nc_cat=100&ccb=7-5&_nc_sid=18de74&efg=eyJlZmdfdGFnIjoiQ0xJUFMuYmVzdF9pbWFnZV91cmxnZW4uQzMifQ%3D%3D&_nc_ohc=znENoV3nD8UQ7kNvwHlb60u&_nc_oc=Ado66k9xRJNfJ3UGx2BZVPKUMvgFuQCcKydSa36MwRjJakk7kPGl95Cd_Qvw0k4rLP8&_nc_zt=23&_nc_ht=scontent-dfw5-2.cdninstagram.com&edm=AM6HXa8EAAAA&_nc_gid=VRYKpTH16Yr5i-BRgrxB9g&_nc_tpa=Q5bMBQLROiQwnhgRTRiKUFYl1Avg1qTuE4PkGGKZTv7WuS3pFvDLalo1ot2ZSwrpDb7IFdomtKVzzO2V&oh=00_AQKKrqPOqtK1ehHoZth-6znMmMGhtsZNhPFV2byFdH06rQ&oe=6A9DCF99,05 Nov 2025 04:45:31,qpaypro,REELS
17841443997027489,18101241586730718,"? ¡Cupo limitado!

Aprende a construir una tienda online rentable, de 0 a éxito, junto al CEO de Webifica, José René Barneond.
Descubre las estrategias y secretos para crear un e-commerce exitoso en este taller exclusivo.

? 26 de noviembre | 8:30 AM – 12 PM
? AGEXPORT | 15 Avenida 14-72, Zona 13
? ¡No te quedes fuera!

? Regístrate ahora: link en bio",Yes,0,4,IMAGE,https://scontent-dfw6-1.cdninstagram.com/v/t51.82787-15/572136985_18076487477466568_8218209068445380384_n.jpg?stp=dst-jpg_e35_tt6&_nc_cat=103&ccb=7-5&_nc_sid=18de74&efg=eyJlZmdfdGFnIjoiRkVFRC5iZXN0X2ltYWdlX3VybGdlbi5DMyJ9&_nc_ohc=mHklqDMt1M0Q7kNvwFobjr_&_nc_oc=AdpvV-Kk1MK5RfnbKOMowDSILCIr6wu1CP6qjTLaoU-o2vADv01cioHN64E6amYjhEk&_nc_zt=23&_nc_ht=scontent-dfw6-1.cdninstagram.com&edm=AM6HXa8EAAAA&_nc_gid=VRYKpTH16Yr5i-BRgrxB9g&oh=00_AQIgpHp2s4KIGhuTiXDzvLmjfcLxpuF-n22669hqydxMSQ&oe=6A9DF918,https://www.instagram.com/p/DQpSyUFki7Z/,DQpSyUFki7Z,,04 Nov 2025 06:50:06,qpaypro,FEED
17841443997027489,18369244279157176,"? ¡CUPO LIMITADO! Descubre cómo construir tu tienda online rentable de 0 a éxito

El CEO de Webifica, José René Barneond, revelará las claves para crear un e-commerce exitoso en este taller exclusivo.

? 26 de noviembre | 8:30 AM - 12 PM
? AGEXPORT - 15 Avenida 14-72 Zona 13
??Regístrate ahora en el link de nuestra bio.",Yes,1,17,IMAGE,https://scontent-dfw5-2.cdninstagram.com/v/t51.82787-15/571871350_18075924695466568_4970589216594492129_n.jpg?stp=dst-jpg_e35_tt6&_nc_cat=107&ccb=7-5&_nc_sid=18de74&efg=eyJlZmdfdGFnIjoiRkVFRC5iZXN0X2ltYWdlX3VybGdlbi5DMyJ9&_nc_ohc=5ViwXmqwjLkQ7kNvwHL00MU&_nc_oc=AdrbelE1b6rOznEdsMKOvG_DQnZYuSdAmFGNG6eKl6BFTA2yAddV_ZYsjpR5BV9gk10&_nc_zt=23&_nc_ht=scontent-dfw5-2.cdninstagram.com&edm=AM6HXa8EAAAA&_nc_gid=VRYKpTH16Yr5i-BRgrxB9g&oh=00_AQJMgvsqd-Xd_QDizCPEfR1GuZDL5PPg1iwKGLVLoX-Kpw&oe=6A9DD9B7,https://www.instagram.com/p/DQZw2GTAdWG/,DQZw2GTAdWG,,29 Oct 2025 06:06:53,qpaypro,FEED
17841443997027489,18088593175903952,¡Nuestro plan Free incluye TODO! comienza hoy mismo a elevar tus ventas. Y tú ¿Ya cobras como un pro? ? inscríbete aquí: https://zurl.co/8dgZ1,Yes,0,6,IMAGE,https://scontent-dfw5-1.cdninstagram.com/v/t51.82787-15/571912465_18075819434466568_734846275516394358_n.jpg?stp=dst-jpg_e35_tt6&_nc_cat=106&ccb=7-5&_nc_sid=18de74&efg=eyJlZmdfdGFnIjoiRkVFRC5iZXN0X2ltYWdlX3VybGdlbi5DMyJ9&_nc_ohc=ugmcD0l36DIQ7kNvwGv0WhW&_nc_oc=Adp0gAlT9fwNprgulC37n7vxjz-_kTOQhmjUU0XulIVLXE1n-Y61fOjVFlq_89QxR-U&_nc_zt=23&_nc_ht=scontent-dfw5-1.cdninstagram.com&edm=AM6HXa8EAAAA&_nc_gid=VRYKpTH16Yr5i-BRgrxB9g&oh=00_AQJNOzL5IUKkCo1QhSQdOyfiTTRVeOXSPB0b24MOVn4WJA&oe=6A9DC735,https://www.instagram.com/p/DQW39NEj98y/,DQW39NEj98y,,28 Oct 2025 03:11:19,qpaypro,FEED
17841443997027489,18055004756640492,"?De 0 a Éxito: Cómo construir una tienda en línea rentable

¿Querés aprender a llevar tu negocio al siguiente nivel?En este seminario exclusivo para clientes de Qpaypro, descubrirás:

✅ Cómo elegir la logística ideal para tu e-commerce.
✅ Cómo integrar tu tienda con tu sistema de inventario.

? ¡Aprendé con los expertos de Webifica y llevá tu tienda al siguiente nivel! 
? Inscribite en el enlace de nuestra bio
#Qpaypro #EcommerceGT #PagosDigitales #EmprendedoresGT #De0AÉxito",Yes,4,22,VIDEO,https://scontent-dfw6-2.cdninstagram.com/o1/v/t2/f2/m86/AQPT4acHbYtLZLiHyUwtlQvcFG7PvzLGYKO3YxaESR05I8dITqpn8N6W5FTzZPtkEaCvEfbuIMbtvTdyCdvxfrBmhOQ1M8z8LKpuyS4.mp4?_nc_cat=109&_nc_sid=5e9851&_nc_ht=scontent-dfw6-2.cdninstagram.com&_nc_ohc=1SJEQqxTSJwQ7kNvwELmcff&efg=eyJ2ZW5jb2RlX3RhZyI6Inhwdl9wcm9ncmVzc2l2ZS5JTlNUQUdSQU0uQ0xJUFMuQzMuMzYwLmRhc2hfYmFzZWxpbmVfM192MSIsInhwdl9hc3NldF9pZCI6ODE0NTAwNzAxMjI2Njk3LCJhc3NldF9hZ2VfZGF5cyI6MzE0LCJ2aV91c2VjYXNlX2lkIjoxMDA5OSwiZHVyYXRpb25fcyI6NDAsInVybGdlbl9zb3VyY2UiOiJ3d3cifQ%3D%3D&ccb=17-1&vs=375f74f020a9c95d&_nc_vs=HBksFQIYUmlnX3hwdl9yZWVsc19wZXJtYW5lbnRfc3JfcHJvZC9CNzQ4RUJGMzNCOEM4QUZENjYzMkMxMTBEODQyQzBBQV92aWRlb19kYXNoaW5pdC5tcDQVAALIARIAFQIYRmlnX3hwdl9yZWVsc19wZXJtYW5lbnRfc3JfcHJvZC84MjA4MTg3NTQxOTI1OTZfNjY5MzUyNjcwMDM3NTAzNDk4Mi5tcDQVAgLIARIAKAAYABsCiAd1c2Vfb2lsATEScHJvZ3Jlc3NpdmVfcmVjaXBlATEVAAAmkpu6j5ey8gIVAigCQzMsF0BEczMzMzMzGBJkYXNoX2Jhc2VsaW5lXzNfdjERAHX-B2XmnQEA&_nc_gid=VRYKpTH16Yr5i-BRgrxB9g&edm=AM6HXa8EAAAA&_nc_zt=28&oh=00_AQL0VuZ8K7S1KlGCS7B0wZKwIovX3_96aGXGRfU3fxdBKA&oe=6A99E88E,https://www.instagram.com/reel/DQIQT_oDJHQ/,DQIQT_oDJHQ,https://scontent-dfw5-2.cdninstagram.com/v/t51.82787-15/568916091_18075280751466568_9205151032454943736_n.jpg?stp=dst-jpg_e35_tt6&_nc_cat=104&ccb=7-5&_nc_sid=18de74&efg=eyJlZmdfdGFnIjoiQ0xJUFMuYmVzdF9pbWFnZV91cmxnZW4uQzMifQ%3D%3D&_nc_ohc=7H5dEN5eHZQQ7kNvwG0TqsI&_nc_oc=AdqVffFGwMCteS3kNPIb3TFwEvUfyQHlg2EQs7cVCkKYHhTiIH131jsJ-YybaKBuUco&_nc_zt=23&_nc_ht=scontent-dfw5-2.cdninstagram.com&edm=AM6HXa8EAAAA&_nc_gid=VRYKpTH16Yr5i-BRgrxB9g&_nc_tpa=Q5bMBQKe2UrNRtc0_Rn4ELyhWF7o1phn8bqm-cCoUkFh8MWmUpisN1gdu9VSDf2K2Qe2NvXWsJnEBjjh&oh=00_AQKBSxTOaeZl5IPvAZTzW6_o45CXNGEbybAJNEC6mJJklg&oe=6A9DDB44,22 Oct 2025 10:55:20,qpaypro,REELS
17841443997027489,17929677732000051,"¡Transforma tu negocio en la era digital! ? Descubre cómo dar el siguiente paso. Muy pronto te contamos más.

#qpaypro #eventosgt #ecommerce #ventasgt",Yes,0,4,IMAGE,https://scontent-dfw6-2.cdninstagram.com/v/t51.82787-15/566681213_18075063728466568_322678937062908017_n.jpg?stp=dst-jpg_e35_tt6&_nc_cat=109&ccb=7-5&_nc_sid=18de74&efg=eyJlZmdfdGFnIjoiRkVFRC5iZXN0X2ltYWdlX3VybGdlbi5DMyJ9&_nc_ohc=DeBpvzSuDPQQ7kNvwExw_Hl&_nc_oc=Ado3YRSDsZ3z-Yw_awOL6n5OrnL6EiAfrlLyJN9LQXHYbVxsErBmm_bQpCDfvSaYFjY&_nc_zt=23&_nc_ht=scontent-dfw6-2.cdninstagram.com&edm=AM6HXa8EAAAA&_nc_gid=VRYKpTH16Yr5i-BRgrxB9g&oh=00_AQJ2fv2QpPm8i_VoQen95u4u0G2-cBupiNVAI7bLn8R6rg&oe=6A9DFB95,https://www.instagram.com/p/DQCXbx2COep/,DQCXbx2COep,,20 Oct 2025 04:00:22,qpaypro,FEED
17841443997027489,18148431985424611,"Algo grande está por llegar para tu negocio ? La transformación digital comienza aquí. 
#qpaypro #eventosgt #ecommerce #ventasgt",Yes,0,4,IMAGE,https://scontent-dfw6-1.cdninstagram.com/v/t51.82787-15/566549143_18074882288466568_1534951534555955720_n.jpg?stp=dst-jpg_e35_tt6&_nc_cat=102&ccb=7-5&_nc_sid=18de74&efg=eyJlZmdfdGFnIjoiRkVFRC5iZXN0X2ltYWdlX3VybGdlbi5DMyJ9&_nc_ohc=FmnvUW6yalsQ7kNvwHI7XOk&_nc_oc=Adq_m7YkQAzsmT_OodqoDumQuwh7iGuA5orTji2-vUc_0zZ-3syIP6RlxmpDRs9wkuc&_nc_zt=23&_nc_ht=scontent-dfw6-1.cdninstagram.com&edm=AM6HXa8EAAAA&_nc_gid=VRYKpTH16Yr5i-BRgrxB9g&oh=00_AQLhBXPs5jvjPLy2o1F-0RmhiA1rAEkIGXaOYers_gZP4Q&oe=6A9DE968,https://www.instagram.com/p/DP9ibUVCM1R/,DP9ibUVCM1R,,18 Oct 2025 07:02:13,qpaypro,FEED
17841443997027489,18022046237583630,"Hoy nuestra misión fue armar un rompecabezas ?, porque cada uno de nosotros es una pieza fundamental del equipo. Juntos completamos la imagen y alcanzamos nuestras metas. ⭐️⭐️⭐️",Yes,0,15,VIDEO,https://scontent-dfw5-1.cdninstagram.com/o1/v/t2/f2/m86/AQMRKyyY2pB8-x65F4nEzUlmjH_Ul9Tieb27FQsgBxXWpHQ0O5JQ5MeRCV5-ON3fV175mhQ6SqdbKY2kLddkZrfPL1uQ8_YNkM0X5yw.mp4?_nc_cat=105&_nc_sid=5e9851&_nc_ht=scontent-dfw5-1.cdninstagram.com&_nc_ohc=yT5FC850BqcQ7kNvwF9p8_w&efg=eyJ2ZW5jb2RlX3RhZyI6Inhwdl9wcm9ncmVzc2l2ZS5JTlNUQUdSQU0uQ0xJUFMuQzMuMzYwLmRhc2hfYmFzZWxpbmVfM192MSIsInhwdl9hc3NldF9pZCI6ODM4MzY0MzA4NzIyMzI4LCJhc3NldF9hZ2VfZGF5cyI6MzIwLCJ2aV91c2VjYXNlX2lkIjoxMDA5OSwiZHVyYXRpb25fcyI6MjEsInVybGdlbl9zb3VyY2UiOiJ3d3cifQ%3D%3D&ccb=17-1&vs=de39956a693df067&_nc_vs=HBksFQIYUmlnX3hwdl9yZWVsc19wZXJtYW5lbnRfc3JfcHJvZC9GMTQ0OTZBMEE1OEQ3NzE3N0FCREZCNDM0QzdDRDM5M192aWRlb19kYXNoaW5pdC5tcDQVAALIARIAFQIYR2lnX3hwdl9yZWVsc19wZXJtYW5lbnRfc3JfcHJvZC8xMzgyNDQ2Nzg2NjkyNjcwXzc4Mzc2NjgyNTM5MDIyMzMwNTMubXA0FQICyAESACgAGAAbAogHdXNlX29pbAExEnByb2dyZXNzaXZlX3JlY2lwZQExFQAAJrDKgu2cn_0CFQIoAkMzLBdANbMzMzMzMxgSZGFzaF9iYXNlbGluZV8zX3YxEQB1_gdl5p0BAA&_nc_gid=VRYKpTH16Yr5i-BRgrxB9g&edm=AM6HXa8EAAAA&_nc_zt=28&oh=00_AQJP-Qv30feCktlW7Nykxpr9lc4aIqdUQPbJbO5tH9E8HQ&oe=6A99E746,https://www.instagram.com/reel/DP42TfVDJhY/,DP42TfVDJhY,https://scontent-dfw5-2.cdninstagram.com/v/t51.71878-15/565055944_820129663844535_4298339814369715096_n.jpg?stp=dst-jpg_e35_tt6&_nc_cat=104&ccb=7-5&_nc_sid=18de74&efg=eyJlZmdfdGFnIjoiQ0xJUFMuYmVzdF9pbWFnZV91cmxnZW4uQzMifQ%3D%3D&_nc_ohc=OUET3R-BL_0Q7kNvwEXfWkz&_nc_oc=AdqxOIlM7jdl44qUZcVj6o2EOrPdWAB9jqqEKbca2XKiCMyHsLV-UP8iAd57f3KLgAE&_nc_zt=23&_nc_ht=scontent-dfw5-2.cdninstagram.com&edm=AM6HXa8EAAAA&_nc_gid=VRYKpTH16Yr5i-BRgrxB9g&_nc_tpa=Q5bMBQK4bk-izvFaOvnAlHrbmQppYzniEaeairP2BItAdZcY-MmxuuMTGvPVx7oR3ENnVU4U425H2jqB&oh=00_AQKGWD3cMJmBZ6gQeT0SXxwxYPQ3B_FwFpwvk6oNNok7hg&oe=6A9DCCDA,16 Oct 2025 11:18:00,qpaypro,REELS
17841443997027489,18083470600945776,"No pierdas la oportunidad de tener tu Tienda en Línea con nosotros, conoce más sobre los múltiples beneficios que Qpayshop trae para tí y tu negocio. ? #qpaypro #qpayshop #tiendaonline #tiendaenlinea #ecommerce",Yes,0,1,CAROUSEL_ALBUM,https://scontent-dfw6-1.cdninstagram.com/v/t51.82787-15/564788900_18074533577466568_653172752192784404_n.jpg?stp=dst-jpg_e35_tt6&_nc_cat=103&ccb=7-5&_nc_sid=18de74&efg=eyJlZmdfdGFnIjoiQ0FST1VTRUxfSVRFTS5iZXN0X2ltYWdlX3VybGdlbi5DMyJ9&_nc_ohc=1teugFOFElYQ7kNvwH5uisP&_nc_oc=Ado0U9nqmxdTqFZQwD87AttcUXPpwphso1Y3mdL8gCUUpYmHezpa0xPISzr57sUoKsM&_nc_zt=23&_nc_ht=scontent-dfw6-1.cdninstagram.com&edm=AM6HXa8EAAAA&_nc_gid=VRYKpTH16Yr5i-BRgrxB9g&oh=00_AQLRX-cMWkLIBDSydu4AP8moooorBg-PQ5YBqr7-lPuKaA&oe=6A9DE856,https://www.instagram.com/p/DPzlP7pjJuF/,DPzlP7pjJuF,,14 Oct 2025 10:12:24,qpaypro,FEED
17841443997027489,18098618254644742,?Ofrece pagos en cuotas y vende hasta 3x más. Tus clientes compran más cuando pueden pagar poco a poco. ? #qpaypro #cuotasgt #ecommerce,Yes,0,3,IMAGE,https://scontent-dfw5-1.cdninstagram.com/v/t51.82787-15/563879146_18073933181466568_3989929724872115265_n.jpg?stp=dst-jpg_e35_tt6&_nc_cat=111&ccb=7-5&_nc_sid=18de74&efg=eyJlZmdfdGFnIjoiRkVFRC5iZXN0X2ltYWdlX3VybGdlbi5DMyJ9&_nc_ohc=G7tmJPKA21QQ7kNvwEL8X5v&_nc_oc=AdrK_v-L1nzM8hkuwWquytjzeqLeP_C7dPyzPtVEbVlr9h5nQlOVbGltYZGSL9I_ap8&_nc_zt=23&_nc_ht=scontent-dfw5-1.cdninstagram.com&edm=AM6HXa8EAAAA&_nc_gid=VRYKpTH16Yr5i-BRgrxB9g&oh=00_AQICaqiN7AOO7Iasw_En1kfMfupvOp2AOzQd70DqC1qfmA&oe=6A9DEC2C,https://www.instagram.com/p/DPpeZL9iMxW/,DPpeZL9iMxW,,11 Oct 2025 12:02:10,qpaypro,FEED
17841443997027489,18108821806579132,"?Vende más, cobra fácil. Tu pasarela de pagos lista en minutos ⌚️ #qpaypro #emprendedoresgt",Yes,0,7,VIDEO,https://scontent-dfw5-2.cdninstagram.com/o1/v/t2/f2/m86/AQMBidXJ8jrQ2d7WV_EG_fdXskMIrW0FdD6cTW2SHVS_R6FYF13AbWfI7Bn1BBM8mytnjPxd1MnFYbhh834Wsz9_1gep5BtI8D4FUl0.mp4?_nc_cat=100&_nc_sid=5e9851&_nc_ht=scontent-dfw5-2.cdninstagram.com&_nc_ohc=u8LCXrvgEZgQ7kNvwGGrVRh&efg=eyJ2ZW5jb2RlX3RhZyI6Inhwdl9wcm9ncmVzc2l2ZS5JTlNUQUdSQU0uQ0xJUFMuQzMuMzU4LmRhc2hfYmFzZWxpbmVfM192MSIsInhwdl9hc3NldF9pZCI6Njc1MjAxMzM4OTYzMjExLCJhc3NldF9hZ2VfZGF5cyI6MzI4LCJ2aV91c2VjYXNlX2lkIjoxMDA5OSwiZHVyYXRpb25fcyI6MTQsInVybGdlbl9zb3VyY2UiOiJ3d3cifQ%3D%3D&ccb=17-1&vs=f0b9a24312763730&_nc_vs=HBksFQIYUmlnX3hwdl9yZWVsc19wZXJtYW5lbnRfc3JfcHJvZC8yMDQ5MDdGQTk2OTlGMzdBQ0VCRkMwMTg0RjFGMEY5M192aWRlb19kYXNoaW5pdC5tcDQVAALIARIAFQIYRmlnX3hwdl9yZWVsc19wZXJtYW5lbnRfc3JfcHJvZC83OTM3NzczMTY3MDYwMzFfOTE3NjEyNTQ2NjczMzcxMTQ1My5tcDQVAgLIARIAKAAYABsCiAd1c2Vfb2lsATEScHJvZ3Jlc3NpdmVfcmVjaXBlATEVAAAmltSv__GFswIVAigCQzMsF0As7peNT987GBJkYXNoX2Jhc2VsaW5lXzNfdjERAHX-B2XmnQEA&_nc_gid=VRYKpTH16Yr5i-BRgrxB9g&edm=AM6HXa8EAAAA&_nc_zt=28&oh=00_AQLVjolu2BSIce_bqY2UsOD6piPCso_5d01DEo0vjhqwjg&oe=6A99FE75,https://www.instagram.com/reel/DPkKgZmiL6A/,DPkKgZmiL6A,https://scontent-dfw5-2.cdninstagram.com/v/t51.71878-15/561087328_811392831292192_830455188428847432_n.jpg?stp=dst-jpg_e35_tt6&_nc_cat=107&ccb=7-5&_nc_sid=18de74&efg=eyJlZmdfdGFnIjoiQ0xJUFMuYmVzdF9pbWFnZV91cmxnZW4uQzMifQ%3D%3D&_nc_ohc=MJw35nbNysgQ7kNvwFuypwe&_nc_oc=Adqb0GlNYG36sAp7B33JUZQ7PeNSdUPkIr0aGqoHH_FCnhyxkdOuyNj45ffPBZAuzcQ&_nc_zt=23&_nc_ht=scontent-dfw5-2.cdninstagram.com&edm=AM6HXa8EAAAA&_nc_gid=VRYKpTH16Yr5i-BRgrxB9g&_nc_tpa=Q5bMBQLqtAzgaA8boGSRIhjlSlbDP0ufyTqHReT_jnOpozM22TvN5g2p3wuLQXa8o9TzT0IkAidystFA&oh=00_AQLygdviLPOyxhl2morxgWERC9MrhzE1eSJkPQIa5xW-HQ&oe=6A9DDBF3,08 Oct 2025 10:32:07,qpaypro,REELS
17841443997027489,17891882802345567,"✨Vivimos un día especial junto al equipo de
#Qpaypro ??Compartimos momentos llenos de diversión
en los parques del Irtra, fortaleciendo la unión y construyendo juntos un equipo cada vez más extraordinario. ? #teambuilding #qpayproteam",Yes,0,24,CAROUSEL_ALBUM,https://scontent-dfw5-1.cdninstagram.com/v/t51.82787-15/561192640_18073510532466568_2491868711114957352_n.jpg?stp=dst-jpg_e35_tt6&_nc_cat=106&ccb=7-5&_nc_sid=18de74&efg=eyJlZmdfdGFnIjoiQ0FST1VTRUxfSVRFTS5iZXN0X2ltYWdlX3VybGdlbi5DMyJ9&_nc_ohc=DYUmrsD2qfgQ7kNvwFmX-B-&_nc_oc=AdpljWCEkyNi4P6tB5dgsXBVlVGYEvqK79qN1-xyGTr6aczIaXDtLR6g6hil4MT3mzU&_nc_zt=23&_nc_ht=scontent-dfw5-1.cdninstagram.com&edm=AM6HXa8EAAAA&_nc_gid=VRYKpTH16Yr5i-BRgrxB9g&oh=00_AQLbuz6QiwuIVl5Q6nLr30vY9R8CZE8DCehkUrrktyIJ-w&oe=6A9DE42B,https://www.instagram.com/p/DPjfNg3jVXo/,DPjfNg3jVXo,,08 Oct 2025 04:11:45,qpaypro,FEED
17841443997027489,18374694898181796,¡Gracias por confiar en nosotros! ✨ Cada comentario positivo nos impulsa a seguir mejorando. Estamos orgullosos de ser parte de tu sistema de pagos electrónicos. Únete a nuestra comunidad de clientes satisfechos. ?? #qpaypro #emprendedoresgt #PagosElectrónicosgt,Yes,0,6,VIDEO,https://scontent-dfw6-2.cdninstagram.com/o1/v/t2/f2/m86/AQO-zcdnkOQmaMCth_yTibxwb22Uy0HC-7O4hXaZu2-zD6_5DTXucjNeR0Dy5cgzF_ZbR8cAPQhFJU84-mTShoUn6a8SBGrnOk_jO7g.mp4?_nc_cat=109&_nc_sid=5e9851&_nc_ht=scontent-dfw6-2.cdninstagram.com&_nc_ohc=lXPCqCsrbVEQ7kNvwHj1e85&efg=eyJ2ZW5jb2RlX3RhZyI6Inhwdl9wcm9ncmVzc2l2ZS5JTlNUQUdSQU0uQ0xJUFMuQzMuMzU4LmRhc2hfYmFzZWxpbmVfM192MSIsInhwdl9hc3NldF9pZCI6MTc2OTk0MzA1MzY0MjM5OCwiYXNzZXRfYWdlX2RheXMiOjMzMCwidmlfdXNlY2FzZV9pZCI6MTAwOTksImR1cmF0aW9uX3MiOjE0LCJ1cmxnZW5fc291cmNlIjoid3d3In0%3D&ccb=17-1&vs=e7ab3ce16c24208e&_nc_vs=HBksFQIYUmlnX3hwdl9yZWVsc19wZXJtYW5lbnRfc3JfcHJvZC9ERjQ3QzZEMjREQjhDNDU3QUI4OTFFRkYxRkVCREY5Nl92aWRlb19kYXNoaW5pdC5tcDQVAALIARIAFQIYR2lnX3hwdl9yZWVsc19wZXJtYW5lbnRfc3JfcHJvZC8zMTk3OTE0NTgwMzc1MTU3Xzg0NDcyNzM5MDc1OTc4NDMyNzAubXA0FQICyAESACgAGAAbAogHdXNlX29pbAExEnByb2dyZXNzaXZlX3JlY2lwZQExFQAAJryq4a-f8KQGFQIoAkMzLBdALWZmZmZmZhgSZGFzaF9iYXNlbGluZV8zX3YxEQB1_gdl5p0BAA&_nc_gid=VRYKpTH16Yr5i-BRgrxB9g&edm=AM6HXa8EAAAA&_nc_zt=28&oh=00_AQL1eE4WXyS79N0sKikMdoRMY4yrSBoB4HCYNHqESzfDfg&oe=6A99F25E,https://www.instagram.com/reel/DPeYzNiiFIk/,DPeYzNiiFIk,https://scontent-dfw6-1.cdninstagram.com/v/t51.71878-15/559869801_1974619756716393_519945115058636141_n.jpg?stp=dst-jpg_e35_tt6&_nc_cat=101&ccb=7-5&_nc_sid=18de74&efg=eyJlZmdfdGFnIjoiQ0xJUFMuYmVzdF9pbWFnZV91cmxnZW4uQzMifQ%3D%3D&_nc_ohc=qWdNX5jeZ1cQ7kNvwGqeANB&_nc_oc=AdpjT9daDcswqWD71vkmZCJIBMq9R_f1hLibeQ3UaFAGb7Hv4ytGgI4Jhzl-h0hUYzk&_nc_zt=23&_nc_ht=scontent-dfw6-1.cdninstagram.com&edm=AM6HXa8EAAAA&_nc_gid=VRYKpTH16Yr5i-BRgrxB9g&_nc_tpa=Q5bMBQLdCyH46tc3TcGsSnrMHuE9hHB6wWT3NW4CIoqs7Su8s6TbMP3_dyeBccsppCcNmtvjieEll737&oh=00_AQIHvKMoLE3sUClSCyNSKmTyZAI5OaJalpD7S4UimD5bKQ&oe=6A9DF7EA,06 Oct 2025 04:41:22,qpaypro,REELS
17841443997027489,17849515134535402,"En Qpaypro creemos en el potencial de los negocios guatemaltecos✨

Por eso creamos el programa #Partners, diseñado para impulsar tu crecimiento profesional y empresarial. ?

??Descubre los beneficios de unirte a #QpayproPartners:

✅ Capacitaciones y soporte constante
✅ Genera ingresos recurrentes
✅ Tecnología que impulsa

Sé parte de la mejor plataforma de cobros en línea de la región y lleva tu negocio al siguiente nivel. ??

#QpayproPartners #EmprenderEsPosible #PagosEnLínea #NegociosGT #CrecimientoEmpresarial #AlianzasEstratégicas",Yes,0,4,CAROUSEL_ALBUM,https://scontent-dfw5-2.cdninstagram.com/v/t51.82787-15/559907291_18072735461466568_190838011396096383_n.jpg?stp=dst-jpg_e35_tt6&_nc_cat=100&ccb=7-5&_nc_sid=18de74&efg=eyJlZmdfdGFnIjoiQ0FST1VTRUxfSVRFTS5iZXN0X2ltYWdlX3VybGdlbi5DMyJ9&_nc_ohc=zR117HDA-1QQ7kNvwG4dk6u&_nc_oc=AdqPPJisKfsge18WyPvf8su2Phen-uxpcIHQnwAtIqey9cjkxfV6W7bQvsYMt-r5ZbA&_nc_zt=23&_nc_ht=scontent-dfw5-2.cdninstagram.com&edm=AM6HXa8EAAAA&_nc_gid=VRYKpTH16Yr5i-BRgrxB9g&oh=00_AQLUxDCPu1U_ECPkA0wmghGtvIazZLbK0C0ffQBGII9g1A&oe=6A9DFC5A,https://www.instagram.com/p/DPW41wWiDQq/,DPW41wWiDQq,,03 Oct 2025 06:45:39,qpaypro,FEED
17841443997027489,17989477127849497,"? Haz crecer tu negocio con alianzas estratégicas. 

Con Qpaypro Partners puedes impulsar el comercio electrónico en Guatemala y acceder a:
? Comisiones atractivas
? Alianzas estratégicas
? Crecimiento garantizado

? Únete hoy y transforma la forma de hacer negocios ?  www.qpaypro.com

#QpayproPartners #ComercioElectrónicoGT #EmprendedoresGuatemala #AlianzasEstratégicas #CrecimientoEmpresarial #PagosEnLínea #Qpaypro",Yes,0,5,IMAGE,https://scontent-dfw5-1.cdninstagram.com/v/t51.82787-15/559075390_18072508604466568_6946297875703716750_n.jpg?stp=dst-jpg_e35_tt6&_nc_cat=106&ccb=7-5&_nc_sid=18de74&efg=eyJlZmdfdGFnIjoiRkVFRC5iZXN0X2ltYWdlX3VybGdlbi5DMyJ9&_nc_ohc=yacFTbQEBUcQ7kNvwGnw4gU&_nc_oc=AdqB7RBe-KDAkTIGKe0JeYFNoAE3N1VsgU85XaV5Rngwat2Jze6zpieHcFmfOs4M808&_nc_zt=23&_nc_ht=scontent-dfw5-1.cdninstagram.com&edm=AM6HXa8EAAAA&_nc_gid=VRYKpTH16Yr5i-BRgrxB9g&oh=00_AQIIEq2FTJSq0it1AkdJep58f6Td9SqkineZOVVrfGwZ_A&oe=6A9DDAB3,https://www.instagram.com/p/DPSrRwGCBn6/,DPSrRwGCBn6,,02 Oct 2025 03:32:12,qpaypro,FEED
17841443997027489,18075247372887809,"¡Respondemos tus dudas! ?

Contestamos las preguntas más frecuentes de nuestro programa Partners para que no te pierdas la oportunidad de ser parte de un sistema de cobros en línea rápido, seguro y confiable. ?⚡
? Contáctanos y recibe la asesoría que necesitas para impulsar tu negocio. ???

#PartnersGT #PagosEnLínea #EmprendedoresGuatemala #NegociosGT #CrecimientoEmpresarial #Qpaypro",Yes,0,6,VIDEO,https://scontent-dfw6-2.cdninstagram.com/o1/v/t2/f2/m86/AQO4M7SYby6X2Ww7Wnb0cwk-S6_tm6f02xoUPrhc2nii4Cz2tP54OQv5ZKkhnTPnCWeAhqv8iGiXm7BOSAEdIFKdOnbUuJRXkC3_LX8.mp4?_nc_cat=108&_nc_sid=5e9851&_nc_ht=scontent-dfw6-2.cdninstagram.com&_nc_ohc=sZn64z4G3SMQ7kNvwH6axDa&efg=eyJ2ZW5jb2RlX3RhZyI6Inhwdl9wcm9ncmVzc2l2ZS5JTlNUQUdSQU0uQ0xJUFMuQzMuMzU4LmRhc2hfYmFzZWxpbmVfM192MSIsInhwdl9hc3NldF9pZCI6ODY4NzUyODkyMTUxODI3LCJhc3NldF9hZ2VfZGF5cyI6MzM3LCJ2aV91c2VjYXNlX2lkIjoxMDA5OSwiZHVyYXRpb25fcyI6MzQsInVybGdlbl9zb3VyY2UiOiJ3d3cifQ%3D%3D&ccb=17-1&vs=32f40476b72b5fd3&_nc_vs=HBksFQIYUmlnX3hwdl9yZWVsc19wZXJtYW5lbnRfc3JfcHJvZC9ENzRBRTIyMTJGNUZBMjE4MTdENzJDN0ZDNjlGMTg4NF92aWRlb19kYXNoaW5pdC5tcDQVAALIARIAFQIYRmlnX3hwdl9yZWVsc19wZXJtYW5lbnRfc3JfcHJvZC8xODIyMDQ2NDI4NzE5NDk3XzE4OTg1ODU5ODU5OTc3MjA3OS5tcDQVAgLIARIAKAAYABsCiAd1c2Vfb2lsATEScHJvZ3Jlc3NpdmVfcmVjaXBlATEVAAAmpqDGuImIiwMVAigCQzMsF0BBXdLxqfvnGBJkYXNoX2Jhc2VsaW5lXzNfdjERAHX-B2XmnQEA&_nc_gid=VRYKpTH16Yr5i-BRgrxB9g&edm=AM6HXa8EAAAA&_nc_zt=28&oh=00_AQJE_Lba-KApGrbUrJsEqHhfKkOq-M94Hk7BRJoAjtc0Sg&oe=6A9A0371,https://www.instagram.com/reel/DPMWOz_jioV/,DPMWOz_jioV,https://scontent-dfw6-2.cdninstagram.com/v/t51.71878-15/556944407_1373207618142113_3716577080507099226_n.jpg?stp=dst-jpg_e35_tt6&_nc_cat=109&ccb=7-5&_nc_sid=18de74&efg=eyJlZmdfdGFnIjoiQ0xJUFMuYmVzdF9pbWFnZV91cmxnZW4uQzMifQ%3D%3D&_nc_ohc=deWZ4CgymbsQ7kNvwHPM3m7&_nc_oc=AdpFg0HoXzQj-n3PS7BS9AiI8SRemw_X5Rp0xqIpqbmkYcj-g_2usS-XdzYmXb3O7uk&_nc_zt=23&_nc_ht=scontent-dfw6-2.cdninstagram.com&edm=AM6HXa8EAAAA&_nc_gid=VRYKpTH16Yr5i-BRgrxB9g&_nc_tpa=Q5bMBQINVmFGAma3A8OQ7C8EZMByb34EMe7HZ9jrFRMXkjl5kBIKP38NTczcCV6_frPw505N6E99DryB&oh=00_AQIt3S9kOxc3yMCtGc3IcA8zdJBxpWM9YPLQ6Hy6prAegg&oe=6A9DF8AD,29 Sep 2025 04:32:06,qpaypro,REELS
17841443997027489,17981604788748620,"✨ Haz crecer tu negocio con una pasarela de pago moderna y segura.

Con #Qpaypro tendrás transacciones rápidas, fáciles y 100% confiables. ? ¡Ofrece a tus clientes la mejor experiencia de pago! 

#emprendedoresgt #ventasgt #qpaypro #ecommerce",Yes,0,26,VIDEO,https://scontent-dfw6-1.cdninstagram.com/o1/v/t2/f2/m86/AQPePjBLDVKsO4c8Qp7aQn-6f1TZ74eBa3bxSVHpImoyRJhSh5cL-OhHq-ER3WJSuNmwzpAxDhKARAhqbXwo33MtdLWIpw0hM_9Tk64.mp4?_nc_cat=103&_nc_sid=5e9851&_nc_ht=scontent-dfw6-1.cdninstagram.com&_nc_ohc=_JsoVM1aaEkQ7kNvwHJfj4F&efg=eyJ2ZW5jb2RlX3RhZyI6Inhwdl9wcm9ncmVzc2l2ZS5JTlNUQUdSQU0uQ0xJUFMuQzMuMzU4LmRhc2hfYmFzZWxpbmVfM192MSIsInhwdl9hc3NldF9pZCI6MjAxOTQ1NTAyNTI1NzU3MiwiYXNzZXRfYWdlX2RheXMiOjMzOCwidmlfdXNlY2FzZV9pZCI6MTAwOTksImR1cmF0aW9uX3MiOjM3LCJ1cmxnZW5fc291cmNlIjoid3d3In0%3D&ccb=17-1&vs=f67b4ef0b29a54a&_nc_vs=HBksFQIYUmlnX3hwdl9yZWVsc19wZXJtYW5lbnRfc3JfcHJvZC8yOTRBQ0JCMzgzODM1QTE4QUZBQ0EzQTMxOTBCQ0VCOV92aWRlb19kYXNoaW5pdC5tcDQVAALIARIAFQIYR2lnX3hwdl9yZWVsc19wZXJtYW5lbnRfc3JfcHJvZC8xNTcwMTkxMzM0MzQ1MDAzXzU2OTUxNjQwMzk5MTI4OTc3NDcubXA0FQICyAESACgAGAAbAogHdXNlX29pbAExEnByb2dyZXNzaXZlX3JlY2lwZQExFQAAJsjx3Lbgq5YHFQIoAkMzLBdAQqZmZmZmZhgSZGFzaF9iYXNlbGluZV8zX3YxEQB1_gdl5p0BAA&_nc_gid=VRYKpTH16Yr5i-BRgrxB9g&edm=AM6HXa8EAAAA&_nc_zt=28&oh=00_AQLa2cOXaKdWvftI1bWSrysVxHYqZ6TTvi4XR3HvOsSDYw&oe=6A99D240,https://www.instagram.com/reel/DPJxW6HCReN/,DPJxW6HCReN,https://scontent-dfw6-2.cdninstagram.com/v/t51.71878-15/556293225_657352144111665_1634363605115090433_n.jpg?stp=dst-jpg_e35_tt6&_nc_cat=108&ccb=7-5&_nc_sid=18de74&efg=eyJlZmdfdGFnIjoiQ0xJUFMuYmVzdF9pbWFnZV91cmxnZW4uQzMifQ%3D%3D&_nc_ohc=iDzpMYlow5EQ7kNvwFfkpHA&_nc_oc=AdoVttBGgeescn8BLeibBHClYBO0749DWHkenizn_eMeBz06kbe7RBajAzRR6CNHzNQ&_nc_zt=23&_nc_ht=scontent-dfw6-2.cdninstagram.com&edm=AM6HXa8EAAAA&_nc_gid=VRYKpTH16Yr5i-BRgrxB9g&_nc_tpa=Q5bMBQKr920xEQe7ZihLULS66DDeGDOk9_9sz2JAb9IgrtHbNTQ8xDToGMjPYKorUXK4iLTwcraBLNdS&oh=00_AQJ4B20ido-MeUMK_JW3DvA4gnSTA97CSArFIWO3LJ_xgA&oe=6A9DC847,28 Sep 2025 04:32:08,qpaypro,REELS
17841443997027489,18088382194804503,"Vender en línea nunca fue tan sencillo ✨

Con #Qpayshop puedes crear tu tienda online en minutos y empezar a vender a todo Guatemala ??.
Sin trámites complicados, sin tecnicismos… solo ventas reales y crecimiento para tu negocio ?.

? ¡Empieza hoy y lleva tu emprendimiento al siguiente nivel!
#EmprendedoresGT #VendeEnLínea #NegociosGT #Qpaypro",Yes,0,9,VIDEO,https://scontent-dfw6-1.cdninstagram.com/o1/v/t2/f2/m86/AQOoYyyHAtMf5YLqQ8ZSFwlxtFSyBNf3JznS3N3VdMuWyzYWx7x2nTUeQ8EQsDa29TFrJ5lOKJS21OtQd1aSZakUDKO8EUq4_MTTPXU.mp4?_nc_cat=101&_nc_sid=5e9851&_nc_ht=scontent-dfw6-1.cdninstagram.com&_nc_ohc=Zao1NwaplKcQ7kNvwGk3-kZ&efg=eyJ2ZW5jb2RlX3RhZyI6Inhwdl9wcm9ncmVzc2l2ZS5JTlNUQUdSQU0uQ0xJUFMuQzMuMzU4LmRhc2hfYmFzZWxpbmVfM192MSIsInhwdl9hc3NldF9pZCI6MzgxODg1NTQyNTA3Nzc5NywiYXNzZXRfYWdlX2RheXMiOjM0MCwidmlfdXNlY2FzZV9pZCI6MTAwOTksImR1cmF0aW9uX3MiOjQ4LCJ1cmxnZW5fc291cmNlIjoid3d3In0%3D&ccb=17-1&vs=3b8f863dc38ec31b&_nc_vs=HBksFQIYUmlnX3hwdl9yZWVsc19wZXJtYW5lbnRfc3JfcHJvZC81MjRCMDhFRjJGRjMxNDJGNEUzMkEzRkNCOTAzOEZCOV92aWRlb19kYXNoaW5pdC5tcDQVAALIARIAFQIYR2lnX3hwdl9yZWVsc19wZXJtYW5lbnRfc3JfcHJvZC8xMTM1NTgzNTU4NjM4MDI5XzIxNTE4NDIxMjk1OTI2NjU0ODkubXA0FQICyAESACgAGAAbAogHdXNlX29pbAExEnByb2dyZXNzaXZlX3JlY2lwZQExFQAAJsrI-5DSzsgNFQIoAkMzLBdASEhysCDEnBgSZGFzaF9iYXNlbGluZV8zX3YxEQB1_gdl5p0BAA&_nc_gid=VRYKpTH16Yr5i-BRgrxB9g&edm=AM6HXa8EAAAA&_nc_zt=28&oh=00_AQLijWmuxQVa-zPz0dXFYD7sk8-Yp8tKQUxBpI84VPgxuA&oe=6A99F70E,https://www.instagram.com/reel/DPE47rtDxuf/,DPE47rtDxuf,https://scontent-dfw6-2.cdninstagram.com/v/t51.71878-15/553719480_1154164953234458_5002783805712794219_n.jpg?stp=dst-jpg_e35_tt6&_nc_cat=109&ccb=7-5&_nc_sid=18de74&efg=eyJlZmdfdGFnIjoiQ0xJUFMuYmVzdF9pbWFnZV91cmxnZW4uQzMifQ%3D%3D&_nc_ohc=x_Pbk0KsaHsQ7kNvwGGH9l-&_nc_oc=AdrRa89uhUsDTAxuSvaIxnzTXvTon0cuqnpz2DRTrkC5MbkerOIyF2uRyzR7AWp2Oys&_nc_zt=23&_nc_ht=scontent-dfw6-2.cdninstagram.com&edm=AM6HXa8EAAAA&_nc_gid=VRYKpTH16Yr5i-BRgrxB9g&_nc_tpa=Q5bMBQIru8tcF8bdrLdeOGXi_n7s72IK2YbuojIYLV6xmIYeSDtS3FxqDtYE5jpva9-Fvss_ud0x6P2N&oh=00_AQIuJgs0U168RGIKjVx3R4avjqBG4KK1J1goeMN2VKjbdQ&oe=6A9DF7FD,26 Sep 2025 07:02:06,qpaypro,REELS
17841443997027489,18138971191436733,"? Vender en digital nunca fue tan fácil

Con #Qpayshop creas tu tienda online en minutos, ofreces comodidad a tus clientes y haces crecer tu negocio.

✅ Fácil de usar
✅ Accesible para emprendedores
✅ Vendes 24/7 en todo el país
✅ Cobros automáticos y seguros

? Empieza hoy mismo y lleva tu emprendimiento al siguiente nivel.

#Qpayshop #VendeEnLínea #NegociosGT #EmprendedoresGT #EcommerceGT",Yes,0,3,IMAGE,https://scontent-dfw6-2.cdninstagram.com/v/t51.82787-15/553872469_18071350940466568_7529496149899454051_n.jpg?stp=dst-jpg_e35_tt6&_nc_cat=110&ccb=7-5&_nc_sid=18de74&efg=eyJlZmdfdGFnIjoiRkVFRC5iZXN0X2ltYWdlX3VybGdlbi5DMyJ9&_nc_ohc=pYtccdr2wpUQ7kNvwE9taKj&_nc_oc=AdriQB8BEKoSL1dyqswtKqtphbapTFy7suHCpKcyTKjhsiDrqEiZKPaBRjXUutSPZwM&_nc_zt=23&_nc_ht=scontent-dfw6-2.cdninstagram.com&edm=AM6HXa8EAAAA&_nc_gid=VRYKpTH16Yr5i-BRgrxB9g&oh=00_AQL-PYA6U48cp4wkWrWI-aE5iGriJQXyYiPUkyvlB2ecLA&oe=6A9DE314,https://www.instagram.com/p/DO_eLVxiOsg/,DO_eLVxiOsg,,24 Sep 2025 04:30:09,qpaypro,FEED
17841443997027489,18068099591190269,"? Facilita tus ventas y haz crecer tu negocio ?

Con Qpayshop ofreces a tus clientes la comodidad de comprar cuando quieran y desde cualquier parte del país. Tener tu tienda online nunca fue tan fácil: tus productos disponibles 24/7, sin complicaciones.

#Qpayshop #VendeEnLínea #EmprendedoresGT #NegociosDigitales",Yes,0,4,VIDEO,https://scontent-dfw5-1.cdninstagram.com/o1/v/t2/f2/m86/AQO75HfXKPk_Seq8rVF-_8TKRpEDaQ0L2PKagsEZXCvyvns8sU2SVH-jSAalpK-7kErTl4_D0v43EWLA4_BQDU1ebKK180M8RAoMbe8.mp4?_nc_cat=111&_nc_sid=5e9851&_nc_ht=scontent-dfw5-1.cdninstagram.com&_nc_ohc=SuXl4nFAbpQQ7kNvwFeax2K&efg=eyJ2ZW5jb2RlX3RhZyI6Inhwdl9wcm9ncmVzc2l2ZS5JTlNUQUdSQU0uQ0xJUFMuQzMuMzU4LmRhc2hfYmFzZWxpbmVfM192MSIsInhwdl9hc3NldF9pZCI6MjE3MDcwNjgxNjc0NjU1OCwiYXNzZXRfYWdlX2RheXMiOjM0NCwidmlfdXNlY2FzZV9pZCI6MTAwOTksImR1cmF0aW9uX3MiOjcsInVybGdlbl9zb3VyY2UiOiJ3d3cifQ%3D%3D&ccb=17-1&vs=f7ff5c560d878ec4&_nc_vs=HBksFQIYUmlnX3hwdl9yZWVsc19wZXJtYW5lbnRfc3JfcHJvZC9BMzRFRjZFNDJCMkMzQkU5QTI0RTkwMjYyM0Q0QkJBN192aWRlb19kYXNoaW5pdC5tcDQVAALIARIAFQIYR2lnX3hwdl9yZWVsc19wZXJtYW5lbnRfc3JfcHJvZC8xNDY2MDg3NDM4MDEwNjAxXzEwNTEyODQyMDg4MDM3NTUxMjMubXA0FQICyAESACgAGAAbAogHdXNlX29pbAExEnByb2dyZXNzaXZlX3JlY2lwZQExFQAAJvyQyovij9sHFQIoAkMzLBdAHAAAAAAAABgSZGFzaF9iYXNlbGluZV8zX3YxEQB1_gdl5p0BAA&_nc_gid=VRYKpTH16Yr5i-BRgrxB9g&edm=AM6HXa8EAAAA&_nc_zt=28&oh=00_AQJH46iaLhzsNCkLECK7HEecwNSjjSBDCzL0fxVDThW3oA&oe=6A99E450,https://www.instagram.com/reel/DO7IKGvEsQK/,DO7IKGvEsQK,https://scontent-dfw5-1.cdninstagram.com/v/t51.71878-15/552091564_1308189190230812_6545927353335497676_n.jpg?stp=dst-jpg_e35_tt6&_nc_cat=105&ccb=7-5&_nc_sid=18de74&efg=eyJlZmdfdGFnIjoiQ0xJUFMuYmVzdF9pbWFnZV91cmxnZW4uQzMifQ%3D%3D&_nc_ohc=vtW4OrCfILkQ7kNvwESv5am&_nc_oc=AdpG4LkAjNQw2IjAta3J_z_TnejX4pfYkTaxpStpUOZVq59ulX--1KxxgP2wBhYJgCk&_nc_zt=23&_nc_ht=scontent-dfw5-1.cdninstagram.com&edm=AM6HXa8EAAAA&_nc_gid=VRYKpTH16Yr5i-BRgrxB9g&_nc_tpa=Q5bMBQKUBc2PN58xPXKOEDAq_l-TLs7anBh5ggKDV9_jDpEHzuSTC0xzsLToq-2tSLxF43T_ajZ-bAnQ&oh=00_AQLJNo-yFwGBPAgMz7kR7c9cXLYfBkMYc-PMzKhVGEK4Rg&oe=6A9DF810,23 Sep 2025 12:02:04,qpaypro,REELS
17841443997027489,18050429249301263,"? ¡Sé parte de nuestra red de Partners! ?

Ayudemos juntos a que más empresas guatemaltecas cuenten con un ecosistema de cobros en línea rápido, seguro y confiable. ?✨

? Contáctanos hoy y únete a este movimiento que impulsa el crecimiento de empresas de Guatemala.

#qpaypro #emprendedoresgt #ventasgt #Partners",Yes,0,5,VIDEO,https://scontent-dfw5-1.cdninstagram.com/o1/v/t2/f2/m86/AQPyqY4SyNZZ5nROBLyeiXlKSwacRLJJlAqv4U7FpInuskIs2EY9RJI01TOy1wvGgJUcBdaxj525lexvXW7RaUsK66bwsTFCO56lvMk.mp4?_nc_cat=111&_nc_sid=5e9851&_nc_ht=scontent-dfw5-1.cdninstagram.com&_nc_ohc=g5GF4prGakkQ7kNvwEIndwg&efg=eyJ2ZW5jb2RlX3RhZyI6Inhwdl9wcm9ncmVzc2l2ZS5JTlNUQUdSQU0uQ0xJUFMuQzMuMzU4LmRhc2hfYmFzZWxpbmVfM192MSIsInhwdl9hc3NldF9pZCI6NzQ2ODk5MjU4MzQ5OTE4LCJhc3NldF9hZ2VfZGF5cyI6MzQ2LCJ2aV91c2VjYXNlX2lkIjoxMDA5OSwiZHVyYXRpb25fcyI6NzAsInVybGdlbl9zb3VyY2UiOiJ3d3cifQ%3D%3D&ccb=17-1&vs=58de97467cb16271&_nc_vs=HBksFQIYUmlnX3hwdl9yZWVsc19wZXJtYW5lbnRfc3JfcHJvZC8wODRGODAwNDc2NzcwRDJFMkI4MkI1MEZFODdBRTI5Q192aWRlb19kYXNoaW5pdC5tcDQVAALIARIAFQIYR2lnX3hwdl9yZWVsc19wZXJtYW5lbnRfc3JfcHJvZC8xNDkyNTU2MDU4NzI4NDM1XzU2NzMzNzg5OTM3NTQxNjM3MjEubXA0FQICyAESACgAGAAbAogHdXNlX29pbAExEnByb2dyZXNzaXZlX3JlY2lwZQExFQAAJrzl0I-h09MCFQIoAkMzLBdAUa7peNT99BgSZGFzaF9iYXNlbGluZV8zX3YxEQB1_gdl5p0BAA&_nc_gid=VRYKpTH16Yr5i-BRgrxB9g&edm=AM6HXa8EAAAA&_nc_zt=28&oh=00_AQIMy-1kW9CaXTvwAShwXeY4dyCptH8v9xt7v4Mbe4gIrA&oe=6A99DBE8,https://www.instagram.com/reel/DO1fmY5E9c5/,DO1fmY5E9c5,https://scontent-dfw5-2.cdninstagram.com/v/t51.82787-15/551279376_18070691144466568_8213730829675403750_n.jpg?stp=dst-jpg_e35_tt6&_nc_cat=107&ccb=7-5&_nc_sid=18de74&efg=eyJlZmdfdGFnIjoiQ0xJUFMuYmVzdF9pbWFnZV91cmxnZW4uQzMifQ%3D%3D&_nc_ohc=CniDahLlHB8Q7kNvwF91KBv&_nc_oc=AdpOh5mDpyng2vIjzFx4zjqIbfLpCAewbL1VOOqdQq19HpKX87EWpADeLcYqrEO6ahI&_nc_zt=23&_nc_ht=scontent-dfw5-2.cdninstagram.com&edm=AM6HXa8EAAAA&_nc_gid=VRYKpTH16Yr5i-BRgrxB9g&_nc_tpa=Q5bMBQKtRcmK0XN4ZWq8v_EDg5zNG9NZSt5MHB8wWsp6k8w9bnsHVJiaZeQMWJhqhVe1PGkjqhixtXc7&oh=00_AQIag66VsQrsDtsLUxqu3SleaJLTbLHnKfDngKQqMri6eA&oe=6A9DDBA0,20 Sep 2025 07:32:04,qpaypro,REELS
17841443997027489,18111982855529992,"? Hey emprendedor, ¿listo para simplificar tu facturación?

Te preparamos este video súper práctico donde te guiamos de la mano para que:
✨ Crees facturas como un experto 
✨ Las envíes sin complicaciones 
✨ Impresiones a tus clientes con tu profesionalismo

? Estamos aquí para ti: Cualquier duda que tengas, solo comenta. Nuestro equipo te responderá pronto.

#Qpaypro #Qpayfel #FacturaElectrónica #FacturaciónGT #Ecommerce #Productividad",Yes,0,5,VIDEO,https://scontent-dfw6-2.cdninstagram.com/o1/v/t2/f2/m86/AQPO3CewAs-ZogYbJh03NW4z7x4shqIodJL5f0m06QlyzNH_0cNj3Hce4APzX7ZEDVEaxxpHV2O3V_EkxYGAQw_r_1GSVR4uFirQOTY.mp4?_nc_cat=110&_nc_sid=5e9851&_nc_ht=scontent-dfw6-2.cdninstagram.com&_nc_ohc=kNwQ2yvJ-HoQ7kNvwEh5ExA&efg=eyJ2ZW5jb2RlX3RhZyI6Inhwdl9wcm9ncmVzc2l2ZS5JTlNUQUdSQU0uQ0xJUFMuQzMuMzU4LmRhc2hfYmFzZWxpbmVfM192MSIsInhwdl9hc3NldF9pZCI6ODQyMzExNjE1MDI2NDY1LCJhc3NldF9hZ2VfZGF5cyI6MzUwLCJ2aV91c2VjYXNlX2lkIjoxMDA5OSwiZHVyYXRpb25fcyI6MjgsInVybGdlbl9zb3VyY2UiOiJ3d3cifQ%3D%3D&ccb=17-1&vs=ab883e3563872adb&_nc_vs=HBksFQIYUmlnX3hwdl9yZWVsc19wZXJtYW5lbnRfc3JfcHJvZC9DNjRDRTlGNDgzRDVBNjE2MzdDRkY5Q0FGNzFDNzA5NV92aWRlb19kYXNoaW5pdC5tcDQVAALIARIAFQIYRmlnX3hwdl9yZWVsc19wZXJtYW5lbnRfc3JfcHJvZC83MTUzMjczNzQ4NzcxMzBfMzA3MzYwNDE4NTgyNzgxNTgzMi5tcDQVAgLIARIAKAAYABsCiAd1c2Vfb2lsATEScHJvZ3Jlc3NpdmVfcmVjaXBlATEVAAAmwtTUyf6E_wIVAigCQzMsF0A8szMzMzMzGBJkYXNoX2Jhc2VsaW5lXzNfdjERAHX-B2XmnQEA&_nc_gid=VRYKpTH16Yr5i-BRgrxB9g&edm=AM6HXa8EAAAA&_nc_zt=28&oh=00_AQLNei5seW9eDrw1V55Q8OqQxtS_wbbq7tGGZLtLXQKn5w&oe=6A99EF07,https://www.instagram.com/reel/DOrn4qHEtyB/,DOrn4qHEtyB,https://scontent-dfw6-2.cdninstagram.com/v/t51.82787-15/549220357_18070222475466568_1765789000078774536_n.jpg?stp=dst-jpg_e35_tt6&_nc_cat=108&ccb=7-5&_nc_sid=18de74&efg=eyJlZmdfdGFnIjoiQ0xJUFMuYmVzdF9pbWFnZV91cmxnZW4uQzMifQ%3D%3D&_nc_ohc=yYsUrqVqaqAQ7kNvwHbNCig&_nc_oc=AdpQD_qDAo67cpYjsrdlzxdDeXSiJ0UkGX2EcVBF0T3ac83iU_qpAdWZSzagRiaj120&_nc_zt=23&_nc_ht=scontent-dfw6-2.cdninstagram.com&edm=AM6HXa8EAAAA&_nc_gid=VRYKpTH16Yr5i-BRgrxB9g&_nc_tpa=Q5bMBQKj9Crx3A2yZYS3fPwbA4JZfIrwgnguAWVRitK-9yzxcNv1o42Nfa5_FMYqxSp79LoiyoGHaaWn&oh=00_AQICaZgufpBEBCJTwtpk3jmEOu_xXcU1CtCr9f7F9IwIeg&oe=6A9DC94F,16 Sep 2025 11:32:06,qpaypro,REELS
17841443997027489,18043688078341530,"?️ ¿Quieres tu tienda online pero no sabes cómo?

✨ WEBINAR GRATUITO
? 23 septiembre - 11:00 AM
Descubre Qpayshop y aumenta tus ventas ?

¡Link en bio! ?

#TiendaOnline #Emprendimiento #WebinarGratis",Yes,0,9,VIDEO,https://scontent-dfw5-2.cdninstagram.com/o1/v/t2/f2/m86/AQN6x8JaBPUM0YWkkxA_7Cgl8WWx1StDCzvbcEJRw0d2KqXcAJAq_r7ASpsc4mduHQz5Rtw5XwBqbU7PgE8XL11MFENKTSbv6F1RaJs.mp4?_nc_cat=107&_nc_sid=5e9851&_nc_ht=scontent-dfw5-2.cdninstagram.com&_nc_ohc=tHdrHuWdIGAQ7kNvwEEUeVQ&efg=eyJ2ZW5jb2RlX3RhZyI6Inhwdl9wcm9ncmVzc2l2ZS5JTlNUQUdSQU0uQ0xJUFMuQzMuMzU4LmRhc2hfYmFzZWxpbmVfM192MSIsInhwdl9hc3NldF9pZCI6MTEyMTEzNzY4MjgwNjgxMiwiYXNzZXRfYWdlX2RheXMiOjM1MCwidmlfdXNlY2FzZV9pZCI6MTAwOTksImR1cmF0aW9uX3MiOjEwLCJ1cmxnZW5fc291cmNlIjoid3d3In0%3D&ccb=17-1&vs=99efdfef9b71baed&_nc_vs=HBksFQIYUmlnX3hwdl9yZWVsc19wZXJtYW5lbnRfc3JfcHJvZC9EMTQ5REZDNjY4RkE3RDJGRDk1MzRBQjUzRDFBRjU5Ml92aWRlb19kYXNoaW5pdC5tcDQVAALIARIAFQIYR2lnX3hwdl9yZWVsc19wZXJtYW5lbnRfc3JfcHJvZC80NDEwNjQxNjAyNTE0OTA4XzYzMTMyMTQzNjM4MzUzNzkzNzkubXA0FQICyAESACgAGAAbAogHdXNlX29pbAExEnByb2dyZXNzaXZlX3JlY2lwZQExFQAAJrjgn9Xm6v0DFQIoAkMzLBdAJO6XjU_fOxgSZGFzaF9iYXNlbGluZV8zX3YxEQB1_gdl5p0BAA&_nc_gid=VRYKpTH16Yr5i-BRgrxB9g&edm=AM6HXa8EAAAA&_nc_zt=28&oh=00_AQK1g5hyj4LsPeyW4v5_D2tJvPDjcvp9SIH1ShdZok_mLw&oe=6A99F9A4,https://www.instagram.com/reel/DOrgQQSlClA/,DOrgQQSlClA,https://scontent-dfw6-2.cdninstagram.com/v/t51.82787-15/549296880_18070219940466568_3275940739834797645_n.jpg?stp=dst-jpg_e35_tt6&_nc_cat=109&ccb=7-5&_nc_sid=18de74&efg=eyJlZmdfdGFnIjoiQ0xJUFMuYmVzdF9pbWFnZV91cmxnZW4uQzMifQ%3D%3D&_nc_ohc=fwuuRDEzIHgQ7kNvwFDnD7d&_nc_oc=Adru-rVhR_BQoTbcRJX9q7fATG43wl7nv3XH5KdAqk-UdJ2ye5H1GQoYOcRXfcZLeAk&_nc_zt=23&_nc_ht=scontent-dfw6-2.cdninstagram.com&edm=AM6HXa8EAAAA&_nc_gid=VRYKpTH16Yr5i-BRgrxB9g&_nc_tpa=Q5bMBQJ4CGI_ZVI7ja40q4kNtzSDKPZ4A7zkbb_qlPI2MHq3JPakwMh7w8c43yMhMBlNv1yh-9Xvbd4I&oh=00_AQL88M--txL3OcgQthJniLSbDsZL42LSFnOChEMM_C0X2g&oe=6A9DE3DC,16 Sep 2025 10:25:25,qpaypro,REELS
17841443997027489,18073993969893595,"? 204 años de independencia 

En Guatemala nacen los sueños más grandes, y en Qpaypro los ayudamos a hacerse realidad.

Gracias por permitirnos ser parte de la historia de tantos emprendedores chapines.
¡Feliz Independencia! ??

#Guatemala #EmprendedoresChapines #IndependenciaGT #Qpaypro #SueñosChapines",Yes,0,5,IMAGE,https://scontent-dfw6-2.cdninstagram.com/v/t51.82787-15/548319878_18070095152466568_5545884947439807259_n.jpg?stp=dst-jpg_e35_tt6&_nc_cat=108&ccb=7-5&_nc_sid=18de74&efg=eyJlZmdfdGFnIjoiRkVFRC5iZXN0X2ltYWdlX3VybGdlbi5DMyJ9&_nc_ohc=p28EVgwT5pgQ7kNvwGCzu43&_nc_oc=AdqLCSwxQ6sbNGiLYx6Ah0M3gbMBY2zYSnc4uMhduqvP4lVYSq1pjjjet7-57U_gX6A&_nc_zt=23&_nc_ht=scontent-dfw6-2.cdninstagram.com&edm=AM6HXa8EAAAA&_nc_gid=VRYKpTH16Yr5i-BRgrxB9g&oh=00_AQJh3v-mt3JRu9BV1bXz8eSN2Sal60wzoHGc7aoVt9Cliw&oe=6A9DEE5B,https://www.instagram.com/p/DOoB2v4DRRn/,DOoB2v4DRRn,,15 Sep 2025 02:00:07,qpaypro,FEED
17841443997027489,18066173897214892,"En Guatemala abundan las mentes chispudas y valientes que generan oportunidades y hacen crecer a nuestro país. ??

En Qpaypro celebramos a cada emprendedor que, con pasión y esfuerzo, es parte del motor que mueve a Guatemala. Porque igual que tú, estamos orgullosos de ser chapines y de creer en un futuro construido con trabajo y corazón. ?

#SoyChapinYEmprendedor #Qpaypro #EmprendedoresGT #IndependenciaDeGuatemala #204Años",Yes,4,75,VIDEO,https://scontent-dfw6-2.cdninstagram.com/o1/v/t2/f2/m86/AQPHaQ43XMcdi-CSluGhZ_gvXcKNYj4ZcbLd0Ca9mVCM9VU19k8Q7EiEpJatwHl8tpodLF139f-detdpZVYahsZ4QM6DtyAYr2gRkdc.mp4?_nc_cat=109&_nc_sid=5e9851&_nc_ht=scontent-dfw6-2.cdninstagram.com&_nc_ohc=0qcLM8JzsRIQ7kNvwGvcc5l&efg=eyJ2ZW5jb2RlX3RhZyI6Inhwdl9wcm9ncmVzc2l2ZS5JTlNUQUdSQU0uQ0xJUFMuQzMuNTc0LmRhc2hfYmFzZWxpbmVfMV92MSIsInhwdl9hc3NldF9pZCI6MTczNjY3NjQ2MzYzMzkwOSwiYXNzZXRfYWdlX2RheXMiOjM1NCwidmlfdXNlY2FzZV9pZCI6MTAwOTksImR1cmF0aW9uX3MiOjQ2LCJ1cmxnZW5fc291cmNlIjoid3d3In0%3D&ccb=17-1&vs=553eece900ec6229&_nc_vs=HBksFQIYUmlnX3hwdl9yZWVsc19wZXJtYW5lbnRfc3JfcHJvZC83RTQzQkIzRjU2RkFDMjk5QTcwREQwNTFCN0MwQzk5NV92aWRlb19kYXNoaW5pdC5tcDQVAALIARIAFQIYR2lnX3hwdl9yZWVsc19wZXJtYW5lbnRfc3JfcHJvZC8xMTE0MTY1NDkzNTk4NzYwXzM5NDI5MjIxOTc3OTg3OTIxNTAubXA0FQICyAESACgAGAAbAogHdXNlX29pbAExEnByb2dyZXNzaXZlX3JlY2lwZQExFQAAJuqXo_vv35UGFQIoAkMzLBdARyZmZmZmZhgSZGFzaF9iYXNlbGluZV8xX3YxEQB1_gdl5p0BAA&_nc_gid=VRYKpTH16Yr5i-BRgrxB9g&edm=AM6HXa8EAAAA&_nc_zt=28&oh=00_AQIX4KFuxQ5ns4wnxDOgp23Cm16y5qWGe4E1n4GrHsIYrA&oe=6A99F11E,https://www.instagram.com/reel/DOgxxCmjOAj/,DOgxxCmjOAj,https://scontent-dfw6-2.cdninstagram.com/v/t51.82787-15/548188323_18069804305466568_4102326012734021717_n.jpg?stp=dst-jpg_e35_tt6&_nc_cat=108&ccb=7-5&_nc_sid=18de74&efg=eyJlZmdfdGFnIjoiQ0xJUFMuYmVzdF9pbWFnZV91cmxnZW4uQzMifQ%3D%3D&_nc_ohc=EZDXB7MVIicQ7kNvwGTdcSs&_nc_oc=AdpCU14sMrj_bE4siF_LWtbois1ZdIfqeJktyvu3zaOaOoIlYapnYq7GsomVwhGljcM&_nc_zt=23&_nc_ht=scontent-dfw6-2.cdninstagram.com&edm=AM6HXa8EAAAA&_nc_gid=VRYKpTH16Yr5i-BRgrxB9g&_nc_tpa=Q5bMBQIhieQvLcWbRRmKJ7sCARL44ylJLBk7daZ0TN7dGolbuHWc9JqCIu_SNeGVwk6vngXl9sQzxI3y&oh=00_AQLKBCNvGJc1Gz8DjueAjio4xEILk7HdkMZJxUIoD2xoaQ&oe=6A9DD719,12 Sep 2025 06:26:46,qpaypro,REELS
17841443997027489,18081251545746259,"QPayFel llegó para cambiar tu historia empresarial. Descubre cómo estos beneficios transformarán tu día a día ?

¿Conoces a alguien que necesita esta solución? ? ¡Comparte este video y ayúdale a evolucionar!

#Qpaypro #Qpayfel #FacturaElectrónica #FacturaciónGT #Ecommerce #Productividad",Yes,0,18,VIDEO,https://scontent-dfw6-2.cdninstagram.com/o1/v/t2/f2/m86/AQM2tadcShndPZorLkKxpSYP_Zt2LE3i7q5d6-NW1s55bZUhOK1a_Qwkc5ylnNwiL8m1IPYegKNn3lzNgDBHYOyyd0I67YuPL-V4lDI.mp4?_nc_cat=109&_nc_sid=5e9851&_nc_ht=scontent-dfw6-2.cdninstagram.com&_nc_ohc=6TEj1WM_GOMQ7kNvwGg4Yxa&efg=eyJ2ZW5jb2RlX3RhZyI6Inhwdl9wcm9ncmVzc2l2ZS5JTlNUQUdSQU0uQ0xJUFMuQzMuMzU4LmRhc2hfYmFzZWxpbmVfM192MSIsInhwdl9hc3NldF9pZCI6MTExNjU5ODcxNzI3ODIzNywiYXNzZXRfYWdlX2RheXMiOjM1NiwidmlfdXNlY2FzZV9pZCI6MTAwOTksImR1cmF0aW9uX3MiOjI4LCJ1cmxnZW5fc291cmNlIjoid3d3In0%3D&ccb=17-1&vs=74f88654a730c7e5&_nc_vs=HBksFQIYUmlnX3hwdl9yZWVsc19wZXJtYW5lbnRfc3JfcHJvZC80RjQxNUY0RUU3QzYzM0RFQzAwMjZBNUU2NzIyQkVBQl92aWRlb19kYXNoaW5pdC5tcDQVAALIARIAFQIYRmlnX3hwdl9yZWVsc19wZXJtYW5lbnRfc3JfcHJvZC83ODU0NDY4ODcxODQzNDVfNTI2Mzk5OTY2MjYyNTQ3MDQxNS5tcDQVAgLIARIAKAAYABsCiAd1c2Vfb2lsATEScHJvZ3Jlc3NpdmVfcmVjaXBlATEVAAAmuqCz3szi-wMVAigCQzMsF0A8d0vGp--eGBJkYXNoX2Jhc2VsaW5lXzNfdjERAHX-B2XmnQEA&_nc_gid=VRYKpTH16Yr5i-BRgrxB9g&edm=AM6HXa8EAAAA&_nc_zt=28&oh=00_AQI6p1Zzju4MfKuROC8KO3QqWKrFgsmDZQ3z6wS4FY8GLw&oe=6A99DEB6,https://www.instagram.com/reel/DObsU_MAVJu/,DObsU_MAVJu,https://scontent-dfw5-2.cdninstagram.com/v/t51.82787-15/544111491_18069621863466568_6328460715636944791_n.jpg?stp=dst-jpg_e35_tt6&_nc_cat=107&ccb=7-5&_nc_sid=18de74&efg=eyJlZmdfdGFnIjoiQ0xJUFMuYmVzdF9pbWFnZV91cmxnZW4uQzMifQ%3D%3D&_nc_ohc=PrVQN2vOj6IQ7kNvwEx4DxQ&_nc_oc=AdoqOHQy0gpQWSU04VA7TD2x6hYiMrevGFWI8nXSA-IBomSOwvP8cndH7EX7hyXXBCY&_nc_zt=23&_nc_ht=scontent-dfw5-2.cdninstagram.com&edm=AM6HXa8EAAAA&_nc_gid=VRYKpTH16Yr5i-BRgrxB9g&_nc_tpa=Q5bMBQKXG8b2mudfMGuDr1C8OaTr_7NLAX7M1n1NukcqmZ0enYQsYaRD1xtHlw12CGFKQFQKuwHZSJqT&oh=00_AQLcOY7m-sTK5TQMgaNWX5GvtrULrvEluzGADpfTggaaXA&oe=6A9DF153,10 Sep 2025 07:02:05,qpaypro,REELS
17841443997027489,18101681125610402,"Facturación empresarial, simplicidad personal, hemos creado para tí Qpayfel, un nuevo módulo de facturación a un clic. ??????

? Comenta ""QUIERO SABER MÁS"" para recibir información exclusiva.

#Qpaypro #Qpayfel #FacturaElectrónica #FacturaciónGT #Ecommerce #Productividad",Yes,0,5,CAROUSEL_ALBUM,https://scontent-dfw6-2.cdninstagram.com/v/t51.82787-15/542315605_18069385004466568_4162990251174920743_n.jpg?stp=dst-jpg_e35_tt6&_nc_cat=109&ccb=7-5&_nc_sid=18de74&efg=eyJlZmdfdGFnIjoiQ0FST1VTRUxfSVRFTS5iZXN0X2ltYWdlX3VybGdlbi5DMyJ9&_nc_ohc=bNS5fg9Z-L0Q7kNvwGirJDp&_nc_oc=AdpTs8v3UhzkSiehT9cXHeIGAAn5515lbYMsmTYfLUA4bHbiZEY5U-AEDdTZtKBkTIw&_nc_zt=23&_nc_ht=scontent-dfw6-2.cdninstagram.com&edm=AM6HXa8EAAAA&_nc_gid=VRYKpTH16Yr5i-BRgrxB9g&oh=00_AQLCXlagIxNMagygaqJRrGv2frGMg2ody9MLGXXk5acpjQ&oe=6A9DEED9,https://www.instagram.com/p/DOWpi3DCiMJ/,DOWpi3DCiMJ,,08 Sep 2025 08:00:37,qpaypro,FEED
17841443997027489,18082447660938054,"? ¿Cansado de perder tiempo con la facturación?

Cada factura en tu empresa es importante, por eso estamos desarrollando algo revolucionario que cambiará para siempre la forma en que facturas.

#Qpaypro #Qpayfel #FacturaElectrónica #FacturaciónGT #Ecommerce #Productividad",Yes,0,5,VIDEO,https://scontent-dfw6-2.cdninstagram.com/o1/v/t2/f2/m86/AQPfc5fFjcWdpUneaCq4Ke4Ugmqw-qmMLsIHPB7k4exfVSB_J3bay1Q0NVooUwFG8JN4rLIKZNOI2PYYXVEVFykLgNWcNzPIGWzhJvU.mp4?_nc_cat=109&_nc_sid=5e9851&_nc_ht=scontent-dfw6-2.cdninstagram.com&_nc_ohc=o_A5PuO90J0Q7kNvwEOZSCV&efg=eyJ2ZW5jb2RlX3RhZyI6Inhwdl9wcm9ncmVzc2l2ZS5JTlNUQUdSQU0uQ0xJUFMuQzMuMzU4LmRhc2hfYmFzZWxpbmVfM192MSIsInhwdl9hc3NldF9pZCI6MTE2MjQxMDY5OTA4MjcyNiwiYXNzZXRfYWdlX2RheXMiOjM2MCwidmlfdXNlY2FzZV9pZCI6MTAwOTksImR1cmF0aW9uX3MiOjE2LCJ1cmxnZW5fc291cmNlIjoid3d3In0%3D&ccb=17-1&vs=d37a0ccee03a19d1&_nc_vs=HBksFQIYUmlnX3hwdl9yZWVsc19wZXJtYW5lbnRfc3JfcHJvZC85MDQ1QUQxRDYwRkVDRTk0OEJCMEU2MkY5MzNDNzM5Q192aWRlb19kYXNoaW5pdC5tcDQVAALIARIAFQIYR2lnX3hwdl9yZWVsc19wZXJtYW5lbnRfc3JfcHJvZC8yMDc4OTg2OTg5Mjk2NDkzXzUyNzc1NjQ3MzIxOTk5ODIyODUubXA0FQICyAESACgAGAAbAogHdXNlX29pbAExEnByb2dyZXNzaXZlX3JlY2lwZQExFQAAJsyv6syazZAEFQIoAkMzLBdAMAAAAAAAABgSZGFzaF9iYXNlbGluZV8zX3YxEQB1_gdl5p0BAA&_nc_gid=VRYKpTH16Yr5i-BRgrxB9g&edm=AM6HXa8EAAAA&_nc_zt=28&oh=00_AQJtMcTi5pzSNFmCol0UEi8XV5OgAPVQ0XhDEkQy5Daqvw&oe=6A99F93A,https://www.instagram.com/reel/DORH37virzD/,DORH37virzD,https://scontent-dfw5-2.cdninstagram.com/v/t51.82787-15/543723977_18069166859466568_4662413572861711429_n.jpg?stp=dst-jpg_e35_tt6&_nc_cat=107&ccb=7-5&_nc_sid=18de74&efg=eyJlZmdfdGFnIjoiQ0xJUFMuYmVzdF9pbWFnZV91cmxnZW4uQzMifQ%3D%3D&_nc_ohc=HJmwsWPwIswQ7kNvwEkmijz&_nc_oc=Adrd8MxHtWYLjqKX9HtffPLV40XGy_JeN96flDl2eEjMkFChIOvxwWvNEC45-BUPQtc&_nc_zt=23&_nc_ht=scontent-dfw5-2.cdninstagram.com&edm=AM6HXa8EAAAA&_nc_gid=VRYKpTH16Yr5i-BRgrxB9g&_nc_tpa=Q5bMBQLEyeZq90rTMDJguhtqar7Wr0l7JMKVKK7eezPnSQtoxtDI8EHQfdDZoWmxJxSx6LZYBiIjp-q2&oh=00_AQKp2nZB3A2mhdlQq4MsDKf5jMrZZCQV_X7aqvVcNn3zEQ&oe=6A9DDF01,06 Sep 2025 04:32:04,qpaypro,REELS
17841443997027489,18057226085130515,"? ¿Cansado de perder ventas porque no cuentas con un método de pago?

En nuestro webinar gratuito te enseñamos cómo implementar pagos digitales sin complicaciones y aumentar tus ventas. 

?Te esperamos este próximo 11 de septiembre a las 11:00 Hrs.
 Link en bio para registrarte ?",Yes,1,7,VIDEO,https://scontent-dfw5-1.cdninstagram.com/o1/v/t2/f2/m86/AQMHTXAfFBxAajRaFVGjTIqc-vIXfn4XcEJHt30uTp13XnWDrr43ha_8uXvdAhw7VGXzFzrZmXW_qU53unbi3egqkNcUOh09F3DQl7g.mp4?_nc_cat=111&_nc_sid=5e9851&_nc_ht=scontent-dfw5-1.cdninstagram.com&_nc_ohc=CXaHrr3Rs5gQ7kNvwEQOga_&efg=eyJ2ZW5jb2RlX3RhZyI6Inhwdl9wcm9ncmVzc2l2ZS5JTlNUQUdSQU0uQ0xJUFMuQzMuMzU4LmRhc2hfYmFzZWxpbmVfM192MSIsInhwdl9hc3NldF9pZCI6NzY3ODMyOTc1ODQ5MTkxLCJhc3NldF9hZ2VfZGF5cyI6MzYyLCJ2aV91c2VjYXNlX2lkIjoxMDA5OSwiZHVyYXRpb25fcyI6MzAsInVybGdlbl9zb3VyY2UiOiJ3d3cifQ%3D%3D&ccb=17-1&vs=9e5d0e0825c4ee43&_nc_vs=HBksFQIYUmlnX3hwdl9yZWVsc19wZXJtYW5lbnRfc3JfcHJvZC8zRjRCQ0Q2MkNDOUVERkFDOTQzMTIyQjdFOEI5MjZCOV92aWRlb19kYXNoaW5pdC5tcDQVAALIARIAFQIYR2lnX3hwdl9yZWVsc19wZXJtYW5lbnRfc3JfcHJvZC8xMTg0NTA1MDE2ODQzMjgyXzU3MDg1NDg4NTc2NDU3NTYwNjkubXA0FQICyAESACgAGAAbAogHdXNlX29pbAExEnByb2dyZXNzaXZlX3JlY2lwZQExFQAAJs7brbzhld0CFQIoAkMzLBdAPl2yLQ5WBBgSZGFzaF9iYXNlbGluZV8zX3YxEQB1_gdl5p0BAA&_nc_gid=VRYKpTH16Yr5i-BRgrxB9g&edm=AM6HXa8EAAAA&_nc_zt=28&oh=00_AQK9HkXVGFDM0ZlQgZk283g1auK32pSbNWc9OkbXRJUzZQ&oe=6A99DED8,https://www.instagram.com/reel/DOMK3YTjWTt/,DOMK3YTjWTt,https://scontent-dfw5-1.cdninstagram.com/v/t51.82787-15/542760813_18068970647466568_7445426556504458694_n.jpg?stp=dst-jpg_e35_tt6&_nc_cat=111&ccb=7-5&_nc_sid=18de74&efg=eyJlZmdfdGFnIjoiQ0xJUFMuYmVzdF9pbWFnZV91cmxnZW4uQzMifQ%3D%3D&_nc_ohc=sfUkx8g_FRcQ7kNvwEmiF12&_nc_oc=AdpNxSbqIlrpzijMTT3E_pZ64stcChxgFrIucYHcA0biY2uG7FqGJgDKBjXKZVCS-7E&_nc_zt=23&_nc_ht=scontent-dfw5-1.cdninstagram.com&edm=AM6HXa8EAAAA&_nc_gid=VRYKpTH16Yr5i-BRgrxB9g&_nc_tpa=Q5bMBQIow7myVxnWlJn3TTc9qxVnN0LpGPhE-kK-eUDBuNB0iXtmnarsJ1mH_XC_wAkdgaEFArFH-w06&oh=00_AQLwRDPNXOpAv_tDtt7hd8exPYdPQ3pCz5RyGmEs_DRwHA&oe=6A9DE2AF,04 Sep 2025 06:22:00,qpaypro,REELS
17841443997027489,18153625846388283,"Hoy vivimos una nueva sesión de ApoloCxS ? donde descubrimos que ¡cada uno es su propio personaje! ?? 

?¿Cuándo fue la última vez que te viste como el jugador de tu propia historia?
#ApoloCxS #TeamWork #Creatividad",Yes,0,27,CAROUSEL_ALBUM,https://scontent-dfw6-2.cdninstagram.com/v/t51.82787-15/541536978_18068884484466568_2698082850752621622_n.jpg?stp=dst-jpg_e35_tt6&_nc_cat=109&ccb=7-5&_nc_sid=18de74&efg=eyJlZmdfdGFnIjoiQ0FST1VTRUxfSVRFTS5iZXN0X2ltYWdlX3VybGdlbi5DMyJ9&_nc_ohc=KE33SWG60JEQ7kNvwEJAXQI&_nc_oc=Adp2eRUTfhaQLgjOOkGpHh2sYJEfgTKJ79tfQg8t9t46dr0UDHfIMi8ZoeFHfphqRno&_nc_zt=23&_nc_ht=scontent-dfw6-2.cdninstagram.com&edm=AM6HXa8EAAAA&_nc_gid=VRYKpTH16Yr5i-BRgrxB9g&oh=00_AQJ-6Mk_cWiCLMXcFHk3Krwu3DPtONwRE4jIvuXRuBlQ5g&oe=6A9DDA81,https://www.instagram.com/p/DOKADNFgbTj/,DOKADNFgbTj,,03 Sep 2025 10:07:03,qpaypro,FEED
17841443997027489,18285658813260446,"¿Sigues complicándote con transferencias, efectivo y ""te pago después""? los Links de Pago de Qpaypro lo resuelven TODO en un solo paso.

? Si no los usas, estás perdiendo dinero AHORA MISMO
? Comenta y te enseñamos cómo en 10 minutos

#Qpaypro #CobrosFáciles #VentasGt #EmprendedoresGt",Yes,1,21,VIDEO,https://scontent-dfw5-2.cdninstagram.com/o1/v/t2/f2/m367/AQP2Y-04p9-AuUZZwCSPwU988COv466OdWAqlvttH6TUkUB896FleGlYg_ZUOYKLH3KisEQ6pWO7cjznT3apNujTpVlkafGDixroh-k.mp4?_nc_cat=104&_nc_sid=5e9851&_nc_ht=scontent-dfw5-2.cdninstagram.com&_nc_ohc=rMHEu5zmn54Q7kNvwGWlc3m&efg=eyJ2ZW5jb2RlX3RhZyI6Inhwdl9wcm9ncmVzc2l2ZS5JTlNUQUdSQU0uQ0xJUFMuQzMuNTcyLmRhc2hfYmFzZWxpbmVfMV92MSIsInhwdl9hc3NldF9pZCI6MTExODQwNTUyOTY5MTg4OCwiYXNzZXRfYWdlX2RheXMiOjM2NSwidmlfdXNlY2FzZV9pZCI6MTAwOTksImR1cmF0aW9uX3MiOjI2LCJ1cmxnZW5fc291cmNlIjoid3d3In0%3D&ccb=17-1&vs=59fb4ce0ed2876f7&_nc_vs=HBksFQIYQGlnX2VwaGVtZXJhbC8yNjRBNTc1REFCMDk3Mzk5QjI3NTQxM0VFREIyRDA5QV92aWRlb19kYXNoaW5pdC5tcDQVAALIARIAFQIYR2lnX3hwdl9yZWVsc19wZXJtYW5lbnRfc3JfcHJvZC8xMjkyMzgzNjMyNTYwMzYxXzEzMzExMTI3ODc3MDkyOTA4NzgubXA0FQICyAESACgAGAAbAogHdXNlX29pbAExEnByb2dyZXNzaXZlX3JlY2lwZQExFQAAJuCb_8Tiy_wDFQIoAkMzLBdAOqp--dsi0RgSZGFzaF9iYXNlbGluZV8xX3YxEQB1_gdl5p0BAA&_nc_gid=VRYKpTH16Yr5i-BRgrxB9g&edm=AM6HXa8EAAAA&_nc_zt=28&oh=00_AQKYP8EP9kmQxAohg0H0qs_hHvqRSFiqR6D8EYAeFzW0SA&oe=6A9DCA11,https://www.instagram.com/reel/DOEFr3Ogjn2/,DOEFr3Ogjn2,https://scontent-dfw6-1.cdninstagram.com/v/t51.82787-15/541550281_18068663381466568_1128429857931414623_n.jpg?stp=dst-jpg_e35_tt6&_nc_cat=103&ccb=7-5&_nc_sid=18de74&efg=eyJlZmdfdGFnIjoiQ0xJUFMuYmVzdF9pbWFnZV91cmxnZW4uQzMifQ%3D%3D&_nc_ohc=DBKL1uHQ6R8Q7kNvwEDaHjH&_nc_oc=AdorEinqJdt5AJ1x58J0nVhKZWGhHqUVqdt4PEu-jCkztovWbWvoXdfsNIkZq_FJw5Y&_nc_zt=23&_nc_ht=scontent-dfw6-1.cdninstagram.com&edm=AM6HXa8EAAAA&_nc_gid=VRYKpTH16Yr5i-BRgrxB9g&_nc_tpa=Q5bMBQKmsFYRHzxd61eajP-7HFzKNWCBBBZAxeW4NSskhbaF1YHYpcDnR2xfsnfBni7Ki-Dg2IRpL9VK&oh=00_AQKndqEfsT0EHgnaP8wsDntclJ9lAIcED7KJtZtk3sQkzA&oe=6A9DF6E8,01 Sep 2025 03:02:06,qpaypro,REELS
17841443997027489,17905893855237738,"✨ Con Qpaypro, tu negocio crece. Tu plan ideal te está esperando, solo necesitamos conocerte.

? Comenta abajo y un experto te ayuda a crecer MÁS RÁPIDO.

#Qpaypro #CobrosFáciles #VentasGt #EmprendedoresGt",Yes,0,3,IMAGE,https://scontent-dfw5-1.cdninstagram.com/v/t51.82787-15/539427282_18068284082466568_6240557910497426352_n.jpg?stp=dst-jpg_e35_tt6&_nc_cat=106&ccb=7-5&_nc_sid=18de74&efg=eyJlZmdfdGFnIjoiRkVFRC5iZXN0X2ltYWdlX3VybGdlbi5DMyJ9&_nc_ohc=ykYQGs620skQ7kNvwF5SuE3&_nc_oc=AdqxxBm70HP969Rycd4oBuYIjsIsxoClFHNCaj_02Mg-Rg1SJNqMyQEil_WefxEkdYQ&_nc_zt=23&_nc_ht=scontent-dfw5-1.cdninstagram.com&edm=AM6HXa8EAAAA&_nc_gid=VRYKpTH16Yr5i-BRgrxB9g&oh=00_AQIeuq0fnrHRmhKxEqBkfUoo_O0iKB7PcVsWqwyIhXqDLQ&oe=6A9DD82E,https://www.instagram.com/p/DN6Pl_OkvLo/,DN6Pl_OkvLo,,28 Aug 2025 07:15:06,qpaypro,FEED
17841443997027489,18051571229231804,"? Con Qpaypro cobras fácil, rápido y seguro. ¡Todo en un mismo lugar!

✨ Cotiza tu plan - comenta y te contactamos hoy mismo ??

#Qpaypro #CobrosFáciles #VentasGt #EmprendedoresGt",Yes,1,26,VIDEO,https://scontent-dfw5-2.cdninstagram.com/o1/v/t2/f2/m86/AQP089xp3D4_UQW5_azEIZE_Y09vBy-RWsFPaVUmYmETWK3JkLV5oxj8s02pqPqaY7zYqQMo3T_FihMoPWwQOB3eGtEvy2LDsAirdBY.mp4?_nc_cat=100&_nc_sid=5e9851&_nc_ht=scontent-dfw5-2.cdninstagram.com&_nc_ohc=GZdAJPOI258Q7kNvwH3xp8i&efg=eyJ2ZW5jb2RlX3RhZyI6Inhwdl9wcm9ncmVzc2l2ZS5JTlNUQUdSQU0uQ0xJUFMuQzMuMzU4LmRhc2hfYmFzZWxpbmVfM192MSIsInhwdl9hc3NldF9pZCI6MTUzNDY2Mjc5Nzk0Mzk4OCwiYXNzZXRfYWdlX2RheXMiOjM3MSwidmlfdXNlY2FzZV9pZCI6MTAwOTksImR1cmF0aW9uX3MiOjIyLCJ1cmxnZW5fc291cmNlIjoid3d3In0%3D&ccb=17-1&vs=52b032dd8bc12aca&_nc_vs=HBksFQIYUmlnX3hwdl9yZWVsc19wZXJtYW5lbnRfc3JfcHJvZC84MTRCRkE2MkM4RTBEMzgzMzQ1RjdDRTIyQkQwNDc5NF92aWRlb19kYXNoaW5pdC5tcDQVAALIARIAFQIYR2lnX3hwdl9yZWVsc19wZXJtYW5lbnRfc3JfcHJvZC8xMzAyOTkwMzU0NTUwMjMxXzYyMjc5OTE3MTc3MjQ3MjMxNTEubXA0FQICyAESACgAGAAbAogHdXNlX29pbAExEnByb2dyZXNzaXZlX3JlY2lwZQExFQAAJuiS3-6Q8bkFFQIoAkMzLBdANqIMSbpeNRgSZGFzaF9iYXNlbGluZV8zX3YxEQB1_gdl5p0BAA&_nc_gid=VRYKpTH16Yr5i-BRgrxB9g&edm=AM6HXa8EAAAA&_nc_zt=28&oh=00_AQJHlGWOYWV7RzhCQKruxWCKs7Y3rDtwqWFoqxay7M2Adw&oe=6A99E3C5,https://www.instagram.com/reel/DN1moCWYi_T/,DN1moCWYi_T,https://scontent-dfw6-1.cdninstagram.com/v/t51.82787-15/539302573_18068106434466568_8772232938745442853_n.jpg?stp=dst-jpg_e35_tt6&_nc_cat=102&ccb=7-5&_nc_sid=18de74&efg=eyJlZmdfdGFnIjoiQ0xJUFMuYmVzdF9pbWFnZV91cmxnZW4uQzMifQ%3D%3D&_nc_ohc=qTiohQ7UOX4Q7kNvwG1TINy&_nc_oc=Adpix8DjD3BbaLDKRWh2Xy3cqHpjW0wQqbOZUpIZLZvl2Gkpojmn6KpK878anpKHoYY&_nc_zt=23&_nc_ht=scontent-dfw6-1.cdninstagram.com&edm=AM6HXa8EAAAA&_nc_gid=VRYKpTH16Yr5i-BRgrxB9g&_nc_tpa=Q5bMBQKcxqwCE1J-HNLdKmN06qSOqZoLnHa7X1nfzJu2QATKorqhnSzV9S0sNAGDmUhBtcvjBnWEcZFW&oh=00_AQLni1t3S0IA9Snl2JV2gphrWaEOKJrHC0WPiYkx86h2Nw&oe=6A9DFBE5,27 Aug 2025 12:02:05,qpaypro,REELS
17841443997027489,18068173586468167,Hoy compartimos una actividad en equipo donde horneamos recuerdos inolvidables y descubrimos que los pequeños detalles son los que logran GRANDES cambios. ?✨ #ApoloCxs #Qpaypro #Qpaylife #TeamWork,Yes,2,23,CAROUSEL_ALBUM,https://scontent-dfw6-2.cdninstagram.com/v/t51.82787-15/536035130_18067506296466568_4879002694989515095_n.jpg?stp=dst-jpg_e35_tt6&_nc_cat=110&ccb=7-5&_nc_sid=18de74&efg=eyJlZmdfdGFnIjoiQ0FST1VTRUxfSVRFTS5iZXN0X2ltYWdlX3VybGdlbi5DMyJ9&_nc_ohc=K4LhC2Wb-jYQ7kNvwE8X9Bz&_nc_oc=AdrPPd4qE3GL9ZJounu9pkGdrSnNnsAS5x88Ue-NPMUCflgJQie0umLRSuFnbXK2G8g&_nc_zt=23&_nc_ht=scontent-dfw6-2.cdninstagram.com&edm=AM6HXa8EAAAA&_nc_gid=VRYKpTH16Yr5i-BRgrxB9g&oh=00_AQLO-dwnZ_iPYcwplLHT9mBlQsNS12v_J4Chhb5Y9zCcqg&oe=6A9DE37C,https://www.instagram.com/p/DNl3zJOh2kN/,DNl3zJOh2kN,,20 Aug 2025 09:22:18,qpaypro,FEED
17841443997027489,17891495952114201,"? En este episodio de Emprendiendo con Ganas, te contamos cómo las herramientas digitales pueden expandir tu alcance y abrir nuevas puertas para tu emprendimiento. ¡Escúchalo ahora! ? 

¡No te lo pierdas! Link en nuestro perfil ?️

#emprendiendoconganas #historiasdeexito #motivacion #emprendedora #emprendedoresexitosos #podcastdeemprendimiento #inspirateyemprende #podcast #guatemala502",Yes,0,3,VIDEO,https://scontent-dfw6-1.cdninstagram.com/o1/v/t2/f2/m86/AQPcP6zoJZCOlSqu1KNr49G_wtuE0mtkjSf-LyY4UulMg9-Ve6m2e31smvqAUbFA19EF1-K7R59g6lYE7IiaolIkZemOZ6wE6w5GAw4.mp4?_nc_cat=102&_nc_sid=5e9851&_nc_ht=scontent-dfw6-1.cdninstagram.com&_nc_ohc=FjEA_xmC_aEQ7kNvwFEZZr-&efg=eyJ2ZW5jb2RlX3RhZyI6Inhwdl9wcm9ncmVzc2l2ZS5JTlNUQUdSQU0uQ0xJUFMuQzMuMzU4LmRhc2hfYmFzZWxpbmVfM192MSIsInhwdl9hc3NldF9pZCI6NTk4NjQwMjU2MTk5MzA3LCJhc3NldF9hZ2VfZGF5cyI6NjA2LCJ2aV91c2VjYXNlX2lkIjoxMDA5OSwiZHVyYXRpb25fcyI6NTUsInVybGdlbl9zb3VyY2UiOiJ3d3cifQ%3D%3D&ccb=17-1&vs=1dc69b940654c494&_nc_vs=HBksFQIYUmlnX3hwdl9yZWVsc19wZXJtYW5lbnRfc3JfcHJvZC9CNTQ0QTBEQkMwQTFBQUM5NTJBNTBGRTZCN0JBQUNCNF92aWRlb19kYXNoaW5pdC5tcDQVAALIARIAFQIYR2lnX3hwdl9yZWVsc19wZXJtYW5lbnRfc3JfcHJvZC8yMDI0NDQwMzc0NjkzMzk1XzU5MzM0MDMwMzI4ODcwMzU4OTEubXA0FQICyAESACgAGAAbAogHdXNlX29pbAExEnByb2dyZXNzaXZlX3JlY2lwZQExFQAAJpaqjb25nZACFQIoAkMzLBdAS5EGJN0vGxgSZGFzaF9iYXNlbGluZV8zX3YxEQB1_gdl5p0BAA&_nc_gid=VRYKpTH16Yr5i-BRgrxB9g&edm=AM6HXa8EAAAA&_nc_zt=28&oh=00_AQJj6ihZKVuBTzSRNhumwlsRRIDlSrmOFB2G1-LeIHjAyg&oe=6A99E023,https://www.instagram.com/reel/DEX6votihUC/,DEX6votihUC,https://scontent-dfw5-2.cdninstagram.com/v/t51.71878-15/497100106_693300296733302_836807861713142353_n.jpg?stp=dst-jpg_e35_tt6&_nc_cat=107&ccb=7-5&_nc_sid=18de74&efg=eyJlZmdfdGFnIjoiQ0xJUFMuYmVzdF9pbWFnZV91cmxnZW4uQzMifQ%3D%3D&_nc_ohc=R2sR8L2TZsQQ7kNvwEVgSfd&_nc_oc=AdqLiTSNNRNAYEfXz15ZL_KcYUevAs2pjF-yzferWC26BXVig0JLGoBDH20H2C2Ck4w&_nc_zt=23&_nc_ht=scontent-dfw5-2.cdninstagram.com&edm=AM6HXa8EAAAA&_nc_gid=VRYKpTH16Yr5i-BRgrxB9g&_nc_tpa=Q5bMBQIv9KBEHUEhUbIBdhDZDcE5UtoE4wf7j4e7pjZD3CdmQHDuvQpBbOT6oHWRGLOXX9-qjcMGb7gy&oh=00_AQIMQkoW0AvLPhVoUZCcvBtQ0f4ibhnSYEu4vKzvXuyHRg&oe=6A9DD352,03 Jan 2025 06:38:03,qpaypro,REELS
17841443997027489,17992046552752701,"?️ ¿Aún sin tienda en línea? Como emprendedor, ¡una tienda online puede ser la solución a muchos de tus problemas y un impulso a tus ventas! ? Descubre en el episodio 7 cómo hacer esta inversión y empezar a crecer 

¡No te lo pierdas! Link en nuestro perfil ?️

#emprendiendoconganas #historiasdeexito #motivacion#emprendedora #emprendedoresexitosos#podcastdeemprendimiento #inspirateyemprende #podcast#guatemala502",Yes,0,3,VIDEO,https://scontent-dfw6-1.cdninstagram.com/o1/v/t2/f2/m86/AQPgNz_I8AnjJhQd_EvcHaoHt3PKTbKsBKfWXu9rVZ64R3mMo0gDcLhWWdWf6I6JqlmWa8IJDjjHUr1cUvkLIYT4Lf5op1JZjm_j_tE.mp4?_nc_cat=102&_nc_sid=5e9851&_nc_ht=scontent-dfw6-1.cdninstagram.com&_nc_ohc=Uxn-6V0jPpYQ7kNvwELH8AH&efg=eyJ2ZW5jb2RlX3RhZyI6Inhwdl9wcm9ncmVzc2l2ZS5JTlNUQUdSQU0uQ0xJUFMuQzMuMzU4LmRhc2hfYmFzZWxpbmVfM192MSIsInhwdl9hc3NldF9pZCI6MTMwNzAyNjY2NzEwMTcyMSwiYXNzZXRfYWdlX2RheXMiOjYwNywidmlfdXNlY2FzZV9pZCI6MTAwOTksImR1cmF0aW9uX3MiOjQyLCJ1cmxnZW5fc291cmNlIjoid3d3In0%3D&ccb=17-1&vs=5ddd7d0f9bdf5a04&_nc_vs=HBksFQIYUmlnX3hwdl9yZWVsc19wZXJtYW5lbnRfc3JfcHJvZC9CMjRGNjVDNDgxRDI3QzJCQ0MwN0MyNTZCMzM5QTg5OV92aWRlb19kYXNoaW5pdC5tcDQVAALIARIAFQIYRmlnX3hwdl9yZWVsc19wZXJtYW5lbnRfc3JfcHJvZC85NDgyNjg5NDY3ODc1MjRfNDk2NzEwNjQ3OTI0Njc4NTI2Ni5tcDQVAgLIARIAKAAYABsCiAd1c2Vfb2lsATEScHJvZ3Jlc3NpdmVfcmVjaXBlATEVAAAmsviiw_uu0gQVAigCQzMsF0BFczMzMzMzGBJkYXNoX2Jhc2VsaW5lXzNfdjERAHX-B2XmnQEA&_nc_gid=VRYKpTH16Yr5i-BRgrxB9g&edm=AM6HXa8EAAAA&_nc_zt=28&oh=00_AQKmaAePK1UmfrZn6RrMeq30L9GeHhAPYZfx_pZbKz2ujw&oe=6A99F66F,https://www.instagram.com/reel/DEVZQrlhs0R/,DEVZQrlhs0R,https://scontent-dfw5-2.cdninstagram.com/v/t51.71878-15/502719215_1412282973242756_5294243082506734941_n.jpg?stp=dst-jpg_e35_tt6&_nc_cat=100&ccb=7-5&_nc_sid=18de74&efg=eyJlZmdfdGFnIjoiQ0xJUFMuYmVzdF9pbWFnZV91cmxnZW4uQzMifQ%3D%3D&_nc_ohc=z9xIFGlCbE4Q7kNvwFJN-78&_nc_oc=AdonCKxqJLBgXPfYEk_rexwwYuYUbMRPec9JIye0h_M964UFyHvOjI-iifJqrbRQeS0&_nc_zt=23&_nc_ht=scontent-dfw5-2.cdninstagram.com&edm=AM6HXa8EAAAA&_nc_gid=VRYKpTH16Yr5i-BRgrxB9g&_nc_tpa=Q5bMBQJP6z-qOj7L8E7un62xN318A54xeH6Ak7bW8ehigzNh8PVxrQtxB442whSVFIShkzWmfQqla6T0&oh=00_AQK3EYJP0ciO6i6CL4uGP2cUUnLNNtOP1Ybbh-SlsgyFHQ&oe=6A9DCEE6,02 Jan 2025 07:07:03,qpaypro,REELS
17841443997027489,18018377273647839,"?? Emprender no es fácil, pero cada desafío te hace más fuerte. Las adversidades son lecciones para construir el éxito. ¡Aprende, mejora y sigue adelante! ?  No te pierdas del episodio complete e inspírate!

Link en nuestro perfil ?️

#emprendiendoconganas #historiasdeexito #motivacion #emprendedora #emprendedoresexitosos #podcastdeemprendimiento #inspirateyemprende #podcast #guatemala502",Yes,0,3,VIDEO,https://scontent-dfw5-2.cdninstagram.com/o1/v/t2/f2/m86/AQNaxfqvgRxVw84Y_EYWPDM0ez9clMJHrW6KxTwxA9NWx5MkTSUdwwgnYWGUY94C4Fb-SazB_mYBkMH3dtLoAWSsw0i7v_G4oCkkBi4.mp4?_nc_cat=107&_nc_sid=5e9851&_nc_ht=scontent-dfw5-2.cdninstagram.com&_nc_ohc=FR7rWPYL5fkQ7kNvwF4ANdU&efg=eyJ2ZW5jb2RlX3RhZyI6Inhwdl9wcm9ncmVzc2l2ZS5JTlNUQUdSQU0uQ0xJUFMuQzMuMzU4LmRhc2hfYmFzZWxpbmVfM192MSIsInhwdl9hc3NldF9pZCI6ODg4NzI0NTY2ODA0OTIxLCJhc3NldF9hZ2VfZGF5cyI6NjA3LCJ2aV91c2VjYXNlX2lkIjoxMDA5OSwiZHVyYXRpb25fcyI6NjgsInVybGdlbl9zb3VyY2UiOiJ3d3cifQ%3D%3D&ccb=17-1&vs=e49f73fdc3fb21be&_nc_vs=HBksFQIYUmlnX3hwdl9yZWVsc19wZXJtYW5lbnRfc3JfcHJvZC9DRjQyNzM2NjBEQ0NBN0MwMzYzQUNGRUZBQTJCNDZCMl92aWRlb19kYXNoaW5pdC5tcDQVAALIARIAFQIYRmlnX3hwdl9yZWVsc19wZXJtYW5lbnRfc3JfcHJvZC80NzQ5NDE3MTE5NjM5MjNfNTk4NzUwNDcyNDExOTIzMDE0NS5tcDQVAgLIARIAKAAYABsCiAd1c2Vfb2lsATEScHJvZ3Jlc3NpdmVfcmVjaXBlATEVAAAm8qbcgcqSlAMVAigCQzMsF0BREQYk3S8bGBJkYXNoX2Jhc2VsaW5lXzNfdjERAHX-B2XmnQEA&_nc_gid=VRYKpTH16Yr5i-BRgrxB9g&edm=AM6HXa8EAAAA&_nc_zt=28&oh=00_AQLs-3PelsyWGJB5sYRkHz0eNoTUtHyW1P7bReo3T679JA&oe=6A99DEB4,https://www.instagram.com/reel/DEVJZbxoxl0/,DEVJZbxoxl0,https://scontent-dfw5-1.cdninstagram.com/v/t51.71878-15/503112717_996652776012099_1469934482579034913_n.jpg?stp=dst-jpg_e35_tt6&_nc_cat=105&ccb=7-5&_nc_sid=18de74&efg=eyJlZmdfdGFnIjoiQ0xJUFMuYmVzdF9pbWFnZV91cmxnZW4uQzMifQ%3D%3D&_nc_ohc=oAKueVJxGIQQ7kNvwGO2cRX&_nc_oc=AdqX2c9nRHpmVNa9xWOHYquPvxnW5g6JQV7tSdYidQZvm5uejRYEuqbqJTjvQJLvBGU&_nc_zt=23&_nc_ht=scontent-dfw5-1.cdninstagram.com&edm=AM6HXa8EAAAA&_nc_gid=VRYKpTH16Yr5i-BRgrxB9g&_nc_tpa=Q5bMBQJhtcheQCl0_0u85KMUyvlHjXFpnPDy5r7c_DybwPcz7cFRXGmWgW1CSXLMyYNTuMIizm17CsRi&oh=00_AQKgllMACzFg6wh_wZugwm6SO2cvU8NhikmFZhLOi1W_Fw&oe=6A9DF404,02 Jan 2025 04:48:03,qpaypro,REELS
17841443997027489,18015938903462016,"? ¿Cómo puedes diferenciarte en un mercado saturado? La clave está en ser original y aportar valor. Escucha el episodio 10 de Emprendiendo con Ganas y descubre cómo los emprendedores exitosos enfrentan este reto ? 

Link en nuestro perfil

#emprendiendoconganas #historiasdeexito #motivacion #emprendedora #emprendedoresexitosos #podcastdeemprendimiento #inspirateyemprende #podcast #guatemala502",Yes,0,6,VIDEO,https://scontent-dfw5-2.cdninstagram.com/o1/v/t2/f2/m86/AQMVG0kH05aff0A-ia4-VerTA-HaG3lMG_V21lYssBI5cTxWSJO9OhSnzoozXqE-xCYSbDGQ0bZOGCfqjfa9EAYctMvEy9fsLA3rG9s.mp4?_nc_cat=107&_nc_sid=5e9851&_nc_ht=scontent-dfw5-2.cdninstagram.com&_nc_ohc=qun6DHJpF8EQ7kNvwEUDve9&efg=eyJ2ZW5jb2RlX3RhZyI6Inhwdl9wcm9ncmVzc2l2ZS5JTlNUQUdSQU0uQ0xJUFMuQzMuMzU4LmRhc2hfYmFzZWxpbmVfM192MSIsInhwdl9hc3NldF9pZCI6MTAzOTQ0MDg5ODE5NzcxMywiYXNzZXRfYWdlX2RheXMiOjYwOCwidmlfdXNlY2FzZV9pZCI6MTAwOTksImR1cmF0aW9uX3MiOjM1LCJ1cmxnZW5fc291cmNlIjoid3d3In0%3D&ccb=17-1&vs=6e299826362f7459&_nc_vs=HBksFQIYUmlnX3hwdl9yZWVsc19wZXJtYW5lbnRfc3JfcHJvZC8zOTRDRDU2NkE3MDlFQzM1Q0ZDNjZDMjMxQzVBNTFCMF92aWRlb19kYXNoaW5pdC5tcDQVAALIARIAFQIYR2lnX3hwdl9yZWVsc19wZXJtYW5lbnRfc3JfcHJvZC8xMTEyMjA3MjIzODM0OTY3XzY0MjUwOTA5MzQ4NTkxNTUwNzcubXA0FQICyAESACgAGAAbAogHdXNlX29pbAExEnByb2dyZXNzaXZlX3JlY2lwZQExFQAAJqKjhJi219gDFQIoAkMzLBdAQd3S8an75xgSZGFzaF9iYXNlbGluZV8zX3YxEQB1_gdl5p0BAA&_nc_gid=VRYKpTH16Yr5i-BRgrxB9g&edm=AM6HXa8EAAAA&_nc_zt=28&oh=00_AQJU8P3xWz7Vl2_MdMqxGr-mwPp7DtX5qvI0OMUfbHMylA&oe=6A99E40C,https://www.instagram.com/reel/DES35bNp5hJ/,DES35bNp5hJ,https://scontent-dfw5-2.cdninstagram.com/v/t51.71878-15/504076486_1157422003066268_341758978700311362_n.jpg?stp=dst-jpg_e35_tt6&_nc_cat=107&ccb=7-5&_nc_sid=18de74&efg=eyJlZmdfdGFnIjoiQ0xJUFMuYmVzdF9pbWFnZV91cmxnZW4uQzMifQ%3D%3D&_nc_ohc=V-HG1ghRtDAQ7kNvwGBmASB&_nc_oc=AdppTuN6bVr57nRIWJL9H8O55defA3EHu2oi7nLbTA7AY10w5ivvyE_weEt-Hmp0uY8&_nc_zt=23&_nc_ht=scontent-dfw5-2.cdninstagram.com&edm=AM6HXa8EAAAA&_nc_gid=VRYKpTH16Yr5i-BRgrxB9g&_nc_tpa=Q5bMBQKUDuZsl4Ve__TqQunWoWty0-Q_ZmAnVyoa6pzXeilxtkg79OLP64Rzf41W_86JztwjexTt8uxJ&oh=00_AQIKKQYga3hov79P81xvCwGJmrvvhF5If_lALMpdcTB5_g&oe=6A9DE03A,01 Jan 2025 07:37:04,qpaypro,REELS
17841443997027489,18255495697276105,"?✨ El secreto no es esperar, sino lanzarse. Aprende, ajusta y haz crecer tu producto en el camino. ¡El mundo necesita lo que tienes para ofrecer! ?  No te pierdas del episodio 9 de Emprendiendo con Ganas 

Link en nuestro perfil ?️

#emprendiendoconganas #historiasdeexito #motivacion #emprendedora #emprendedoresexitosos #podcastdeemprendimiento #inspirateyemprende #podcast #guatemala502",Yes,0,3,VIDEO,https://scontent-dfw5-2.cdninstagram.com/o1/v/t2/f2/m86/AQOeB9-F4XIuSIX0S7EZ4rTlxBifxcCgyIN6qmNNE8CCe_TcyYBniaY2DfkPl6DL2XM8ksSUrbx4JokSXwX66iFPiAqCa0pka4L1Gy4.mp4?_nc_cat=100&_nc_sid=5e9851&_nc_ht=scontent-dfw5-2.cdninstagram.com&_nc_ohc=JD94uZhv3_AQ7kNvwFD7NmV&efg=eyJ2ZW5jb2RlX3RhZyI6Inhwdl9wcm9ncmVzc2l2ZS5JTlNUQUdSQU0uQ0xJUFMuQzMuMzU4LmRhc2hfYmFzZWxpbmVfM192MSIsInhwdl9hc3NldF9pZCI6MTk3NTkxODg5NjIxOTA5NiwiYXNzZXRfYWdlX2RheXMiOjYwOCwidmlfdXNlY2FzZV9pZCI6MTAwOTksImR1cmF0aW9uX3MiOjQ4LCJ1cmxnZW5fc291cmNlIjoid3d3In0%3D&ccb=17-1&vs=84d5dfe271ee061b&_nc_vs=HBksFQIYUmlnX3hwdl9yZWVsc19wZXJtYW5lbnRfc3JfcHJvZC82RTQyNjI0NzcxMDhFRURFMUVEMUFBNTVBRkRDOTlCM192aWRlb19kYXNoaW5pdC5tcDQVAALIARIAFQIYRmlnX3hwdl9yZWVsc19wZXJtYW5lbnRfc3JfcHJvZC82MDg2OTg4ODgyMzYwMjRfNDUzNzU4NDc2Mzk0OTA0ODc1NC5tcDQVAgLIARIAKAAYABsCiAd1c2Vfb2lsATEScHJvZ3Jlc3NpdmVfcmVjaXBlATEVAAAmsI_Q_s7FggcVAigCQzMsF0BITMzMzMzNGBJkYXNoX2Jhc2VsaW5lXzNfdjERAHX-B2XmnQEA&_nc_gid=VRYKpTH16Yr5i-BRgrxB9g&edm=AM6HXa8EAAAA&_nc_zt=28&oh=00_AQKNGo8KZQwGrD5Osq6qaJtGv9KJ6hCt3PJu5XYdokkefQ&oe=6A99D639,https://www.instagram.com/reel/DESkjoAsbKl/,DESkjoAsbKl,https://scontent-dfw5-1.cdninstagram.com/v/t51.71878-15/503167265_2094412001036451_2858510496138150689_n.jpg?stp=dst-jpg_e35_tt6&_nc_cat=105&ccb=7-5&_nc_sid=18de74&efg=eyJlZmdfdGFnIjoiQ0xJUFMuYmVzdF9pbWFnZV91cmxnZW4uQzMifQ%3D%3D&_nc_ohc=FYBI9ahK-q8Q7kNvwHalRBV&_nc_oc=AdpAY5T28Ec7_w5m3-QdBpMkwt_z1PzsWQHxoqaE8ll8PEdeElugUILrtRUvnlDGJIY&_nc_zt=23&_nc_ht=scontent-dfw5-1.cdninstagram.com&edm=AM6HXa8EAAAA&_nc_gid=VRYKpTH16Yr5i-BRgrxB9g&_nc_tpa=Q5bMBQJfoQ3xsA1Os5RhBNDFm4ob4JEYyGY4JLYAGZ4Y8O_oCKoRvznMQIo_XWJb2oZ5TPcJjVyLez6F&oh=00_AQJ68TO-GtLAt_A-zYJR8UQmvMUCcc99N9lJ9xt7Brcspw&oe=6A9DE0C1,01 Jan 2025 04:48:04,qpaypro,REELS
17841443997027489,18037110011372562,"? Cada emprendedor tiene una historia que contar, y en este episodio 11 hay lecciones para transformar tu camino ?️ Escucha Emprendiendo con Ganas y encuentra la motivación que necesitas para alcanzar tus sueños ?",Yes,0,2,VIDEO,https://scontent-dfw5-2.cdninstagram.com/o1/v/t2/f2/m86/AQMq3eKF6Sq_OGM91zGo8amIyW12VOU5IKm9BFQwRsWWGquXMhI157flWf_quqljjFa84hTRqQJjYM_nl9Vy7KXA3zJoK0xSrRrUP1g.mp4?_nc_cat=100&_nc_sid=5e9851&_nc_ht=scontent-dfw5-2.cdninstagram.com&_nc_ohc=ZY6cCsXovZMQ7kNvwH-LvQd&efg=eyJ2ZW5jb2RlX3RhZyI6Inhwdl9wcm9ncmVzc2l2ZS5JTlNUQUdSQU0uQ0xJUFMuQzMuMzU4LmRhc2hfYmFzZWxpbmVfM192MSIsInhwdl9hc3NldF9pZCI6MTY3NjgzMzAzNjIwMDY1NCwiYXNzZXRfYWdlX2RheXMiOjYwOSwidmlfdXNlY2FzZV9pZCI6MTAwOTksImR1cmF0aW9uX3MiOjQxLCJ1cmxnZW5fc291cmNlIjoid3d3In0%3D&ccb=17-1&vs=6855c253a4b91e90&_nc_vs=HBksFQIYUmlnX3hwdl9yZWVsc19wZXJtYW5lbnRfc3JfcHJvZC85NzRGNkZERTFCMkFBNDA5REZCNDg3NjI0RERFNUY5Ml92aWRlb19kYXNoaW5pdC5tcDQVAALIARIAFQIYRmlnX3hwdl9yZWVsc19wZXJtYW5lbnRfc3JfcHJvZC8xNTMzMDUxNzY3MzkyMjk3XzUxMTg1MDE4ODg3NjAwODgzNC5tcDQVAgLIARIAKAAYABsCiAd1c2Vfb2lsATEScHJvZ3Jlc3NpdmVfcmVjaXBlATEVAAAmnKvD18PE-gUVAigCQzMsF0BE7tkWhysCGBJkYXNoX2Jhc2VsaW5lXzNfdjERAHX-B2XmnQEA&_nc_gid=VRYKpTH16Yr5i-BRgrxB9g&edm=AM6HXa8EAAAA&_nc_zt=28&oh=00_AQLHf1C73x2IuuxqKKjpEFGjxm9Z97tdLbFR7GTokG-K-g&oe=6A99DCF5,https://www.instagram.com/reel/DEQMPd9vcd3/,DEQMPd9vcd3,https://scontent-dfw6-2.cdninstagram.com/v/t51.71878-15/503104699_1784723982078225_5962227630852505811_n.jpg?stp=dst-jpg_e35_tt6&_nc_cat=108&ccb=7-5&_nc_sid=18de74&efg=eyJlZmdfdGFnIjoiQ0xJUFMuYmVzdF9pbWFnZV91cmxnZW4uQzMifQ%3D%3D&_nc_ohc=VizQstcw0E8Q7kNvwF3UDuN&_nc_oc=AdrD5IFtyoiVHmnGW1j5Tft9_rDbKG0ZoZNGhBvGX8rCXGG5Tkz0X2eI4zwrwoV7WQc&_nc_zt=23&_nc_ht=scontent-dfw6-2.cdninstagram.com&edm=AM6HXa8EAAAA&_nc_gid=VRYKpTH16Yr5i-BRgrxB9g&_nc_tpa=Q5bMBQKTIsbVBkyE1k9zg8A92YYUFfHSeoZ_KgqcYR0YJbqXngH19jCN6sS9eWL802kDDyGJG_tJo4EV&oh=00_AQIpE_y3GWn1_NTwpOF8P9VdNWSY9O3iwBn8BnddWKf5jQ&oe=6A9DDE2F,31 Dec 2024 06:37:03,qpaypro,REELS
17841443997027489,17879511357212146,"✈️ Cuando se trata de viajes, el servicio premium hace la diferencia ? Descubre cómo ofrecer experiencias inolvidables puede marcar un antes y un después para tus clientes?️ ¡Escucha el nuevo episodio de Emprendiendo con Ganas y lleva tu negocio al siguiente nivel! 

¡No te lo pierdas! Link en nuestro perfil ?️

#emprendiendoconganas #historiasdeexito #motivacion #emprendedora #emprendedoresexitosos#podcastdeemprendimiento #inspirateyemprende #podcast#guatemala502",Yes,0,2,VIDEO,https://scontent-dfw6-1.cdninstagram.com/o1/v/t2/f2/m86/AQMvsMvS_hMX7kCgpnr16RP2reZS1f1kOdyo8LtNdtT-aFSDQdHH7Rrq3cz7Cxxmp5TfHr9ZSltRpNIA91wZ29u50BwvfYEsFHiNsFs.mp4?_nc_cat=102&_nc_sid=5e9851&_nc_ht=scontent-dfw6-1.cdninstagram.com&_nc_ohc=PFDf2bCSeFUQ7kNvwGb7qqX&efg=eyJ2ZW5jb2RlX3RhZyI6Inhwdl9wcm9ncmVzc2l2ZS5JTlNUQUdSQU0uQ0xJUFMuQzMuMzU4LmRhc2hfYmFzZWxpbmVfM192MSIsInhwdl9hc3NldF9pZCI6MTExNTY4MzYyMDI2NjQ0OCwiYXNzZXRfYWdlX2RheXMiOjYwOSwidmlfdXNlY2FzZV9pZCI6MTAwOTksImR1cmF0aW9uX3MiOjQ5LCJ1cmxnZW5fc291cmNlIjoid3d3In0%3D&ccb=17-1&vs=b08cf35854cc8669&_nc_vs=HBksFQIYUmlnX3hwdl9yZWVsc19wZXJtYW5lbnRfc3JfcHJvZC9GNzRGNUI1MTkyREQxRjFDOEY5Mjk1QzQ5NkI5OTBBMV92aWRlb19kYXNoaW5pdC5tcDQVAALIARIAFQIYRmlnX3hwdl9yZWVsc19wZXJtYW5lbnRfc3JfcHJvZC85MzY0MDE5MDg0NTY5OTBfMjcxOTUxODgyODY1ODMzMjA1NS5tcDQVAgLIARIAKAAYABsCiAd1c2Vfb2lsATEScHJvZ3Jlc3NpdmVfcmVjaXBlATEVAAAmoIfx3aqt-wMVAigCQzMsF0BIndLxqfvnGBJkYXNoX2Jhc2VsaW5lXzNfdjERAHX-B2XmnQEA&_nc_gid=VRYKpTH16Yr5i-BRgrxB9g&edm=AM6HXa8EAAAA&_nc_zt=28&oh=00_AQKx2IBV7iPi2ZFdZLeIjmJ5l5pkNAC0lNQyd7IE-LYwbQ&oe=6A99EF5B,https://www.instagram.com/reel/DEP9XKUoi7v/,DEP9XKUoi7v,https://scontent-dfw6-1.cdninstagram.com/v/t51.71878-15/496925098_1210539550780854_3349424784703300727_n.jpg?stp=dst-jpg_e35_tt6&_nc_cat=102&ccb=7-5&_nc_sid=18de74&efg=eyJlZmdfdGFnIjoiQ0xJUFMuYmVzdF9pbWFnZV91cmxnZW4uQzMifQ%3D%3D&_nc_ohc=RverTxld29MQ7kNvwEvTcUG&_nc_oc=AdrbDeHArAyddNrm5xDA52Ts5HdPAHaK1O0sSQXERfUhHuDoe8Hn3G1uZEDIl7rpiGk&_nc_zt=23&_nc_ht=scontent-dfw6-1.cdninstagram.com&edm=AM6HXa8EAAAA&_nc_gid=VRYKpTH16Yr5i-BRgrxB9g&_nc_tpa=Q5bMBQJ5SWxkbUX_WIwmY3Cuq1yzCGBYlNackg3QH3D7UR7naSq7pOYeud01hmYJ2xDI1nvtX8CCWvWa&oh=00_AQK-LKm4qZFmaQbu-YPIZrhlhW-gQ-nbp_4fNDpryB8Jfw&oe=6A9DD68E,31 Dec 2024 04:27:03,qpaypro,REELS
17841443997027489,18051331919045275,"?? Conoce la experiencia de Luis Cifuentes, Fundador de La Electrónica y Los Instrumentos  y su enfoque en servicio al cliente para triunfar en el mundo del eCommerce ¡No te pierdas sus consejos en Emprendiendo con Ganas!

¡No te lo pierdas! Link en nuestro perfil ?️

#emprendiendoconganas #historiasdeexito #motivacion#emprendedora #emprendedoresexitosos#podcastdeemprendimiento #inspirateyemprende #podcast#guatemala502",Yes,0,2,VIDEO,https://scontent-dfw5-1.cdninstagram.com/o1/v/t2/f2/m367/AQP5rHWdCOaCVFaeZ2lagReBNIVzQdmE9gcMTKXPeVN55Q9FTsGgcaqRfgaR6gOk_zcfep9M_4JcBh9BZj9miT0vYu3uadaPZuZWKo8.mp4?_nc_cat=111&_nc_sid=5e9851&_nc_ht=scontent-dfw5-1.cdninstagram.com&_nc_ohc=S0HvnnfPEhcQ7kNvwFL-i7P&efg=eyJ2ZW5jb2RlX3RhZyI6Inhwdl9wcm9ncmVzc2l2ZS5JTlNUQUdSQU0uQ0xJUFMuQzMuNTcyLmRhc2hfYmFzZWxpbmVfMV92MSIsInhwdl9hc3NldF9pZCI6NDU3NjU4OTI0MTA3Mzg1LCJhc3NldF9hZ2VfZGF5cyI6NjEwLCJ2aV91c2VjYXNlX2lkIjoxMDA5OSwiZHVyYXRpb25fcyI6NTcsInVybGdlbl9zb3VyY2UiOiJ3d3cifQ%3D%3D&ccb=17-1&vs=5efdbd8fcda79480&_nc_vs=HBksFQIYQGlnX2VwaGVtZXJhbC9CNDRCNTlCNTEzRDY0RjBBNEIyMUI5ODgxODNDODE4Nl92aWRlb19kYXNoaW5pdC5tcDQVAALIARIAFQIYR2lnX3hwdl9yZWVsc19wZXJtYW5lbnRfc3JfcHJvZC8xNTk4NjQyMzg0MzU3OTk3XzM0NzA4MDAzMzg1NzAzNzAxMTUubXA0FQICyAESACgAGAAbAogHdXNlX29pbAExEnByb2dyZXNzaXZlX3JlY2lwZQExFQAAJvKZzNmgj9ABFQIoAkMzLBdATJmZmZmZmhgSZGFzaF9iYXNlbGluZV8xX3YxEQB1_gdl5p0BAA&_nc_gid=VRYKpTH16Yr5i-BRgrxB9g&edm=AM6HXa8EAAAA&_nc_zt=28&oh=00_AQIwA87kKVknVwzbMmkppdkGKSU_p53IyY5JYVVbyfAbxw&oe=6A9DD640,https://www.instagram.com/reel/DENhQ-6tOM6/,DENhQ-6tOM6,https://scontent-dfw5-1.cdninstagram.com/v/t51.71878-15/503806823_599610673245542_5402245399015293109_n.jpg?stp=dst-jpg_e35_tt6&_nc_cat=111&ccb=7-5&_nc_sid=18de74&efg=eyJlZmdfdGFnIjoiQ0xJUFMuYmVzdF9pbWFnZV91cmxnZW4uQzMifQ%3D%3D&_nc_ohc=8CLQwvAJdk0Q7kNvwHMnze2&_nc_oc=AdoAotqJjUiOeCxGzskbduYzW7zCMnBOX1xU0nD_JUxYR63CLuVYAaITOR2jJzML_qQ&_nc_zt=23&_nc_ht=scontent-dfw5-1.cdninstagram.com&edm=AM6HXa8EAAAA&_nc_gid=VRYKpTH16Yr5i-BRgrxB9g&_nc_tpa=Q5bMBQIG7Vs-Osn1tIC6AoYPSq3xupALJZawm7FMC9yQ_AZoTWsJQ6DpRSfHP0Br4hWQ_fy0Ulz0D8Xn&oh=00_AQJqKTcTD7mELD9c-CsIV7kp8SSAvJCBjoh-DgYBBbRUsQ&oe=6A9DDB0D,30 Dec 2024 05:43:04,qpaypro,REELS
17841443997027489,18046188050153570,"? ¡No te pierdas el episodio 12 de Emprendiendo con Ganas! Está disponible en todas las plataformas para que te animes a emprender con consejos clave para hacer crecer tu negocio. ¡Escúchalo ahora! ? 

Link en nuestro perfil

#emprendiendoconganas #historiasdeexito #motivacion #emprendedora #emprendedoresexitosos #podcastdeemprendimiento #inspirateyemprende #podcast #guatemala502",Yes,0,2,VIDEO,https://scontent-dfw6-2.cdninstagram.com/o1/v/t2/f2/m86/AQOr_10_bCWrqWpfVql0FqYLRyvVChHaMLPp3ANqLX_HwnWfAlrKOom_jP_gp3ehbOEgi5OMa5cBGkdYv88qULZS647EQuXsGJgEf9o.mp4?_nc_cat=108&_nc_sid=5e9851&_nc_ht=scontent-dfw6-2.cdninstagram.com&_nc_ohc=bzujxZl7krkQ7kNvwEtznlt&efg=eyJ2ZW5jb2RlX3RhZyI6Inhwdl9wcm9ncmVzc2l2ZS5JTlNUQUdSQU0uQ0xJUFMuQzMuMzU4LmRhc2hfYmFzZWxpbmVfM192MSIsInhwdl9hc3NldF9pZCI6MTExMTE0NzEyNDA1MjM2OSwiYXNzZXRfYWdlX2RheXMiOjYxMCwidmlfdXNlY2FzZV9pZCI6MTAwOTksImR1cmF0aW9uX3MiOjM3LCJ1cmxnZW5fc291cmNlIjoid3d3In0%3D&ccb=17-1&vs=ea79755d4967552a&_nc_vs=HBksFQIYUmlnX3hwdl9yZWVsc19wZXJtYW5lbnRfc3JfcHJvZC8xQzQwREEzQTg2NUE4N0I4QzE2RkRFMTk3MzJCNzI5RF92aWRlb19kYXNoaW5pdC5tcDQVAALIARIAFQIYR2lnX3hwdl9yZWVsc19wZXJtYW5lbnRfc3JfcHJvZC8xNzYxMjUzODU0NjU1MDM2XzM3NzE1OTk3ODg4ODY3NTY0NjIubXA0FQICyAESACgAGAAbAogHdXNlX29pbAExEnByb2dyZXNzaXZlX3JlY2lwZQExFQAAJqLG-pmjpfkDFQIoAkMzLBdAQqIMSbpeNRgSZGFzaF9iYXNlbGluZV8zX3YxEQB1_gdl5p0BAA&_nc_gid=VRYKpTH16Yr5i-BRgrxB9g&edm=AM6HXa8EAAAA&_nc_zt=28&oh=00_AQIPXqQozYtFOU5VbDGvBYTbEhbLIMBUCDl2RMaUy-MiOw&oe=6A99EEB1,https://www.instagram.com/reel/DENNO2zRKoT/,DENNO2zRKoT,https://scontent-dfw5-1.cdninstagram.com/v/t51.71878-15/503863409_1223471232819957_7764843652490245026_n.jpg?stp=dst-jpg_e35_tt6&_nc_cat=111&ccb=7-5&_nc_sid=18de74&efg=eyJlZmdfdGFnIjoiQ0xJUFMuYmVzdF9pbWFnZV91cmxnZW4uQzMifQ%3D%3D&_nc_ohc=K3BiCcoz6T8Q7kNvwHFOUqM&_nc_oc=Adqdxh1EmBSoGqyGToZCzUWkuOq_LjZNy4xYfwfjqBh-RYdH3eu4DxsjlAqAWtWmd6Q&_nc_zt=23&_nc_ht=scontent-dfw5-1.cdninstagram.com&edm=AM6HXa8EAAAA&_nc_gid=VRYKpTH16Yr5i-BRgrxB9g&_nc_tpa=Q5bMBQIKja_cc6de-TxLtLVM8M9QdbZYPhhFSBSvm8DLda2ECo92N60lTHhSwmwHSOUr-4bP7CMDfaLc&oh=00_AQIuPwmzC2KSLcAb-GDBY4ogD7DVNALtCfN96oMWsjLK3w&oe=6A9DEF36,30 Dec 2024 02:47:03,qpaypro,REELS
17841443997027489,18261103180281949,"? En Emprendiendo con Ganas, hablamos de delegar y confiar en quienes te rodean. ¡No todo puede estar en tus manos! ? Escúchalo y aprende cómo crecer con tu equipo

¡No te lo pierdas! Link en nuestro perfil ?️

#emprendiendoconganas #historiasdeexito #motivacion #emprendedora #emprendedoresexitosos #podcastdeemprendimiento #inspirateyemprende #podcast #guatemala502",Yes,0,1,VIDEO,https://scontent-dfw6-2.cdninstagram.com/o1/v/t2/f2/m86/AQM9qeuPRSoQVMivzn1jRMFORqktgb4UtA_yolMGE-SzM4GALNduQRAScVxcV5Af6gaq15daArsdOH0guTAPMFrwGIyzP6cKXrQXAoo.mp4?_nc_cat=110&_nc_sid=5e9851&_nc_ht=scontent-dfw6-2.cdninstagram.com&_nc_ohc=n7c4pLNKptMQ7kNvwFeLnwd&efg=eyJ2ZW5jb2RlX3RhZyI6Inhwdl9wcm9ncmVzc2l2ZS5JTlNUQUdSQU0uQ0xJUFMuQzMuMzU4LmRhc2hfYmFzZWxpbmVfM192MSIsInhwdl9hc3NldF9pZCI6MTAzMzM2ODc5MTg4MDU1NSwiYXNzZXRfYWdlX2RheXMiOjYxMywidmlfdXNlY2FzZV9pZCI6MTAwOTksImR1cmF0aW9uX3MiOjI4LCJ1cmxnZW5fc291cmNlIjoid3d3In0%3D&ccb=17-1&vs=1d1e3624aab898ae&_nc_vs=HBksFQIYUmlnX3hwdl9yZWVsc19wZXJtYW5lbnRfc3JfcHJvZC9CMjRENUMxMkFGOTY0MzhGQTY5OEZFM0QwQzg0RTNBN192aWRlb19kYXNoaW5pdC5tcDQVAALIARIAFQIYR2lnX3hwdl9yZWVsc19wZXJtYW5lbnRfc3JfcHJvZC8xMzI1NDY5NTY1NTUxNjc0XzQwOTU3MTg5NDk4MzMzMjk1MTgubXA0FQICyAESACgAGAAbAogHdXNlX29pbAExEnByb2dyZXNzaXZlX3JlY2lwZQExFQAAJtbNmLz99dUDFQIoAkMzLBdAPO7ZFocrAhgSZGFzaF9iYXNlbGluZV8zX3YxEQB1_gdl5p0BAA&_nc_gid=VRYKpTH16Yr5i-BRgrxB9g&edm=AM6HXa8EAAAA&_nc_zt=28&oh=00_AQJkp_t6Snu94QfsIrIKlAGHzOJuffdR5qa0keJ0Jvuyxg&oe=6A99DA8F,https://www.instagram.com/reel/DEGANttNajg/,DEGANttNajg,https://scontent-dfw6-2.cdninstagram.com/v/t51.71878-15/503307506_1143543880863045_9062048054803994530_n.jpg?stp=dst-jpg_e35_tt6&_nc_cat=108&ccb=7-5&_nc_sid=18de74&efg=eyJlZmdfdGFnIjoiQ0xJUFMuYmVzdF9pbWFnZV91cmxnZW4uQzMifQ%3D%3D&_nc_ohc=OMSAMwwIp5wQ7kNvwEutqpI&_nc_oc=AdqvTVNSTcGAFrk_Ni-ZhWyVI2Ehxv-9LwsdDk820ACV50oaXJuKXszDXSKS7-D4lL4&_nc_zt=23&_nc_ht=scontent-dfw6-2.cdninstagram.com&edm=AM6HXa8EAAAA&_nc_gid=VRYKpTH16Yr5i-BRgrxB9g&_nc_tpa=Q5bMBQJY4un6K8_m0ExINMoWKYEsEiDT1BJYfht98_QE2bKgmxOrzCajMiFaB8DTAZKQ2JV-QzXEUZnj&oh=00_AQIo2pHrqEeznwhba8EviSsVZXR5f5BkQ4oADSMTPR-Pdw&oe=6A9DE179,27 Dec 2024 07:39:03,qpaypro,REELS
17841443997027489,18211295107290622,"? Todos tenemos la capacidad de generar riqueza, solo necesitamos dar el primer paso ? En este episodio de Emprendiendo con Ganas, exploramos cómo emprender no solo transforma tu bolsillo, sino también tu vida personal ?️ ¡Escúchalo ya! 

¡No te lo pierdas! Link en nuestro perfil ?️

#emprendiendoconganas #historiasdeexito #motivacion#emprendedora #emprendedoresexitosos#podcastdeemprendimiento #inspirateyemprende #podcast#guatemala502",Yes,0,1,VIDEO,https://scontent-dfw5-2.cdninstagram.com/o1/v/t2/f2/m86/AQNe5vd8BZgdt9Ryyi2g8AIXd6OIlZ-VrpLHFN6ptHeV2GcW6ZgQAxQ6UHs1XTxEn0p7_kYIWx2UQYinMqTwkCbt4g-95r4F9n0FvIA.mp4?_nc_cat=100&_nc_sid=5e9851&_nc_ht=scontent-dfw5-2.cdninstagram.com&_nc_ohc=rowhsOJ8vj8Q7kNvwH_CRYb&efg=eyJ2ZW5jb2RlX3RhZyI6Inhwdl9wcm9ncmVzc2l2ZS5JTlNUQUdSQU0uQ0xJUFMuQzMuMzU4LmRhc2hfYmFzZWxpbmVfM192MSIsInhwdl9hc3NldF9pZCI6NTk2NTM4NDQ5ODkzOTMwLCJhc3NldF9hZ2VfZGF5cyI6NjEzLCJ2aV91c2VjYXNlX2lkIjoxMDA5OSwiZHVyYXRpb25fcyI6NDcsInVybGdlbl9zb3VyY2UiOiJ3d3cifQ%3D%3D&ccb=17-1&vs=61d1a838ccdbc1d2&_nc_vs=HBksFQIYUmlnX3hwdl9yZWVsc19wZXJtYW5lbnRfc3JfcHJvZC9FOTQ5OTJCMTdFOTQ5QTZGNjY2MzhFMUREM0E1MURCQV92aWRlb19kYXNoaW5pdC5tcDQVAALIARIAFQIYRmlnX3hwdl9yZWVsc19wZXJtYW5lbnRfc3JfcHJvZC80Njc2MDM1NjI3NDM2MzJfNjQwOTYxMDkxMDc4MjAzOTAyMi5tcDQVAgLIARIAKAAYABsCiAd1c2Vfb2lsATEScHJvZ3Jlc3NpdmVfcmVjaXBlATEVAAAm1Oi05o2jjwIVAigCQzMsF0BHmZmZmZmaGBJkYXNoX2Jhc2VsaW5lXzNfdjERAHX-B2XmnQEA&_nc_gid=VRYKpTH16Yr5i-BRgrxB9g&edm=AM6HXa8EAAAA&_nc_zt=28&oh=00_AQLqBbHHVDb_bJrZm_sqTF6oiVUMSGyUpKfHNj2TnUu-Vw&oe=6A99E71D,https://www.instagram.com/reel/DEFr5btvpfW/,DEFr5btvpfW,https://scontent-dfw5-2.cdninstagram.com/v/t51.71878-15/504073866_733507079530399_6058012987652909508_n.jpg?stp=dst-jpg_e35_tt6&_nc_cat=104&ccb=7-5&_nc_sid=18de74&efg=eyJlZmdfdGFnIjoiQ0xJUFMuYmVzdF9pbWFnZV91cmxnZW4uQzMifQ%3D%3D&_nc_ohc=IAop4CubKtwQ7kNvwH-rlyF&_nc_oc=AdpJ5JKGItk5dAtYC5UItlyMw_v1BUaRDLbPPQ_u-cF9LBnu293GfNKCxrsJtz9rKow&_nc_zt=23&_nc_ht=scontent-dfw5-2.cdninstagram.com&edm=AM6HXa8EAAAA&_nc_gid=VRYKpTH16Yr5i-BRgrxB9g&_nc_tpa=Q5bMBQJdv1MmIouryU814zcxk8zsvFbX2zUrmB-42zRU1uv5JyRnSSHY1D78sxeJ0vgTWFNZigImJuL1&oh=00_AQLWZbkSAFr-OtvCwBrTF_CPqXO_RwXJRuIw7dtMXHWaGg&oe=6A9DCCCF,27 Dec 2024 04:42:04,qpaypro,REELS
17841443997027489,18099589954485525,"? ¿Estás listo para enfrentar los retos del emprendimiento? En el episodio 10 de Emprendiendo con Ganas, hablamos sobre la importancia de ser original y crear algo único que aporte valor real al mercado. ¡Escúchalo y aprende a destacarte! ? 

Link en nuestro perfil

#emprendiendoconganas #historiasdeexito #motivacion #emprendedora #emprendedoresexitosos #podcastdeemprendimiento #inspirateyemprende #podcast #guatemala502",Yes,0,3,VIDEO,https://scontent-dfw5-1.cdninstagram.com/o1/v/t2/f2/m86/AQNXClcaHsgMZh1ZsGUnj1XnGMVl8EVPX8oQDltivjahRgSfN-K7pYwsSV53TK3dtl5Vqkhz9Mq1enh8CkMx_p-A8Oxt0iKQ7PAMwCQ.mp4?_nc_cat=105&_nc_sid=5e9851&_nc_ht=scontent-dfw5-1.cdninstagram.com&_nc_ohc=hDqtV4l8M4AQ7kNvwFrHV4L&efg=eyJ2ZW5jb2RlX3RhZyI6Inhwdl9wcm9ncmVzc2l2ZS5JTlNUQUdSQU0uQ0xJUFMuQzMuMzU4LmRhc2hfYmFzZWxpbmVfM192MSIsInhwdl9hc3NldF9pZCI6MTA3NjkyMDQxNzQ1MTY2MywiYXNzZXRfYWdlX2RheXMiOjYxNCwidmlfdXNlY2FzZV9pZCI6MTAwOTksImR1cmF0aW9uX3MiOjM2LCJ1cmxnZW5fc291cmNlIjoid3d3In0%3D&ccb=17-1&vs=59b587babb994902&_nc_vs=HBksFQIYUmlnX3hwdl9yZWVsc19wZXJtYW5lbnRfc3JfcHJvZC8xMDQ4REE2NkYzMDAyMDEwNjhGMjRCMjkzMENGQTI5MV92aWRlb19kYXNoaW5pdC5tcDQVAALIARIAFQIYR2lnX3hwdl9yZWVsc19wZXJtYW5lbnRfc3JfcHJvZC8xMTM0NDk1NDk4MDE5NzMxXzEzMTkyMDY1ODczNDU3Njk0NzUubXA0FQICyAESACgAGAAbAogHdXNlX29pbAExEnByb2dyZXNzaXZlX3JlY2lwZQExFQAAJp76966C3ekDFQIoAkMzLBdAQjul41P3zxgSZGFzaF9iYXNlbGluZV8zX3YxEQB1_gdl5p0BAA&_nc_gid=VRYKpTH16Yr5i-BRgrxB9g&edm=AM6HXa8EAAAA&_nc_zt=28&oh=00_AQJx9AsDg5QSeM40_IWjMQ0myij14YgnqqbNMarmfMPLKw&oe=6A9A0276,https://www.instagram.com/reel/DEDbIxgNaRN/,DEDbIxgNaRN,https://scontent-dfw5-2.cdninstagram.com/v/t51.71878-15/504038162_1188867649590272_6181641357262012418_n.jpg?stp=dst-jpg_e35_tt6&_nc_cat=104&ccb=7-5&_nc_sid=18de74&efg=eyJlZmdfdGFnIjoiQ0xJUFMuYmVzdF9pbWFnZV91cmxnZW4uQzMifQ%3D%3D&_nc_ohc=xTJoUPCX5NsQ7kNvwFyvmE7&_nc_oc=Adry-Ahne-5wQqJgCv29SCKOFEBVc2nDQ_ZPYgnXpIrpOti0dZg0kZfF1SQ0IvCslBM&_nc_zt=23&_nc_ht=scontent-dfw5-2.cdninstagram.com&edm=AM6HXa8EAAAA&_nc_gid=VRYKpTH16Yr5i-BRgrxB9g&_nc_tpa=Q5bMBQIKCVxhxUapNUbEZkadTHC15QIjICvoEi99ecFnOX3FNIP8nlvfSGxZE2E3JMt97Q2RjKeGEvYs&oh=00_AQK-olS_ryWSzUmOmhONujWY08Sr4BALTwprwB3DwTQILg&oe=6A9DE2EB,26 Dec 2024 07:37:03,qpaypro,REELS
17841443997027489,18029157389614945,"?? No esperes el momento perfecto. El éxito llega cuando te atreves a salir al mercado y aprendes en el camino ?? No te pierdas del episodio 9 de Emprendiendo con Ganas!

Link en nuestro perfil ?️

#emprendiendoconganas #historiasdeexito #motivacion #emprendedora #emprendedoresexitosos #podcastdeemprendimiento #inspirateyemprende #podcast #guatemala502",Yes,0,5,VIDEO,https://scontent-dfw6-2.cdninstagram.com/o1/v/t2/f2/m86/AQP0Wm7WntzCygKHEWuowHiEWBBaZvRCxPvNPE89WajKbPfHLEkEJkmzgRYu6GFk5C6-c8xo2ip-vAZ2mhjjWtFQ3_5RggyfZ9KmfR8.mp4?_nc_cat=108&_nc_sid=5e9851&_nc_ht=scontent-dfw6-2.cdninstagram.com&_nc_ohc=GcFMGZwjceYQ7kNvwFw96pW&efg=eyJ2ZW5jb2RlX3RhZyI6Inhwdl9wcm9ncmVzc2l2ZS5JTlNUQUdSQU0uQ0xJUFMuQzMuMzU4LmRhc2hfYmFzZWxpbmVfM192MSIsInhwdl9hc3NldF9pZCI6NDI5OTYwMjIwMTk2NDkxLCJhc3NldF9hZ2VfZGF5cyI6NjE0LCJ2aV91c2VjYXNlX2lkIjoxMDA5OSwiZHVyYXRpb25fcyI6NDAsInVybGdlbl9zb3VyY2UiOiJ3d3cifQ%3D%3D&ccb=17-1&vs=6fa740b0a6abc917&_nc_vs=HBksFQIYUmlnX3hwdl9yZWVsc19wZXJtYW5lbnRfc3JfcHJvZC9DQzQ4NDU5RDk1QjA0RjNFNTRCN0EzNDY5M0VGQ0ZBQl92aWRlb19kYXNoaW5pdC5tcDQVAALIARIAFQIYR2lnX3hwdl9yZWVsc19wZXJtYW5lbnRfc3JfcHJvZC8zOTE0MDA1MDU4ODE1MDI3XzY5MjExNzA5NzQzNTY0NzI3ODYubXA0FQICyAESACgAGAAbAogHdXNlX29pbAExEnByb2dyZXNzaXZlX3JlY2lwZQExFQAAJpb6iaP9wsMBFQIoAkMzLBdARBU_fO2RaBgSZGFzaF9iYXNlbGluZV8zX3YxEQB1_gdl5p0BAA&_nc_gid=VRYKpTH16Yr5i-BRgrxB9g&edm=AM6HXa8EAAAA&_nc_zt=28&oh=00_AQI-7gPXWQkvu6PzJa4kMQHLFNmIE7RrgSracqCtPUiX_Q&oe=6A99F929,https://www.instagram.com/reel/DEDGpONpxx0/,DEDGpONpxx0,https://scontent-dfw6-1.cdninstagram.com/v/t51.71878-15/503161003_541838195675359_7160436507783477242_n.jpg?stp=dst-jpg_e35_tt6&_nc_cat=101&ccb=7-5&_nc_sid=18de74&efg=eyJlZmdfdGFnIjoiQ0xJUFMuYmVzdF9pbWFnZV91cmxnZW4uQzMifQ%3D%3D&_nc_ohc=rl9CGS_AMzgQ7kNvwHyGARZ&_nc_oc=AdpQvJpfrT_9rRcXtp4H4MCl3rT5S01rtCVyNAchQefjYdWBJa4Ii8kOI_8wngi8UgU&_nc_zt=23&_nc_ht=scontent-dfw6-1.cdninstagram.com&edm=AM6HXa8EAAAA&_nc_gid=VRYKpTH16Yr5i-BRgrxB9g&_nc_tpa=Q5bMBQJXyt6uj7mghjrRnpnjS--Vg5PWrSzdu5Tv4ZCEPJzG82P9xT7Le0OMSr_G6f3Se65VxGasXuHL&oh=00_AQIofibjBfNuDvhdTSPnyuaWcAxINoK15FdhCVJ4Bi0ebw&oe=6A9DF7DF,26 Dec 2024 04:38:03,qpaypro,REELS
17841443997027489,18477967339027802,"Multiplica tus ventas ofreciendo pagos con tarjeta y más métodos para cada cliente ?  En Emprendiendo con Gana hablamos sobre cómo cubrir todas las preferencias y no perder oportunidades ¡Escucha y lleva tu negocio al siguiente nivel! ? ? 

¡No te lo pierdas! Link en nuestro perfil ?️

#emprendiendoconganas #historiasdeexito #motivacion#emprendedora #emprendedoresexitosos#podcastdeemprendimiento #inspirateyemprende #podcast#guatemala502",Yes,0,3,VIDEO,https://scontent-dfw6-2.cdninstagram.com/o1/v/t2/f2/m86/AQMdNPjqJ8eY_3NDwEk2qnNTpIIN7RrvSoCdYc2SZKK9-k5OIAhnmSPSUNVEvrxfiyct9BbUduaQ-XZCDHeLqvIGm3HBuFkyRKkC0ww.mp4?_nc_cat=108&_nc_sid=5e9851&_nc_ht=scontent-dfw6-2.cdninstagram.com&_nc_ohc=kXrskpIxIk8Q7kNvwHjQkbL&efg=eyJ2ZW5jb2RlX3RhZyI6Inhwdl9wcm9ncmVzc2l2ZS5JTlNUQUdSQU0uQ0xJUFMuQzMuMzU4LmRhc2hfYmFzZWxpbmVfM192MSIsInhwdl9hc3NldF9pZCI6MTI5NzE3MDQ1ODI3NTEwMCwiYXNzZXRfYWdlX2RheXMiOjYxNSwidmlfdXNlY2FzZV9pZCI6MTAwOTksImR1cmF0aW9uX3MiOjMyLCJ1cmxnZW5fc291cmNlIjoid3d3In0%3D&ccb=17-1&vs=2b4b65060cd10091&_nc_vs=HBksFQIYUmlnX3hwdl9yZWVsc19wZXJtYW5lbnRfc3JfcHJvZC83QTRGNDdDODYzQjIzNkVEMzlCNTg1QzdEOTk1NEJCQ192aWRlb19kYXNoaW5pdC5tcDQVAALIARIAFQIYRmlnX3hwdl9yZWVsc19wZXJtYW5lbnRfc3JfcHJvZC81NzgxMzAyOTQ5MzA1MzVfNzYzMzUxMjUyNzM4MDk3NzMxMy5tcDQVAgLIARIAKAAYABsCiAd1c2Vfb2lsATEScHJvZ3Jlc3NpdmVfcmVjaXBlATEVAAAmuLSHhqHxzQQVAigCQzMsF0BATMzMzMzNGBJkYXNoX2Jhc2VsaW5lXzNfdjERAHX-B2XmnQEA&_nc_gid=VRYKpTH16Yr5i-BRgrxB9g&edm=AM6HXa8EAAAA&_nc_zt=28&oh=00_AQI0XTEsgblIi1PAbcn-GrVXuNQjVorZm3VGuC7Sv9ocCg&oe=6A99E875,https://www.instagram.com/reel/DEBE0tJyEAR/,DEBE0tJyEAR,https://scontent-dfw5-2.cdninstagram.com/v/t51.71878-15/504088010_1412339133424898_1561781430855886522_n.jpg?stp=dst-jpg_e35_tt6&_nc_cat=107&ccb=7-5&_nc_sid=18de74&efg=eyJlZmdfdGFnIjoiQ0xJUFMuYmVzdF9pbWFnZV91cmxnZW4uQzMifQ%3D%3D&_nc_ohc=46buWrCHJlUQ7kNvwGM2Lig&_nc_oc=Adp9a6iaAt0Y28dWh6AMiQZiXbUlKrERitg1xL5sftGWcU_tZL8qmTQXAbEkOtns0mw&_nc_zt=23&_nc_ht=scontent-dfw5-2.cdninstagram.com&edm=AM6HXa8EAAAA&_nc_gid=VRYKpTH16Yr5i-BRgrxB9g&_nc_tpa=Q5bMBQIsuERujf7vHu9n1-hchsy03yjUHfbOF9fG4w0xbbpqnpvFC_Ly7Huu0qwuSFDNn1DhJEMrzZZe&oh=00_AQI6hqPD0LIwwZzvscNGnekWDMODOX2G-1DC03WAVLwEvQ&oe=6A9DF896,25 Dec 2024 09:43:07,qpaypro,REELS
17841443997027489,17958972650744196,"?✨ Cada industria tiene sus monstruos... pero también emprendedores valientes que luchan contra ellos. Dale play al episodio y conoce cómo enfrentarlos para seguir creciendo ?? 

Link del Podcast en nuestro perfil ?

#emprendiendoconganas #historiasdeexito #motivacion #emprendedora #emprendedoresexitosos #podcastdeemprendimiento #inspirateyemprende #podcast #guatemala502",Yes,0,2,VIDEO,https://scontent-dfw5-1.cdninstagram.com/o1/v/t2/f2/m86/AQMIgb1q7A2jHBg_XxhLqO0rLRq3P02PbCoU49QUmVsXzI7yNwfrg8IZzkomgSN7cxJzAddiQZgoaZ9Ly04DlUsDef9Ldct0f9hovmE.mp4?_nc_cat=111&_nc_sid=5e9851&_nc_ht=scontent-dfw5-1.cdninstagram.com&_nc_ohc=dwaJulrZRLEQ7kNvwEcRMgD&efg=eyJ2ZW5jb2RlX3RhZyI6Inhwdl9wcm9ncmVzc2l2ZS5JTlNUQUdSQU0uQ0xJUFMuQzMuMzU4LmRhc2hfYmFzZWxpbmVfM192MSIsInhwdl9hc3NldF9pZCI6MTI3Mzc5NDc0MDM0NDMyNCwiYXNzZXRfYWdlX2RheXMiOjYxNSwidmlfdXNlY2FzZV9pZCI6MTAwOTksImR1cmF0aW9uX3MiOjQxLCJ1cmxnZW5fc291cmNlIjoid3d3In0%3D&ccb=17-1&vs=1467554f12a759e5&_nc_vs=HBksFQIYUmlnX3hwdl9yZWVsc19wZXJtYW5lbnRfc3JfcHJvZC81RTQ2NEY0RDA1QUExODhEQzhGMzJCMDlFMzcwMDc5NV92aWRlb19kYXNoaW5pdC5tcDQVAALIARIAFQIYR2lnX3hwdl9yZWVsc19wZXJtYW5lbnRfc3JfcHJvZC8xMjk3OTM1NDM4MDA4NTU0XzE2ODk2NDMzOTgzNDc1NTkwNDcubXA0FQICyAESACgAGAAbAogHdXNlX29pbAExEnByb2dyZXNzaXZlX3JlY2lwZQExFQAAJojYnrDOoMMEFQIoAkMzLBdARKIMSbpeNRgSZGFzaF9iYXNlbGluZV8zX3YxEQB1_gdl5p0BAA&_nc_gid=VRYKpTH16Yr5i-BRgrxB9g&edm=AM6HXa8EAAAA&_nc_zt=28&oh=00_AQKeSO1goY841kFISknlqUhY4SEusmUZ9t41QkB4X9szEw&oe=6A99F8E4,https://www.instagram.com/reel/DEAsDo0pqVD/,DEAsDo0pqVD,https://scontent-dfw5-1.cdninstagram.com/v/t51.71878-15/502757241_1393649501692180_2334942732644659686_n.jpg?stp=dst-jpg_e35_tt6&_nc_cat=106&ccb=7-5&_nc_sid=18de74&efg=eyJlZmdfdGFnIjoiQ0xJUFMuYmVzdF9pbWFnZV91cmxnZW4uQzMifQ%3D%3D&_nc_ohc=kdaroS0C2ckQ7kNvwFIxsZQ&_nc_oc=AdqT-XYyR43YlY6qEKkJU5a9ND8sSblFZl0Pqn26tujYJnVKJ9d9uB3iR7oE4tiBaIM&_nc_zt=23&_nc_ht=scontent-dfw5-1.cdninstagram.com&edm=AM6HXa8EAAAA&_nc_gid=VRYKpTH16Yr5i-BRgrxB9g&_nc_tpa=Q5bMBQKuAPlCA8ljxjqFwXqZV_NP84ywH_tX48eSQfsmbvViWZqKhF15ZUBIWw9dQfee4Lu_IQthnacY&oh=00_AQJwjRZzGmY9l6CjuBaOxxWy9lA8Xd8Rd-_MEEMWDtCgJQ&oe=6A9DF2C3,25 Dec 2024 06:07:04,qpaypro,REELS
17841443997027489,18051567230042625,"En el episodio 6 de Emprendiendo con Ganas, hablamos sobre cómo una marca más cercana genera relaciones duraderas. ¡El contenido en redes sociales es clave para crear estos lazos! ?? 

Link en nuestro perfil ?️

#emprendiendoconganas #historiasdeexito #motivacion #emprendedora #emprendedoresexitosos #podcastdeemprendimiento #inspirateyemprende #podcast #guatemala502",Yes,0,5,VIDEO,https://scontent-dfw5-1.cdninstagram.com/o1/v/t2/f2/m86/AQMHoMxdpp9W3Qa8YmcNYMAW7sTAdi4sSu-m9uljaEg35GGKYS1uhGZrbsm_nyYdlAW6TSbvnCpMpuoVMRcal4LE3HJLSQS0t6r0Kz8.mp4?_nc_cat=106&_nc_sid=5e9851&_nc_ht=scontent-dfw5-1.cdninstagram.com&_nc_ohc=KRsRk3MhlckQ7kNvwH1HSCL&efg=eyJ2ZW5jb2RlX3RhZyI6Inhwdl9wcm9ncmVzc2l2ZS5JTlNUQUdSQU0uQ0xJUFMuQzMuMzU4LmRhc2hfYmFzZWxpbmVfM192MSIsInhwdl9hc3NldF9pZCI6MTE4MTU0NTQwNjcyOTA5MiwiYXNzZXRfYWdlX2RheXMiOjYxNiwidmlfdXNlY2FzZV9pZCI6MTAwOTksImR1cmF0aW9uX3MiOjU2LCJ1cmxnZW5fc291cmNlIjoid3d3In0%3D&ccb=17-1&vs=473f051282bfa268&_nc_vs=HBksFQIYUmlnX3hwdl9yZWVsc19wZXJtYW5lbnRfc3JfcHJvZC9BNTQxRjZDMEUzMkYwRkJFQzBBRTJFNzExOEZFMDk5Rl92aWRlb19kYXNoaW5pdC5tcDQVAALIARIAFQIYR2lnX3hwdl9yZWVsc19wZXJtYW5lbnRfc3JfcHJvZC8xMTUxOTQ5NDk5ODcwMzkzXzQ0NDIyMjI1MDA0MDMzNTM5NDQubXA0FQICyAESACgAGAAbAogHdXNlX29pbAExEnByb2dyZXNzaXZlX3JlY2lwZQExFQAAJoiuiKT_ppkEFQIoAkMzLBdATF3S8an75xgSZGFzaF9iYXNlbGluZV8zX3YxEQB1_gdl5p0BAA&_nc_gid=VRYKpTH16Yr5i-BRgrxB9g&edm=AM6HXa8EAAAA&_nc_zt=28&oh=00_AQJ0ytKUbZ7JJsBCF1zuwezDtx8wYqy0v6i0OAPFnnfULw&oe=6A99F437,https://www.instagram.com/reel/DD98X4vqmOU/,DD98X4vqmOU,https://scontent-dfw5-1.cdninstagram.com/v/t51.71878-15/503611705_1301779284705703_788935922018094626_n.jpg?stp=dst-jpg_e35_tt6&_nc_cat=105&ccb=7-5&_nc_sid=18de74&efg=eyJlZmdfdGFnIjoiQ0xJUFMuYmVzdF9pbWFnZV91cmxnZW4uQzMifQ%3D%3D&_nc_ohc=xZsvN1-lwg0Q7kNvwFtdhtF&_nc_oc=AdqYksCMZ8oiG-H2eGFBWWpC2Cfv1MB7KBjWgjKLJ9xPzsjHBBtd_XycJ3McPDQPPtI&_nc_zt=23&_nc_ht=scontent-dfw5-1.cdninstagram.com&edm=AM6HXa8EAAAA&_nc_gid=VRYKpTH16Yr5i-BRgrxB9g&_nc_tpa=Q5bMBQLHWvewVfHPZqxrlOONPj8a9JA3bEgwACsV5vgFgCWBHO6YsIKnqItvnlCFwrRFbLJRNfTKX0oO&oh=00_AQLLs701o4KCOt6QhQ4Zvkd8Xbs3hF7HOZkGyQeSUNMjRA&oe=6A9DE5B1,24 Dec 2024 04:32:03,qpaypro,REELS
17841443997027489,18047838380150150,"? Generar contenido de valor no solo atrae clientes, sino que crea relaciones sólidas basadas en confianza. ¡Construye una marca en la que todos quieran comprar! Estos y muchos consejos más en el episodio 4

¡No te lo pierdas! Link en nuestro perfil ?️

#emprendiendoconganas #historiasdeexito #motivacion#emprendedora #emprendedoresexitosos#podcastdeemprendimiento #inspirateyemprende #podcast#guatemala502",Yes,0,3,VIDEO,https://scontent-dfw5-2.cdninstagram.com/o1/v/t2/f2/m86/AQPbyZOvxfEuGmAgTcRJ__Grr3892dvpFFHqLGxn83Kv5yK7CfEpqo9W_V_wWCoym-VttqhV6NxmwYQr32Qka9A0_b-ottuqr8bE-pY.mp4?_nc_cat=107&_nc_sid=5e9851&_nc_ht=scontent-dfw5-2.cdninstagram.com&_nc_ohc=AScUnrSzJ7gQ7kNvwECofyc&efg=eyJ2ZW5jb2RlX3RhZyI6Inhwdl9wcm9ncmVzc2l2ZS5JTlNUQUdSQU0uQ0xJUFMuQzMuMzU4LmRhc2hfYmFzZWxpbmVfM192MSIsInhwdl9hc3NldF9pZCI6NjE2NjIzNzUwNzA3MzA0LCJhc3NldF9hZ2VfZGF5cyI6NjE3LCJ2aV91c2VjYXNlX2lkIjoxMDA5OSwiZHVyYXRpb25fcyI6NjIsInVybGdlbl9zb3VyY2UiOiJ3d3cifQ%3D%3D&ccb=17-1&vs=8ce085e7d236e46d&_nc_vs=HBksFQIYUmlnX3hwdl9yZWVsc19wZXJtYW5lbnRfc3JfcHJvZC81QjQ3NTg3Q0QwQzUwM0RFNUM2RDY2RTc4RTI0RTZCQV92aWRlb19kYXNoaW5pdC5tcDQVAALIARIAFQIYR2lnX3hwdl9yZWVsc19wZXJtYW5lbnRfc3JfcHJvZC8yMjczNDMxNTE2MzU3NTExXzUxNTIyNTYyOTM1MjQyOTYzNTEubXA0FQICyAESACgAGAAbAogHdXNlX29pbAExEnByb2dyZXNzaXZlX3JlY2lwZQExFQAAJtDh9_mctJgCFQIoAkMzLBdAT0Q5WBBiThgSZGFzaF9iYXNlbGluZV8zX3YxEQB1_gdl5p0BAA&_nc_gid=VRYKpTH16Yr5i-BRgrxB9g&edm=AM6HXa8EAAAA&_nc_zt=28&oh=00_AQI3dpcQXbjOH-o5X0WiXY6aipiOIvQV2vjy2ESKOqTDdw&oe=6A99F168,https://www.instagram.com/reel/DD7uE9XBHTM/,DD7uE9XBHTM,https://scontent-dfw6-2.cdninstagram.com/v/t51.71878-15/503650006_732048259164852_5402906741641166596_n.jpg?stp=dst-jpg_e35_tt6&_nc_cat=108&ccb=7-5&_nc_sid=18de74&efg=eyJlZmdfdGFnIjoiQ0xJUFMuYmVzdF9pbWFnZV91cmxnZW4uQzMifQ%3D%3D&_nc_ohc=ZXB6U7Urn44Q7kNvwF4l_O2&_nc_oc=Adr8dBJvxxLRwblc7XOB-yn4AIc-MGMGdzciid7hshsrGPQg30n3jKfReNpGAYTkxlk&_nc_zt=23&_nc_ht=scontent-dfw6-2.cdninstagram.com&edm=AM6HXa8EAAAA&_nc_gid=VRYKpTH16Yr5i-BRgrxB9g&_nc_tpa=Q5bMBQIJBUhynaqR4oTb0VofW3NWo_WumKXEAFpmwl5xqt_cm4nEUbaurIr8It2n7CY4f2rK0gtUNEXG&oh=00_AQKI_mplxH3K5ibPN-oO80CxslhpzAl8soFfPkt_k5C-8g&oe=6A9DCFAE,23 Dec 2024 07:48:03,qpaypro,REELS
17841443997027489,18028989407232776,"? En Emprendiendo con Ganas, Jefferson Recinos nos cuenta su historia de lucha y éxito. ¡No renuncies a tus sueños! ? Con perseverancia y visión, ¡puedes lograr lo que te propongas! ? Escúchalo ahora

¡No te lo pierdas! Link en nuestro perfil ?️

#emprendiendoconganas #historiasdeexito #motivacion #emprendedora #emprendedoresexitosos #podcastdeemprendimiento #inspirateyemprende #podcast #guatemala502  @Recipe Makeup",Yes,0,1,VIDEO,https://scontent-dfw5-1.cdninstagram.com/o1/v/t2/f2/m86/AQPT4zZxXulOIYA9pWuPc3I-6WJ26_K3HC-yYnJ81pzFmzj93rwCK7nHqgtL0N1-TKR7VlRjsHjbyTasQ8DBku47xkNx6W6irKKH3k8.mp4?_nc_cat=105&_nc_sid=5e9851&_nc_ht=scontent-dfw5-1.cdninstagram.com&_nc_ohc=HLS2VrgtXMAQ7kNvwHc1aa5&efg=eyJ2ZW5jb2RlX3RhZyI6Inhwdl9wcm9ncmVzc2l2ZS5JTlNUQUdSQU0uQ0xJUFMuQzMuMzU4LmRhc2hfYmFzZWxpbmVfM192MSIsInhwdl9hc3NldF9pZCI6NTYwMjk1NjA2OTgyNDYzLCJhc3NldF9hZ2VfZGF5cyI6NjE3LCJ2aV91c2VjYXNlX2lkIjoxMDA5OSwiZHVyYXRpb25fcyI6NDUsInVybGdlbl9zb3VyY2UiOiJ3d3cifQ%3D%3D&ccb=17-1&vs=902ec73b0c754737&_nc_vs=HBksFQIYUmlnX3hwdl9yZWVsc19wZXJtYW5lbnRfc3JfcHJvZC82NTQ1NDcyOTA0RDg3MEYwQTRFQkQ2NDg2MDE0REE4OV92aWRlb19kYXNoaW5pdC5tcDQVAALIARIAFQIYRmlnX3hwdl9yZWVsc19wZXJtYW5lbnRfc3JfcHJvZC80MzU2NjI0NTk0Nzc3ODRfNTA5MDg1MTUyODgyODQxMjg2Ni5tcDQVAgLIARIAKAAYABsCiAd1c2Vfb2lsATEScHJvZ3Jlc3NpdmVfcmVjaXBlATEVAAAm_tz8yb_l_gEVAigCQzMsF0BGlT987ZFoGBJkYXNoX2Jhc2VsaW5lXzNfdjERAHX-B2XmnQEA&_nc_gid=VRYKpTH16Yr5i-BRgrxB9g&edm=AM6HXa8EAAAA&_nc_zt=28&oh=00_AQKnrwsdVC24AkA5FjRxToIQdUqneGvgSkT8ofY2hTlBhA&oe=6A99DEF2,https://www.instagram.com/reel/DD7V-pssUuX/,DD7V-pssUuX,https://scontent-dfw5-2.cdninstagram.com/v/t51.71878-15/502997380_682363378109018_4253705977798641106_n.jpg?stp=dst-jpg_e35_tt6&_nc_cat=100&ccb=7-5&_nc_sid=18de74&efg=eyJlZmdfdGFnIjoiQ0xJUFMuYmVzdF9pbWFnZV91cmxnZW4uQzMifQ%3D%3D&_nc_ohc=HX8otljaUwsQ7kNvwGsHUXX&_nc_oc=AdooxEYKmrVvxFMW_F7IeTaHct7tSBq3gSvNTffLqR-W682q6jsw8R0V3KdrEvG6yzI&_nc_zt=23&_nc_ht=scontent-dfw5-2.cdninstagram.com&edm=AM6HXa8EAAAA&_nc_gid=VRYKpTH16Yr5i-BRgrxB9g&_nc_tpa=Q5bMBQK6b4sd-bihlETBC-0K44WkBufT3AoVq--u5Hzvh-6uaGbFJMPuIxpi7VH1uo8paAiwR6j85OX5&oh=00_AQLb_T-_fnEBebeRnhJEEhAW_UjaZd_AKfBaUiSvhQLZTA&oe=6A9DF96A,23 Dec 2024 04:18:05,qpaypro,REELS
17841443997027489,18055757413794121,"?️ No basta con tener una tienda en línea, ¡debes estructurarla bien! En el episodio 12 de Emprendiendo con Ganas, descubre cómo una buena planificación puede marcar la diferencia. ¡Escúchalo ahora y pon tu tienda online en el camino correcto! ? 

Link en nuestro perfil

#emprendiendoconganas #historiasdeexito #motivacion #emprendedora #emprendedoresexitosos #podcastdeemprendimiento #inspirateyemprende #podcast #guatemala502",Yes,0,2,VIDEO,https://scontent-dfw5-2.cdninstagram.com/o1/v/t2/f2/m86/AQMaQUFVFyPFOYTCIUIvfNV-6V0OHHBBjgS56_nQqGcG7z26LmHg3izMFOsoM1opLVWjLexd_mIE8ae4Q8gvX2DjGFfs6NLLzRP3JNo.mp4?_nc_cat=107&_nc_sid=5e9851&_nc_ht=scontent-dfw5-2.cdninstagram.com&_nc_ohc=6GIU8m2Fro4Q7kNvwHkj_jz&efg=eyJ2ZW5jb2RlX3RhZyI6Inhwdl9wcm9ncmVzc2l2ZS5JTlNUQUdSQU0uQ0xJUFMuQzMuMzU4LmRhc2hfYmFzZWxpbmVfM192MSIsInhwdl9hc3NldF9pZCI6MTEwMzUxOTczNDkxMzQ0MywiYXNzZXRfYWdlX2RheXMiOjYyMCwidmlfdXNlY2FzZV9pZCI6MTAwOTksImR1cmF0aW9uX3MiOjM5LCJ1cmxnZW5fc291cmNlIjoid3d3In0%3D&ccb=17-1&vs=92baecdd5dc872fa&_nc_vs=HBksFQIYUmlnX3hwdl9yZWVsc19wZXJtYW5lbnRfc3JfcHJvZC82NzQ4QTBCMTJFOTlGQjQ2QzM2ODZGNjg3QjZENkVBQl92aWRlb19kYXNoaW5pdC5tcDQVAALIARIAFQIYR2lnX3hwdl9yZWVsc19wZXJtYW5lbnRfc3JfcHJvZC8xMDg3NTc4Njc2NDQyMjIzXzMyNzM2NzI2MTU4OTY1MzIyNDAubXA0FQICyAESACgAGAAbAogHdXNlX29pbAExEnByb2dyZXNzaXZlX3JlY2lwZQExFQAAJsbm6tym6fUDFQIoAkMzLBdAQ8AAAAAAABgSZGFzaF9iYXNlbGluZV8zX3YxEQB1_gdl5p0BAA&_nc_gid=VRYKpTH16Yr5i-BRgrxB9g&edm=AM6HXa8EAAAA&_nc_zt=28&oh=00_AQLn75F66o-DIX5QJs8vvdlgL8XwTEEf64CI3Fsff0t4dg&oe=6A99D3BC,https://www.instagram.com/reel/DD0C8kfqWu4/,DD0C8kfqWu4,https://scontent-dfw6-1.cdninstagram.com/v/t51.71878-15/502986103_1241724931092922_5528780146107395367_n.jpg?stp=dst-jpg_e35_tt6&_nc_cat=101&ccb=7-5&_nc_sid=18de74&efg=eyJlZmdfdGFnIjoiQ0xJUFMuYmVzdF9pbWFnZV91cmxnZW4uQzMifQ%3D%3D&_nc_ohc=0alAD0QO_BoQ7kNvwFb6NCZ&_nc_oc=AdoNmPdDC99SyGHVeQ5zjTQnLOZZqk6eOVoiK1zzJHQx-aMjSUowdHOxlaGzVzKHZvg&_nc_zt=23&_nc_ht=scontent-dfw6-1.cdninstagram.com&edm=AM6HXa8EAAAA&_nc_gid=VRYKpTH16Yr5i-BRgrxB9g&_nc_tpa=Q5bMBQKZ_cAggbfeuI7IKVQLlH1NaG8qoutlrip1w2b4i8VD4oU7PJnAt8LQKmLPppzVByvL6HH8mw1q&oh=00_AQKZ4no0bq12ATq05MFiT-yd-3gYPlWy_XmxNjJ6tPMe0w&oe=6A9DEA25,20 Dec 2024 08:17:04,qpaypro,REELS
17841443997027489,18052356466995423,"? ¿Aún no has visto el episodio 11? Este es el momento de inspirarte y descubrir que el miedo a emprender puede transformarse en éxito ? 

¡No te lo pierdas! Link en nuestro perfil ?️

#emprendiendoconganas #historiasdeexito #motivacion #emprendedora #emprendedoresexitosos #podcastdeemprendimiento #inspirateyemprende #podcast #guatemala502",Yes,0,4,VIDEO,https://scontent-dfw5-1.cdninstagram.com/o1/v/t2/f2/m86/AQM5r89H7IvQ0Cs9NeFmijtPz4ly8KoxTbz9A4h8ZTe1i4rfjoLNdSFkjS3XcftNWZGVYL234D9yYuZajfhqVPALa-zeewMd8wlVzSQ.mp4?_nc_cat=106&_nc_sid=5e9851&_nc_ht=scontent-dfw5-1.cdninstagram.com&_nc_ohc=QM3B9gMUkwQQ7kNvwFfMtXP&efg=eyJ2ZW5jb2RlX3RhZyI6Inhwdl9wcm9ncmVzc2l2ZS5JTlNUQUdSQU0uQ0xJUFMuQzMuMzU4LmRhc2hfYmFzZWxpbmVfM192MSIsInhwdl9hc3NldF9pZCI6Mzk0NDM4MTM4NTgzOTU3NywiYXNzZXRfYWdlX2RheXMiOjYyMCwidmlfdXNlY2FzZV9pZCI6MTAwOTksImR1cmF0aW9uX3MiOjQxLCJ1cmxnZW5fc291cmNlIjoid3d3In0%3D&ccb=17-1&vs=dccf06d360aa47dc&_nc_vs=HBksFQIYUmlnX3hwdl9yZWVsc19wZXJtYW5lbnRfc3JfcHJvZC9DNDRBMDJENDk2RUQxRUEyRUNCMDRBNEQ2REQyRUVBM192aWRlb19kYXNoaW5pdC5tcDQVAALIARIAFQIYRWlnX3hwdl9yZWVsc19wZXJtYW5lbnRfc3JfcHJvZC85NDMxMjc5MzQ0MDk3OTFfOTczOTAwODE3MzU1OTcxNjgyLm1wNBUCAsgBEgAoABgAGwKIB3VzZV9vaWwBMRJwcm9ncmVzc2l2ZV9yZWNpcGUBMRUAACayz-S1m9mBDhUCKAJDMywXQETu2RaHKwIYEmRhc2hfYmFzZWxpbmVfM192MREAdf4HZeadAQA&_nc_gid=VRYKpTH16Yr5i-BRgrxB9g&edm=AM6HXa8EAAAA&_nc_zt=28&oh=00_AQK_cz-TxtqNAnCdKdE2-GkvLDOi2ed2BU5LSf_HSxWtHg&oe=6A99FF6F,https://www.instagram.com/reel/DDznhrUvI8n/,DDznhrUvI8n,https://scontent-dfw5-1.cdninstagram.com/v/t51.71878-15/503170961_4099713673639680_8817349519208177240_n.jpg?stp=dst-jpg_e35_tt6&_nc_cat=106&ccb=7-5&_nc_sid=18de74&efg=eyJlZmdfdGFnIjoiQ0xJUFMuYmVzdF9pbWFnZV91cmxnZW4uQzMifQ%3D%3D&_nc_ohc=OnIYexXw3IMQ7kNvwEkExYF&_nc_oc=AdprksbSK0Xa2hh9-tVC4j-6GcELt663KWDFvvbEkKyIX0QHLlkgoaISk1tfeKi_b40&_nc_zt=23&_nc_ht=scontent-dfw5-1.cdninstagram.com&edm=AM6HXa8EAAAA&_nc_gid=VRYKpTH16Yr5i-BRgrxB9g&_nc_tpa=Q5bMBQKoIy9ctRvrRph9QOA4s-b7_-zFvZkCfUrQ-mgTznFJ9rz7huIPucNnts6BJ-VRIqhs1hysZK7B&oh=00_AQIlnN-MdmuY12ZBL6MzpOf8_-WSyTnMXOeL3Y6bbCGuug&oe=6A9DEF7A,20 Dec 2024 04:17:03,qpaypro,REELS
17841443997027489,18066559639795066,"?✨ ¡Comienza el viaje de Qpaypro! ?? Con la plataforma aceptada, se dio el primer paso hacia construir una marca sólida ? y ganar la confianza de sus primeros clientes ??. ¡Descubre cómo empezó todo! ?? 

Link en nuestro perfil ?️

#emprendiendoconganas #historiasdeexito #motivacion #emprendedora #emprendedoresexitosos #podcastdeemprendimiento #inspirateyemprende #podcast #guatemala502",Yes,0,2,VIDEO,https://scontent-dfw5-2.cdninstagram.com/o1/v/t2/f2/m86/AQOR0X8L4-tRc0hbz3eCRDwWXcEw-qqPFTFm4x5WH8az8n4H76L3qC0-8VFnZhNRbyOyf21qJ_z_FgfGPAdzJEvoa7LwkM-mdS7o7Io.mp4?_nc_cat=100&_nc_sid=5e9851&_nc_ht=scontent-dfw5-2.cdninstagram.com&_nc_ohc=G53tPzZim34Q7kNvwH1gOZo&efg=eyJ2ZW5jb2RlX3RhZyI6Inhwdl9wcm9ncmVzc2l2ZS5JTlNUQUdSQU0uQ0xJUFMuQzMuMzU4LmRhc2hfYmFzZWxpbmVfM192MSIsInhwdl9hc3NldF9pZCI6MTk3MjU2OTc4OTkzMDAzMSwiYXNzZXRfYWdlX2RheXMiOjYyMSwidmlfdXNlY2FzZV9pZCI6MTAwOTksImR1cmF0aW9uX3MiOjU1LCJ1cmxnZW5fc291cmNlIjoid3d3In0%3D&ccb=17-1&vs=37d7e343de1e46a7&_nc_vs=HBksFQIYUmlnX3hwdl9yZWVsc19wZXJtYW5lbnRfc3JfcHJvZC84NjQ2QTY0RDEzQ0NFRTYyNUI4QzJFMTk3NTk0MzhCQl92aWRlb19kYXNoaW5pdC5tcDQVAALIARIAFQIYRWlnX3hwdl9yZWVsc19wZXJtYW5lbnRfc3JfcHJvZC85NTk2ODczNzk1NTM2NTJfNjE2MzQ3Njk0OTAxNDI2ODU2Lm1wNBUCAsgBEgAoABgAGwKIB3VzZV9vaWwBMRJwcm9ncmVzc2l2ZV9yZWNpcGUBMRUAACbe6PyZ1oKBBxUCKAJDMywXQEv7peNT988YEmRhc2hfYmFzZWxpbmVfM192MREAdf4HZeadAQA&_nc_gid=VRYKpTH16Yr5i-BRgrxB9g&edm=AM6HXa8EAAAA&_nc_zt=28&oh=00_AQIpB9NSzg2MyZs-nP2u50_JIdQtl_bhzYwKM8jSI0tAvw&oe=6A99E849,https://www.instagram.com/reel/DDxIhYNJNRy/,DDxIhYNJNRy,https://scontent-dfw6-2.cdninstagram.com/v/t51.71878-15/503961006_2102723306914678_7121983321124137927_n.jpg?stp=dst-jpg_e35_tt6&_nc_cat=109&ccb=7-5&_nc_sid=18de74&efg=eyJlZmdfdGFnIjoiQ0xJUFMuYmVzdF9pbWFnZV91cmxnZW4uQzMifQ%3D%3D&_nc_ohc=3F4rL3QCQIYQ7kNvwE9y_qo&_nc_oc=AdoRZvch1d6DDmQPIUVuYTYM5zm_x9Ftt58fmjpn_WwSjYIRFpB1ZEY63JgZKgkTzc8&_nc_zt=23&_nc_ht=scontent-dfw6-2.cdninstagram.com&edm=AM6HXa8EAAAA&_nc_gid=VRYKpTH16Yr5i-BRgrxB9g&_nc_tpa=Q5bMBQJ5qNN9xt-JvbWrP6IUkQ5zr8VyImP0WhO419oxGieYduYdqEIGm-oxFBuAYyV45gjeGpyH5uP4&oh=00_AQKFXywi1wuFTItE4i83p43EORLGIhQ8IpdaNT4SYSvgFA&oe=6A9DDD89,19 Dec 2024 05:08:03,qpaypro,REELS
17841443997027489,17972830574800673,"? ¿Quieres crecer sin límites? Formalizar tu negocio es el primer paso. Evita barreras y da el siguiente paso hacia el éxito. ¡Escucha Emprendiendo con Ganas! ?️?

¡No te lo pierdas! Link en nuestro perfil ?️

#emprendiendoconganas #historiasdeexito #motivacion#emprendedora #emprendedoresexitosos#podcastdeemprendimiento #inspirateyemprende #podcast#guatemala502",Yes,0,3,VIDEO,https://scontent-dfw6-1.cdninstagram.com/o1/v/t2/f2/m86/AQPVMHC4amszDS_o2juDxhi0Tuj6wO8NcqKvjdtCmkS-rNK5ujiIvrCpBE9sIpmblH7wDHaKjmwtcvDJBp5leBg4Vx0ArcKYHwwflQk.mp4?_nc_cat=102&_nc_sid=5e9851&_nc_ht=scontent-dfw6-1.cdninstagram.com&_nc_ohc=tuy3XO7PoOIQ7kNvwEZRLnr&efg=eyJ2ZW5jb2RlX3RhZyI6Inhwdl9wcm9ncmVzc2l2ZS5JTlNUQUdSQU0uQ0xJUFMuQzMuMzU4LmRhc2hfYmFzZWxpbmVfM192MSIsInhwdl9hc3NldF9pZCI6MTEwMzA2MzE4MTAxNjA4MywiYXNzZXRfYWdlX2RheXMiOjYyMiwidmlfdXNlY2FzZV9pZCI6MTAwOTksImR1cmF0aW9uX3MiOjc2LCJ1cmxnZW5fc291cmNlIjoid3d3In0%3D&ccb=17-1&vs=e1c99dfd1af80b71&_nc_vs=HBksFQIYUmlnX3hwdl9yZWVsc19wZXJtYW5lbnRfc3JfcHJvZC9CQzQ2Qzc5Q0ZCQzYzOUY0NTg2Nzg4REY0RjUyMkI5MF92aWRlb19kYXNoaW5pdC5tcDQVAALIARIAFQIYR2lnX3hwdl9yZWVsc19wZXJtYW5lbnRfc3JfcHJvZC8xMTA3NjU2NzIwODQyNTM4XzQ3NzE3MDg2NjUzMzE3MTg2NzcubXA0FQICyAESACgAGAAbAogHdXNlX29pbAExEnByb2dyZXNzaXZlX3JlY2lwZQExFQAAJqbwjZHdzvUDFQIoAkMzLBdAUx3S8an75xgSZGFzaF9iYXNlbGluZV8zX3YxEQB1_gdl5p0BAA&_nc_gid=VRYKpTH16Yr5i-BRgrxB9g&edm=AM6HXa8EAAAA&_nc_zt=28&oh=00_AQIeRxfSK3KabRQ7su6DPdx0aiPUTd2yF6h2EJYkWJmqyw&oe=6A99ED87,https://www.instagram.com/reel/DDu_MEXCSKQ/,DDu_MEXCSKQ,https://scontent-dfw6-1.cdninstagram.com/v/t51.71878-15/503588854_1211021970220203_2490601138001519821_n.jpg?stp=dst-jpg_e35_tt6&_nc_cat=102&ccb=7-5&_nc_sid=18de74&efg=eyJlZmdfdGFnIjoiQ0xJUFMuYmVzdF9pbWFnZV91cmxnZW4uQzMifQ%3D%3D&_nc_ohc=BpzOt_PPKmYQ7kNvwFcv5gI&_nc_oc=Adp5cv3HnNtD8ZYcIvEQWLpLzkBz1lhnwg696c9iRtAqfoA1tN5OGW6NHSgquRPKju8&_nc_zt=23&_nc_ht=scontent-dfw6-1.cdninstagram.com&edm=AM6HXa8EAAAA&_nc_gid=VRYKpTH16Yr5i-BRgrxB9g&_nc_tpa=Q5bMBQIRmN0_sZQjfvJnpDN7cmGUVJxov0MyumM4FSwWh_2zJvt46ZWHaT2VselI8ua7jG1rVKqLQHKm&oh=00_AQL9h7B-NcUL061fW4FHHTsS7S0iKeY79qPlLEIqqBkA2A&oe=6A9DFCFD,18 Dec 2024 09:08:03,qpaypro,REELS
17841443997027489,17952073262763226,"? Enfrentar obstáculos es parte del proceso, pero no es el final. La perseverancia lo cambia todo. Descubre en este episodio 8 de Emprendiendo con Ganas cómo seguir, incluso cuando el camino se pone difícil ?️✨

Link del Podcast en nuestro perfil ?

#emprendiendoconganas #historiasdeexito #motivacion #emprendedora #emprendedoresexitosos #podcastdeemprendimiento #inspirateyemprende #podcast #guatemala502",Yes,0,2,VIDEO,https://scontent-dfw5-2.cdninstagram.com/o1/v/t2/f2/m86/AQNEhstRmlqPMMnuINQmoDREma99LquoOb7MpeCkxDoJJxvQsenZVOExpEgF5S_A0b-0W_URHe0RB1hVKMi8lbTcNpkt4z4vbgxrXL4.mp4?_nc_cat=104&_nc_sid=5e9851&_nc_ht=scontent-dfw5-2.cdninstagram.com&_nc_ohc=5z5dLKJ1cmYQ7kNvwEJOEWf&efg=eyJ2ZW5jb2RlX3RhZyI6Inhwdl9wcm9ncmVzc2l2ZS5JTlNUQUdSQU0uQ0xJUFMuQzMuMzU4LmRhc2hfYmFzZWxpbmVfM192MSIsInhwdl9hc3NldF9pZCI6MTYyNDgwNjg0MTQ5NjUyOSwiYXNzZXRfYWdlX2RheXMiOjYyMiwidmlfdXNlY2FzZV9pZCI6MTAwOTksImR1cmF0aW9uX3MiOjMzLCJ1cmxnZW5fc291cmNlIjoid3d3In0%3D&ccb=17-1&vs=e236d45dceac7ac8&_nc_vs=HBksFQIYUmlnX3hwdl9yZWVsc19wZXJtYW5lbnRfc3JfcHJvZC8wQzQ5MkIyNTQ2NUVBN0EyNjEzREQxQUZBODIwREY4Ql92aWRlb19kYXNoaW5pdC5tcDQVAALIARIAFQIYRmlnX3hwdl9yZWVsc19wZXJtYW5lbnRfc3JfcHJvZC80ODU4MDg1NjQwNDkyODZfNzQxNjEyMTU5MzgzMDUxMTE1Mi5tcDQVAgLIARIAKAAYABsCiAd1c2Vfb2lsATEScHJvZ3Jlc3NpdmVfcmVjaXBlATEVAAAmos_tqZrw4gUVAigCQzMsF0BA3dLxqfvnGBJkYXNoX2Jhc2VsaW5lXzNfdjERAHX-B2XmnQEA&_nc_gid=VRYKpTH16Yr5i-BRgrxB9g&edm=AM6HXa8EAAAA&_nc_zt=28&oh=00_AQL5HWPf_kipE_7zfiK-IqiV5mdouRFPzcAnNVHZYG3_ew&oe=6A99D38D,https://www.instagram.com/reel/DDuwNU1tlH-/,DDuwNU1tlH-,https://scontent-dfw6-2.cdninstagram.com/v/t51.71878-15/502414456_1738625166781362_3390705125181968108_n.jpg?stp=dst-jpg_e35_tt6&_nc_cat=109&ccb=7-5&_nc_sid=18de74&efg=eyJlZmdfdGFnIjoiQ0xJUFMuYmVzdF9pbWFnZV91cmxnZW4uQzMifQ%3D%3D&_nc_ohc=8f1leV3A78cQ7kNvwFZZL7E&_nc_oc=AdrVmXXifwEd9iLf6WyN9vLYs5pP6BJUXEJRMXwop7ENfTdlWYzZNHuD-VDbmaLQzMk&_nc_zt=23&_nc_ht=scontent-dfw6-2.cdninstagram.com&edm=AM6HXa8EAAAA&_nc_gid=VRYKpTH16Yr5i-BRgrxB9g&_nc_tpa=Q5bMBQLIyEW6OAbP2Rz04bk5qOVUDjlVnGAeVB01Ep2HIB8ZG8RreN4dLrYVGmUVJDwUH3vGXmFUsg6V&oh=00_AQLkdjXbThThM6NtiVXZ5r5YY0SnF0dKdt8cZ6Hu0ZpSaQ&oe=6A9DEE05,18 Dec 2024 06:57:04,qpaypro,REELS
17841443997027489,18024329837629220,"En Emprendiendo con Gana hablamos sobre cómo los emprendedores buscan reducir costos... pero, ¿sabías que no todo ahorro es conveniente? ? Aprende a distinguir entre gastos necesarios y opciones para optimizar 

¡No te lo pierdas! Link en nuestro perfil ?️

#emprendiendoconganas #historiasdeexito #motivacion#emprendedora #emprendedoresexitosos#podcastdeemprendimiento #inspirateyemprende #podcast#guatemala502",Yes,0,3,VIDEO,https://scontent-dfw6-1.cdninstagram.com/o1/v/t2/f2/m86/AQO1yQ8f8JzcIhkRCnkV5usJptdsK6p-wqV1liLpWaLHZDLxkeUAegY7dMNsjswZ3TSP0X842VCeSLRBy-8z-TdJzWIoa12tdLrHijM.mp4?_nc_cat=103&_nc_sid=5e9851&_nc_ht=scontent-dfw6-1.cdninstagram.com&_nc_ohc=maVeKYGo2IwQ7kNvwF19_Ib&efg=eyJ2ZW5jb2RlX3RhZyI6Inhwdl9wcm9ncmVzc2l2ZS5JTlNUQUdSQU0uQ0xJUFMuQzMuMzU4LmRhc2hfYmFzZWxpbmVfM192MSIsInhwdl9hc3NldF9pZCI6MTA4NTE4MTA2NjY4ODc2NiwiYXNzZXRfYWdlX2RheXMiOjYyMywidmlfdXNlY2FzZV9pZCI6MTAwOTksImR1cmF0aW9uX3MiOjU2LCJ1cmxnZW5fc291cmNlIjoid3d3In0%3D&ccb=17-1&vs=2baa2843bac92fa1&_nc_vs=HBksFQIYUmlnX3hwdl9yZWVsc19wZXJtYW5lbnRfc3JfcHJvZC9EQzQ5Q0I1RjI3QTdEOEVERDM2Q0VBNDA4OEE5MzZBNF92aWRlb19kYXNoaW5pdC5tcDQVAALIARIAFQIYR2lnX3hwdl9yZWVsc19wZXJtYW5lbnRfc3JfcHJvZC8yMDMxMjIyNTg3MzIwNDk2XzQ1MTQyODA2NjQxNTYxOTE5OTYubXA0FQICyAESACgAGAAbAogHdXNlX29pbAExEnByb2dyZXNzaXZlX3JlY2lwZQExFQAAJvzj-f_sve0DFQIoAkMzLBdATCqfvnbItBgSZGFzaF9iYXNlbGluZV8zX3YxEQB1_gdl5p0BAA&_nc_gid=VRYKpTH16Yr5i-BRgrxB9g&edm=AM6HXa8EAAAA&_nc_zt=28&oh=00_AQL-4Wlx5GZpYemwvZiBqM6ltYGP-kbsqocQAWTB9K-bfA&oe=6A99F7A4,https://www.instagram.com/reel/DDsZ0YlvRoX/,DDsZ0YlvRoX,https://scontent-dfw5-1.cdninstagram.com/v/t51.71878-15/502989246_1213795453827326_1626295154444316991_n.jpg?stp=dst-jpg_e35_tt6&_nc_cat=106&ccb=7-5&_nc_sid=18de74&efg=eyJlZmdfdGFnIjoiQ0xJUFMuYmVzdF9pbWFnZV91cmxnZW4uQzMifQ%3D%3D&_nc_ohc=OiYiYBSMb14Q7kNvwEvp8ms&_nc_oc=AdoRBJv767XUJxyMHnG3XfUJoC1HKOSf1NzvXShP8RU_yYsbIx4g3hvktKwo7J2U_E8&_nc_zt=23&_nc_ht=scontent-dfw5-1.cdninstagram.com&edm=AM6HXa8EAAAA&_nc_gid=VRYKpTH16Yr5i-BRgrxB9g&_nc_tpa=Q5bMBQLipya4tBrJ789CPJ4fA04B02FYXICL7-6KVIAaHy4Q8CDPHalSORvGMCi0liefiA14LNT3KMLR&oh=00_AQLh5RhVzBZcXI2a6OWX5F1xrAyknEkza-ik_oq90ctdaw&oe=6A9DE737,17 Dec 2024 09:03:03,qpaypro,REELS
17841443997027489,17877577305213344,"? Superar obstáculos es parte del éxito Escucha cómo Kalhena transformó un gran reto en una oportunidad. ¡No te lo pierdas! ?? 

Link en nuestro perfil ?️

#emprendiendoconganas #historiasdeexito #motivacion #emprendedora #emprendedoresexitosos #podcastdeemprendimiento #inspirateyemprende #podcast #guatemala502",Yes,0,5,VIDEO,https://scontent-dfw5-1.cdninstagram.com/o1/v/t2/f2/m86/AQNa1bxW_CXLkU7kXRbHTXdYYgxglKxG8Lso83qNAJ4w_rLXLN371m9-2vAH6r9FuKDsgnUC292xX0TOPPGbHwEhQE8affT1dvs6Cvs.mp4?_nc_cat=106&_nc_sid=5e9851&_nc_ht=scontent-dfw5-1.cdninstagram.com&_nc_ohc=Hxw_TO2rKcEQ7kNvwGv0RHL&efg=eyJ2ZW5jb2RlX3RhZyI6Inhwdl9wcm9ncmVzc2l2ZS5JTlNUQUdSQU0uQ0xJUFMuQzMuMzU4LmRhc2hfYmFzZWxpbmVfM192MSIsInhwdl9hc3NldF9pZCI6MTcwNjA5NTI5NjYzMTQ0MiwiYXNzZXRfYWdlX2RheXMiOjYyMywidmlfdXNlY2FzZV9pZCI6MTAwOTksImR1cmF0aW9uX3MiOjU2LCJ1cmxnZW5fc291cmNlIjoid3d3In0%3D&ccb=17-1&vs=6d2bc2986ad11468&_nc_vs=HBksFQIYUmlnX3hwdl9yZWVsc19wZXJtYW5lbnRfc3JfcHJvZC81RjQwRjc2NDdBQjA5REVDOUEyMjNGQzQwOEM5Nzg4N192aWRlb19kYXNoaW5pdC5tcDQVAALIARIAFQIYRmlnX3hwdl9yZWVsc19wZXJtYW5lbnRfc3JfcHJvZC84OTQ5Njc2NjYxNDcwNjhfMTE4MjkzOTcyNjE3NTY0NTE3NC5tcDQVAgLIARIAKAAYABsCiAd1c2Vfb2lsATEScHJvZ3Jlc3NpdmVfcmVjaXBlATEVAAAmpMrewejrhwYVAigCQzMsF0BMap--dsi0GBJkYXNoX2Jhc2VsaW5lXzNfdjERAHX-B2XmnQEA&_nc_gid=VRYKpTH16Yr5i-BRgrxB9g&edm=AM6HXa8EAAAA&_nc_zt=28&oh=00_AQLgao2X1kjF7sSjeLxNie8TC0aBpM11K94VpYnJXOs8Aw&oe=6A9A03B3,https://www.instagram.com/reel/DDsQGlvtsU4/,DDsQGlvtsU4,https://scontent-dfw6-1.cdninstagram.com/v/t51.71878-15/497947278_1812450815995889_2065148734311125443_n.jpg?stp=dst-jpg_e35_tt6&_nc_cat=103&ccb=7-5&_nc_sid=18de74&efg=eyJlZmdfdGFnIjoiQ0xJUFMuYmVzdF9pbWFnZV91cmxnZW4uQzMifQ%3D%3D&_nc_ohc=uV8Wx2XthHQQ7kNvwF_ECUm&_nc_oc=AdqdJ6_NFtxUWs4rlcyyGB-vXSr5LF1PAqFtkNXdlFEKa3sjMgafUk2s5w669AN-zJo&_nc_zt=23&_nc_ht=scontent-dfw6-1.cdninstagram.com&edm=AM6HXa8EAAAA&_nc_gid=VRYKpTH16Yr5i-BRgrxB9g&_nc_tpa=Q5bMBQK61_hEKoHKV4z39ZmF4rEcSfFclQM8vvzQgH2YngTJfE9msDllw09160asxNCcv7yikdYwjXKk&oh=00_AQJNJm38hvs-tnMaVYz3q0J6bW8UU-cNw9PwECvYlPCS9g&oe=6A9DFA14,17 Dec 2024 07:38:03,qpaypro,REELS
17841443997027489,18007109237678391,"? En los primeros días de Qpaypro, sumar nuevos talentos al equipo fue un gran riesgo... ¡pero valió la pena! Conoce en Emprendiendo con Ganas cómo el equipo creció y enfrentó los desafíos desde el principio?? 

¡No te lo pierdas! Link en nuestro perfil ?️

#emprendiendoconganas #historiasdeexito #motivacion #emprendedora #emprendedoresexitosos #podcastdeemprendimiento #inspirateyemprende #podcast #guatemala502",Yes,0,3,VIDEO,https://scontent-dfw6-2.cdninstagram.com/o1/v/t2/f2/m86/AQM10EWXMzVzNgGV7IH0eh0RhvqRGEl-eP-SQluCXSUMmxqcv3qIw5GSHQ5UxtOnrzxwRKGGqxfoN4WlOcDwchNdl4I8nxXLJkc7F1o.mp4?_nc_cat=110&_nc_sid=5e9851&_nc_ht=scontent-dfw6-2.cdninstagram.com&_nc_ohc=n9GYulMlZiAQ7kNvwHKz3wR&efg=eyJ2ZW5jb2RlX3RhZyI6Inhwdl9wcm9ncmVzc2l2ZS5JTlNUQUdSQU0uQ0xJUFMuQzMuMzU4LmRhc2hfYmFzZWxpbmVfM192MSIsInhwdl9hc3NldF9pZCI6OTQ0OTQ3NTcwMzU4Mzk4LCJhc3NldF9hZ2VfZGF5cyI6NjI0LCJ2aV91c2VjYXNlX2lkIjoxMDA5OSwiZHVyYXRpb25fcyI6NTUsInVybGdlbl9zb3VyY2UiOiJ3d3cifQ%3D%3D&ccb=17-1&vs=87cd1a12a621faf&_nc_vs=HBksFQIYUmlnX3hwdl9yZWVsc19wZXJtYW5lbnRfc3JfcHJvZC8zNTQzRUYwNTk0N0M0ODE0NTEwQkYxODQ4M0ExQzY4NF92aWRlb19kYXNoaW5pdC5tcDQVAALIARIAFQIYRmlnX3hwdl9yZWVsc19wZXJtYW5lbnRfc3JfcHJvZC8xMTAwMTk0Mzk0ODI5MzAzXzI2MjIxODQyNzYzNDEwNzcyNS5tcDQVAgLIARIAKAAYABsCiAd1c2Vfb2lsATEScHJvZ3Jlc3NpdmVfcmVjaXBlATEVAAAm_OGZhJjbrQMVAigCQzMsF0BLrtkWhysCGBJkYXNoX2Jhc2VsaW5lXzNfdjERAHX-B2XmnQEA&_nc_gid=VRYKpTH16Yr5i-BRgrxB9g&edm=AM6HXa8EAAAA&_nc_zt=28&oh=00_AQI2v_P61Q0v4tA0cc91WqDqOpgYKxIo8Uu1xRib2dJ35w&oe=6A9A05A7,https://www.instagram.com/reel/DDp3_xupQxD/,DDp3_xupQxD,https://scontent-dfw6-1.cdninstagram.com/v/t51.71878-15/501278437_1048717613314726_326223752846096260_n.jpg?stp=dst-jpg_e35_tt6&_nc_cat=103&ccb=7-5&_nc_sid=18de74&efg=eyJlZmdfdGFnIjoiQ0xJUFMuYmVzdF9pbWFnZV91cmxnZW4uQzMifQ%3D%3D&_nc_ohc=9yy7gqlL_0QQ7kNvwGRHOhW&_nc_oc=AdqDsb3PxTNpwnidLrVp1ZrIdLwUPU6wk--ljYlXS6E8e6Plb9poMGkwngtX_nq698w&_nc_zt=23&_nc_ht=scontent-dfw6-1.cdninstagram.com&edm=AM6HXa8EAAAA&_nc_gid=VRYKpTH16Yr5i-BRgrxB9g&_nc_tpa=Q5bMBQIc2L58bb8YgOKbrnByYSQS-lYMt2hWtNi2tMcr36DmS8zzCeO9VbIzLiQSOkGe8zII6-o6Ngnk&oh=00_AQKemxJj_YE_9aq8FNrBvbX8fs7HawRf3blN0I7N69xhJA&oe=6A9DE91B,16 Dec 2024 09:29:03,qpaypro,REELS
17841443997027489,18012516869669201,"?✨ Separar tus finanzas personales de las de tu empresa es clave para el éxito a largo plazo. ¡Protege tu negocio y evita problemas futuros! Conoce más en el episodio 4 de Emprendiendo con Ganas

¡No te lo pierdas! Link en nuestro perfil ?️

#emprendiendoconganas #historiasdeexito #motivacion#emprendedora #emprendedoresexitosos#podcastdeemprendimiento #inspirateyemprende #podcast#guatemala502",Yes,0,2,VIDEO,https://scontent-dfw6-1.cdninstagram.com/o1/v/t2/f2/m86/AQPBI4FhZXilGfs19trlZ6nmVgkgKNOFq0G2cb2M_x1cq1_JpxUU_pwoT2xqJP9VAI6AgUuMI3l7fCDVIySRa5j486hCIRkTJYaMlls.mp4?_nc_cat=102&_nc_sid=5e9851&_nc_ht=scontent-dfw6-1.cdninstagram.com&_nc_ohc=ARRA2UO3kscQ7kNvwGM--qB&efg=eyJ2ZW5jb2RlX3RhZyI6Inhwdl9wcm9ncmVzc2l2ZS5JTlNUQUdSQU0uQ0xJUFMuQzMuMzU4LmRhc2hfYmFzZWxpbmVfM192MSIsInhwdl9hc3NldF9pZCI6MTMxNDE4NTQzMjkxNTQ3OCwiYXNzZXRfYWdlX2RheXMiOjYyNCwidmlfdXNlY2FzZV9pZCI6MTAwOTksImR1cmF0aW9uX3MiOjQxLCJ1cmxnZW5fc291cmNlIjoid3d3In0%3D&ccb=17-1&vs=1902b8c5d5d8615d&_nc_vs=HBksFQIYUmlnX3hwdl9yZWVsc19wZXJtYW5lbnRfc3JfcHJvZC9CQzQ3NEQ1ODkxQTQ0RTk5MUY1QkFFMDY2NTEwRDU5MV92aWRlb19kYXNoaW5pdC5tcDQVAALIARIAFQIYRmlnX3hwdl9yZWVsc19wZXJtYW5lbnRfc3JfcHJvZC81MjAwNTU5NzQ0MTg5NzFfODg0MDMyMzMzNzA5NTc3OTQwMi5tcDQVAgLIARIAKAAYABsCiAd1c2Vfb2lsATEScHJvZ3Jlc3NpdmVfcmVjaXBlATEVAAAmrPiuvtTP1QQVAigCQzMsF0BEogxJul41GBJkYXNoX2Jhc2VsaW5lXzNfdjERAHX-B2XmnQEA&_nc_gid=VRYKpTH16Yr5i-BRgrxB9g&edm=AM6HXa8EAAAA&_nc_zt=28&oh=00_AQLxQ7Z0EwmAgf98J9al0xWU3uUuh2-tD0YwVCY3tOQrCA&oe=6A99E227,https://www.instagram.com/reel/DDpg_tmuz08/,DDpg_tmuz08,https://scontent-dfw5-2.cdninstagram.com/v/t51.71878-15/504443336_1433480360985984_1239821733865775099_n.jpg?stp=dst-jpg_e35_tt6&_nc_cat=104&ccb=7-5&_nc_sid=18de74&efg=eyJlZmdfdGFnIjoiQ0xJUFMuYmVzdF9pbWFnZV91cmxnZW4uQzMifQ%3D%3D&_nc_ohc=30yGOVgNyOcQ7kNvwGW_6_X&_nc_oc=AdrD9TtQgPBYgXvbwYYae7-OCZOYCZG3jTm9QXlH_meK_-I_kJybF-O-O-004J9SAlQ&_nc_zt=23&_nc_ht=scontent-dfw5-2.cdninstagram.com&edm=AM6HXa8EAAAA&_nc_gid=VRYKpTH16Yr5i-BRgrxB9g&_nc_tpa=Q5bMBQIrXFWvbBYlbx5OgSDZO8BDn9G1w9G6E_1KrLsYps1UvLI5P-Q4DPrr3VDpyTIdlgi4MkR61cwM&oh=00_AQJiE33dCWacgvebcMWJ5H6AumDHk8esUqfhedcgy1nRnw&oe=6A9DD9D8,16 Dec 2024 06:08:04,qpaypro,REELS
17841443997027489,18252308017283912,"? ¿Sabías que priorizar los gastos fijos es esencial para la salud financiera de tu negocio? En Emprendiendo con Ganas, te contamos cómo ponerte un salario puede cambiar todo ¡No te lo pierdas! ?? 

¡No te lo pierdas! Link en nuestro perfil ?️

#emprendiendoconganas #historiasdeexito #motivacion #emprendedora #emprendedoresexitosos #podcastdeemprendimiento #inspirateyemprende #podcast #guatemala502",Yes,0,2,VIDEO,https://scontent-dfw5-2.cdninstagram.com/o1/v/t2/f2/m86/AQOXBzZJqWa6t0WWbNHKu-GKWoA7iY2CDekyu_zvHXVgvmCryVg7a0WWhYU_HkNCR_y392InFtHRPWwpHZH6KprVXLv1A161bKpMtvM.mp4?_nc_cat=107&_nc_sid=5e9851&_nc_ht=scontent-dfw5-2.cdninstagram.com&_nc_ohc=WVxgC31OiMUQ7kNvwEFxHPI&efg=eyJ2ZW5jb2RlX3RhZyI6Inhwdl9wcm9ncmVzc2l2ZS5JTlNUQUdSQU0uQ0xJUFMuQzMuMzU4LmRhc2hfYmFzZWxpbmVfM192MSIsInhwdl9hc3NldF9pZCI6NTY1MjQ4NDM2NDcyNTI2LCJhc3NldF9hZ2VfZGF5cyI6NjI3LCJ2aV91c2VjYXNlX2lkIjoxMDA5OSwiZHVyYXRpb25fcyI6NzIsInVybGdlbl9zb3VyY2UiOiJ3d3cifQ%3D%3D&ccb=17-1&vs=92cc1f5d9d1de5ca&_nc_vs=HBksFQIYUmlnX3hwdl9yZWVsc19wZXJtYW5lbnRfc3JfcHJvZC82RjQxNjk1ODdCQzA4MDg5NkY2M0Y3QTBCRTVFQURBOV92aWRlb19kYXNoaW5pdC5tcDQVAALIARIAFQIYRmlnX3hwdl9yZWVsc19wZXJtYW5lbnRfc3JfcHJvZC81Njc2MjkxMTkzNDIzOTdfNzE0MTY0MDY4MTI2MTcxNTM5MS5tcDQVAgLIARIAKAAYABsCiAd1c2Vfb2lsATEScHJvZ3Jlc3NpdmVfcmVjaXBlATEVAAAmnKughOWFgQIVAigCQzMsF0BSNU_fO2RaGBJkYXNoX2Jhc2VsaW5lXzNfdjERAHX-B2XmnQEA&_nc_gid=VRYKpTH16Yr5i-BRgrxB9g&edm=AM6HXa8EAAAA&_nc_zt=28&oh=00_AQLmLrAa9i98F_E8xgx0FVAqxHmQDAOFxmwIaXIVAOYQmA&oe=6A99E6FC,https://www.instagram.com/reel/DDh3w93MMOh/,DDh3w93MMOh,https://scontent-dfw5-1.cdninstagram.com/v/t51.71878-15/503001186_692549923742376_1729446881639199558_n.jpg?stp=dst-jpg_e35_tt6&_nc_cat=111&ccb=7-5&_nc_sid=18de74&efg=eyJlZmdfdGFnIjoiQ0xJUFMuYmVzdF9pbWFnZV91cmxnZW4uQzMifQ%3D%3D&_nc_ohc=mn_-1veScUAQ7kNvwEcxrxg&_nc_oc=AdpH_zqHC6t3Lalj4mJxBjwgFubPNz5JBhuXXKZbD51TXKo7ABpNdItqSyqEGEnHxU0&_nc_zt=23&_nc_ht=scontent-dfw5-1.cdninstagram.com&edm=AM6HXa8EAAAA&_nc_gid=VRYKpTH16Yr5i-BRgrxB9g&_nc_tpa=Q5bMBQJjzroix6Dv6hFbIS2rCuDaq0HuG79XTLIdNnDChlqDTiXWf2XqmzZYJCSdZIfiEvFPSMjeFeoq&oh=00_AQLXJNsc-QgwLjET0ugPeWa_vaOWNjM-XUJ_6FskYJEikQ&oe=6A9DCD37,13 Dec 2024 06:53:03,qpaypro,REELS
17841443997027489,17931866945850663,"?️ Los sueños se hacen realidad, y en el episodio 13 te contamos cómo. Hoy hablamos con Traveling The World, una agencia que comenzó con una visión y hoy conecta Guatemala con el mundo. ¡Escúchalo ya y déjate inspirar!

Link del Podcast en nuestro perfil ?

#emprendiendoconganas #historiasdeexito #motivacion #emprendedora #emprendedoresexitosos #podcastdeemprendimiento #inspirateyemprende #podcast #guatemala502",Yes,1,2,VIDEO,https://scontent-dfw6-2.cdninstagram.com/o1/v/t2/f2/m86/AQPAjD9UhxFuTqHeYR9iy3jN0J7e1hHCXELHl3jaknrpQ2M8Yn3ELsnAM7vvbUZ1zFZDogLti7-27XH0O-4nguijwqxjuEXQlu9ayww.mp4?_nc_cat=108&_nc_sid=5e9851&_nc_ht=scontent-dfw6-2.cdninstagram.com&_nc_ohc=y6zBJ4-3ZlIQ7kNvwETgdoa&efg=eyJ2ZW5jb2RlX3RhZyI6Inhwdl9wcm9ncmVzc2l2ZS5JTlNUQUdSQU0uQ0xJUFMuQzMuNTc0LmRhc2hfYmFzZWxpbmVfMV92MSIsInhwdl9hc3NldF9pZCI6MTI5NDYwMzMyMTUzOTk2NywiYXNzZXRfYWdlX2RheXMiOjYyNywidmlfdXNlY2FzZV9pZCI6MTAwOTksImR1cmF0aW9uX3MiOjQwLCJ1cmxnZW5fc291cmNlIjoid3d3In0%3D&ccb=17-1&vs=c2eca0559c87878d&_nc_vs=HBksFQIYUmlnX3hwdl9yZWVsc19wZXJtYW5lbnRfc3JfcHJvZC8xODREREFBQzA2NTZGNEUxQzQxN0M0ODExM0QxOUY5QV92aWRlb19kYXNoaW5pdC5tcDQVAALIARIAFQIYR2lnX3hwdl9yZWVsc19wZXJtYW5lbnRfc3JfcHJvZC8xNjQ4NjMwMjMyNzM4NzcwXzcyMzc1MDU3MDk4MzQ0MDc5MTUubXA0FQICyAESACgAGAAbAogHdXNlX29pbAExEnByb2dyZXNzaXZlX3JlY2lwZQExFQAAJv7117Hq28wEFQIoAkMzLBdARHMzMzMzMxgSZGFzaF9iYXNlbGluZV8xX3YxEQB1_gdl5p0BAA&_nc_gid=VRYKpTH16Yr5i-BRgrxB9g&edm=AM6HXa8EAAAA&_nc_zt=28&oh=00_AQK1xbJDARINeNQsDVFXzr2q2n50QPEEvg4JY2J8GW_zAw&oe=6A99D205,https://www.instagram.com/reel/DDhl5waND1-/,DDhl5waND1-,https://scontent-dfw5-2.cdninstagram.com/v/t51.71878-15/501199860_1411714789828819_9207303375107211467_n.jpg?stp=dst-jpg_e35_tt6&_nc_cat=107&ccb=7-5&_nc_sid=18de74&efg=eyJlZmdfdGFnIjoiQ0xJUFMuYmVzdF9pbWFnZV91cmxnZW4uQzMifQ%3D%3D&_nc_ohc=IksM6EhklzgQ7kNvwE02hym&_nc_oc=AdpCj5nccLvlwiW4YD7ZueL35fsr4Ywkv4viwbR7Vl-8hRRVdFBhUc-m67HL1ucWdio&_nc_zt=23&_nc_ht=scontent-dfw5-2.cdninstagram.com&edm=AM6HXa8EAAAA&_nc_gid=VRYKpTH16Yr5i-BRgrxB9g&_nc_tpa=Q5bMBQKH5dfLjZQT2xAx6SlttJrZzX3mYSXouaF_fvu6wTW_xb2MEmMmp34ypaPJpMJCCNyZ3xbfiM16&oh=00_AQJXmPYsZ6klXdHuJQHZZ72K3m5mMX9TB4WaQATqajMCqQ&oe=6A9DD833,13 Dec 2024 04:16:03,qpaypro,REELS
17841443997027489,18015751733646206,"? ¡No te pierdas el episodio 2 de Emprendiendo con Ganas! Aprende de experiencias reales y empieza a construir el camino hacia tu éxito ? ¡Escúchalo ya y no dejes de seguirnos en todas nuestras plataformas para más episodios que te inspirarán! ? 

¡No te lo pierdas! Link en nuestro perfil ?️

#emprendiendoconganas #historiasdeexito #motivacion #emprendedora #emprendedoresexitosos #podcastdeemprendimiento #inspirateyemprende #podcast #guatemala502",Yes,1,3,VIDEO,https://scontent-dfw5-2.cdninstagram.com/o1/v/t2/f2/m86/AQPESbJR-HicAHztnNj5Q7tlG2pcyNTJRlYTIysf1l4eNqAxb3qr6CiIqLA_uoMVK6luZ2U_Mvwh9K9WrNNsvathFhMIHXbrw_GmcCY.mp4?_nc_cat=107&_nc_sid=5e9851&_nc_ht=scontent-dfw5-2.cdninstagram.com&_nc_ohc=FHgeb7-csW0Q7kNvwE9pl_j&efg=eyJ2ZW5jb2RlX3RhZyI6Inhwdl9wcm9ncmVzc2l2ZS5JTlNUQUdSQU0uQ0xJUFMuQzMuMzU4LmRhc2hfYmFzZWxpbmVfM192MSIsInhwdl9hc3NldF9pZCI6OTE4MDY5NjczNzUxMDM3LCJhc3NldF9hZ2VfZGF5cyI6NjI4LCJ2aV91c2VjYXNlX2lkIjoxMDA5OSwiZHVyYXRpb25fcyI6NDcsInVybGdlbl9zb3VyY2UiOiJ3d3cifQ%3D%3D&ccb=17-1&vs=cc6e71f2135e0784&_nc_vs=HBksFQIYUmlnX3hwdl9yZWVsc19wZXJtYW5lbnRfc3JfcHJvZC82OTRCODM5NzYxRjYxQjBDN0FGN0IwMkM2MDNDOTFBMF92aWRlb19kYXNoaW5pdC5tcDQVAALIARIAFQIYRmlnX3hwdl9yZWVsc19wZXJtYW5lbnRfc3JfcHJvZC82MDg2MTgzNTE5MjUxMTJfODI5NzI5Njc1ODEwNTkyNzE1Mi5tcDQVAgLIARIAKAAYABsCiAd1c2Vfb2lsATEScHJvZ3Jlc3NpdmVfcmVjaXBlATEVAAAm-sfDjNi-oQMVAigCQzMsF0BHwAAAAAAAGBJkYXNoX2Jhc2VsaW5lXzNfdjERAHX-B2XmnQEA&_nc_gid=VRYKpTH16Yr5i-BRgrxB9g&edm=AM6HXa8EAAAA&_nc_zt=28&oh=00_AQKC39lJxG8JR-NcbTfvK3LKbkdz8iyb8zeZjrcnz5aJ7Q&oe=6A9A0614,https://www.instagram.com/reel/DDfe-v1t7n7/,DDfe-v1t7n7,https://scontent-dfw6-2.cdninstagram.com/v/t51.71878-15/503027939_1036860428538627_8032703328422110299_n.jpg?stp=dst-jpg_e35_tt6&_nc_cat=110&ccb=7-5&_nc_sid=18de74&efg=eyJlZmdfdGFnIjoiQ0xJUFMuYmVzdF9pbWFnZV91cmxnZW4uQzMifQ%3D%3D&_nc_ohc=ptzk4zu0nlgQ7kNvwGRSM0R&_nc_oc=AdpC03b5Vi5nuQSe6597V6js1iFGuybj5sCVQtMuqDzPqNCRo3sr5-MXP-V0WWqtbu8&_nc_zt=23&_nc_ht=scontent-dfw6-2.cdninstagram.com&edm=AM6HXa8EAAAA&_nc_gid=VRYKpTH16Yr5i-BRgrxB9g&_nc_tpa=Q5bMBQI3Q3eyYQ4EYhsR8CGda1YRMlmvetJchfqGm637oM3n9bgrIO458fsyKzPSYWt020mxBtu0_K89&oh=00_AQKDvxlIpVk7vGM1shADX_1LKCzZ0FtcYM-dA1PPQOGlpA&oe=6A9DE27A,12 Dec 2024 08:38:04,qpaypro,REELS
17841443997027489,18062016250853017,"Más que vender, se trata de conectar. En Emprendiendo con Ganas te damos las claves para construir relaciones reales que te ayuden a crecer. ¡Sintoniza y aprende más! ? 

¡No te lo pierdas! Link en nuestro perfil ?️

#emprendiendoconganas #historiasdeexito #motivacion #emprendedora #emprendedoresexitosos #podcastdeemprendimiento #inspirateyemprende #podcast #guatemala502",Yes,0,3,VIDEO,https://scontent-dfw5-2.cdninstagram.com/o1/v/t2/f2/m86/AQMOJVDnXjwhlwgjRTgeWeGVxFstLHV1uYgw4LdSD5uVcgC_RxG_ceIKBwulThE_QLCUqQojcXlZqw4rGzLH-GOrIEXh9SsFaDJEQOE.mp4?_nc_cat=104&_nc_sid=5e9851&_nc_ht=scontent-dfw5-2.cdninstagram.com&_nc_ohc=B6Ag_6TxsYUQ7kNvwEb_Uh1&efg=eyJ2ZW5jb2RlX3RhZyI6Inhwdl9wcm9ncmVzc2l2ZS5JTlNUQUdSQU0uQ0xJUFMuQzMuMzU4LmRhc2hfYmFzZWxpbmVfM192MSIsInhwdl9hc3NldF9pZCI6MTMwMzc3NTc5NzI4NTA2MSwiYXNzZXRfYWdlX2RheXMiOjYyOCwidmlfdXNlY2FzZV9pZCI6MTAwOTksImR1cmF0aW9uX3MiOjQzLCJ1cmxnZW5fc291cmNlIjoid3d3In0%3D&ccb=17-1&vs=3b401c3e87cfd330&_nc_vs=HBksFQIYUmlnX3hwdl9yZWVsc19wZXJtYW5lbnRfc3JfcHJvZC9GODQ5N0IxOTM3NjdDNDQ3OUYzQTVGQTc4QTIzNzhBNl92aWRlb19kYXNoaW5pdC5tcDQVAALIARIAFQIYRmlnX3hwdl9yZWVsc19wZXJtYW5lbnRfc3JfcHJvZC85NTg2NDEyNDI3OTQ2NDJfNjAxNTI3MTg2NDA0ODUyNTE4NC5tcDQVAgLIARIAKAAYABsCiAd1c2Vfb2lsATEScHJvZ3Jlc3NpdmVfcmVjaXBlATEVAAAmisOc1N7x0AQVAigCQzMsF0BFwAAAAAAAGBJkYXNoX2Jhc2VsaW5lXzNfdjERAHX-B2XmnQEA&_nc_gid=VRYKpTH16Yr5i-BRgrxB9g&edm=AM6HXa8EAAAA&_nc_zt=28&oh=00_AQJC4qkShwWSQngpiczpH_JdCN6ON-vecZ5jy3cL4PIjnw&oe=6A99D479,https://www.instagram.com/reel/DDfNJt9Ojy_/,DDfNJt9Ojy_,https://scontent-dfw6-1.cdninstagram.com/v/t51.71878-15/503097671_1423817288614244_4356575072317967299_n.jpg?stp=dst-jpg_e35_tt6&_nc_cat=102&ccb=7-5&_nc_sid=18de74&efg=eyJlZmdfdGFnIjoiQ0xJUFMuYmVzdF9pbWFnZV91cmxnZW4uQzMifQ%3D%3D&_nc_ohc=f1Vxp6xTRwEQ7kNvwFMdnQl&_nc_oc=AdrG-xs0U5LtbT4inUMz-ksd01TnK-Irqp3kkEVLl9K4lQItJM6D4zttF6g8vYGl04M&_nc_zt=23&_nc_ht=scontent-dfw6-1.cdninstagram.com&edm=AM6HXa8EAAAA&_nc_gid=VRYKpTH16Yr5i-BRgrxB9g&_nc_tpa=Q5bMBQJ3cPjgJA_hv7T_HHv28wPW7WXvzfYaMMcp1ZjPLLcpFX9MD7-ci0PXCQDaFkyBPG2MTx6XMDgr&oh=00_AQJOsuEbGghks4RRlQ6o6SaA7Oq7c5UnPe0JaVDzepEhQw&oe=6A9DF9FF,12 Dec 2024 06:02:16,qpaypro,REELS
17841443997027489,18084949951544815,"? ¡Ya está aquí el episodio 13 de Emprendiendo con Ganas! Descubre la historia de Traveling The World, una agencia de turismo que demuestra que soñar en grande sí se cumple. ¡Inspírate y emprende tu propio viaje al éxito! ✈️ ?️ 

Link del Podcast en nuestro perfil ?

#emprendiendoconganas #historiasdeexito #motivacion #emprendedora #emprendedoresexitosos #podcastdeemprendimiento #inspirateyemprende #podcast #guatemala502",Yes,0,6,VIDEO,https://scontent-dfw5-2.cdninstagram.com/o1/v/t2/f2/m86/AQMLX_txh2gEGNHHPBlFnN4If9yqhp-m0HWObes9gav3O8o6Dc2tVQ_qrt6iH7xUXeREsyV-C0BbIo7VpznzIz6M18ZqKVAE__9WvP8.mp4?_nc_cat=104&_nc_sid=5e9851&_nc_ht=scontent-dfw5-2.cdninstagram.com&_nc_ohc=d5GswFK-MT0Q7kNvwFzOm9g&efg=eyJ2ZW5jb2RlX3RhZyI6Inhwdl9wcm9ncmVzc2l2ZS5JTlNUQUdSQU0uQ0xJUFMuQzMuMzU4LmRhc2hfYmFzZWxpbmVfM192MSIsInhwdl9hc3NldF9pZCI6ODkyMTM5OTA2MDM3NDI3LCJhc3NldF9hZ2VfZGF5cyI6NjI5LCJ2aV91c2VjYXNlX2lkIjoxMDA5OSwiZHVyYXRpb25fcyI6MjcsInVybGdlbl9zb3VyY2UiOiJ3d3cifQ%3D%3D&ccb=17-1&vs=6abfc9679d081128&_nc_vs=HBksFQIYUmlnX3hwdl9yZWVsc19wZXJtYW5lbnRfc3JfcHJvZC8wQjREM0RCNUIxRUY2RUFCNjYyMTIwMTY4M0Q1QjU5OV92aWRlb19kYXNoaW5pdC5tcDQVAALIARIAFQIYRmlnX3hwdl9yZWVsc19wZXJtYW5lbnRfc3JfcHJvZC8zOTg0Nzc5OTk5MjczOTFfMTYwNDA1MjgwMjQ3ODkzMTY0MC5tcDQVAgLIARIAKAAYABsCiAd1c2Vfb2lsATEScHJvZ3Jlc3NpdmVfcmVjaXBlATEVAAAm5tqDo7DZlQMVAigCQzMsF0A7zMzMzMzNGBJkYXNoX2Jhc2VsaW5lXzNfdjERAHX-B2XmnQEA&_nc_gid=VRYKpTH16Yr5i-BRgrxB9g&edm=AM6HXa8EAAAA&_nc_zt=28&oh=00_AQKazHZbiGbVabeKkc0maVPU0a5xaNjELlTkvve6CzNtcQ&oe=6A9A0521,https://www.instagram.com/reel/DDcbkR6tDZA/,DDcbkR6tDZA,https://scontent-dfw6-2.cdninstagram.com/v/t51.71878-15/503433807_1004781641439919_637687056240826404_n.jpg?stp=dst-jpg_e35_tt6&_nc_cat=110&ccb=7-5&_nc_sid=18de74&efg=eyJlZmdfdGFnIjoiQ0xJUFMuYmVzdF9pbWFnZV91cmxnZW4uQzMifQ%3D%3D&_nc_ohc=OUPCbqY7LjAQ7kNvwFWbE0p&_nc_oc=AdrZPljSUkIEsJD_7_LtJJD8hKToVCjbmtj4Fps3P5T8f4nXQK67ki6xsSLNNuolyZk&_nc_zt=23&_nc_ht=scontent-dfw6-2.cdninstagram.com&edm=AM6HXa8EAAAA&_nc_gid=VRYKpTH16Yr5i-BRgrxB9g&_nc_tpa=Q5bMBQJWgtxz-XkeDcLqbtlC9lUErUxtq71w0CUNztG1IpXo479V14Zp1Buj22RJ-OaCfqgEOMPTeQ9q&oh=00_AQJ1XW-HTlTCI7Svn7axNV-gyt-VQt_02KPy17_gMtgBgw&oe=6A9DECB0,11 Dec 2024 04:10:29,qpaypro,REELS
17841443997027489,18034694834376413,"❤️ El amor por tus hijos puede ser la chispa que encienda tu idea de negocio. Descubre cómo transformar tus pasiones en un emprendimiento ?  No te pierdas del episodio 11 de Emprendiendo con Ganas 

¡No te lo pierdas! Link en nuestro perfil ?️

#emprendiendoconganas #historiasdeexito #motivacion #emprendedora #emprendedoresexitosos #podcastdeemprendimiento #inspirateyemprende #podcast #guatemala502",Yes,0,4,VIDEO,https://scontent-dfw5-2.cdninstagram.com/o1/v/t2/f2/m86/AQODRKv9PKbM4pNbX0b-HpwFim45ncT-VV6ck96BfBt5BPpDBHN4_Xh9z70PvcSUsGoEb0Enz4DS9yIRJIjHP8Hhlreq-8zPVuT1vWo.mp4?_nc_cat=107&_nc_sid=5e9851&_nc_ht=scontent-dfw5-2.cdninstagram.com&_nc_ohc=RrSO5M1jEEcQ7kNvwHT3jmW&efg=eyJ2ZW5jb2RlX3RhZyI6Inhwdl9wcm9ncmVzc2l2ZS5JTlNUQUdSQU0uQ0xJUFMuQzMuMzU4LmRhc2hfYmFzZWxpbmVfM192MSIsInhwdl9hc3NldF9pZCI6MTEyMTUxNzk4OTQ1MDE0MiwiYXNzZXRfYWdlX2RheXMiOjYzMCwidmlfdXNlY2FzZV9pZCI6MTAwOTksImR1cmF0aW9uX3MiOjQ0LCJ1cmxnZW5fc291cmNlIjoid3d3In0%3D&ccb=17-1&vs=fb093ccdf1b7870b&_nc_vs=HBksFQIYUmlnX3hwdl9yZWVsc19wZXJtYW5lbnRfc3JfcHJvZC9GMzQxN0I4QTRBQjQ4RkQyNTJFMTg3OUZFOEQyNEVCOV92aWRlb19kYXNoaW5pdC5tcDQVAALIARIAFQIYR2lnX3hwdl9yZWVsc19wZXJtYW5lbnRfc3JfcHJvZC8xMDk3Mzg2NDU4ODQ0ODMwXzM5NjA5NjIxOTIxNjgwMzM5MzkubXA0FQICyAESACgAGAAbAogHdXNlX29pbAExEnByb2dyZXNzaXZlX3JlY2lwZQExFQAAJrzG9pX4gP4DFQIoAkMzLBdARkQ5WBBiThgSZGFzaF9iYXNlbGluZV8zX3YxEQB1_gdl5p0BAA&_nc_gid=VRYKpTH16Yr5i-BRgrxB9g&edm=AM6HXa8EAAAA&_nc_zt=28&oh=00_AQJw97Msa5KWlHoKSf8ZNy-AAmBQwi0LU_dSJdk61zFv_A&oe=6A99D82C,https://www.instagram.com/reel/DDZ0tHtBEdU/,DDZ0tHtBEdU,https://scontent-dfw5-1.cdninstagram.com/v/t51.71878-15/503719952_1241629527438987_2412141123302797896_n.jpg?stp=dst-jpg_e35_tt6&_nc_cat=105&ccb=7-5&_nc_sid=18de74&efg=eyJlZmdfdGFnIjoiQ0xJUFMuYmVzdF9pbWFnZV91cmxnZW4uQzMifQ%3D%3D&_nc_ohc=ni406_cfyGsQ7kNvwGikFgl&_nc_oc=Ado-SxmpSihZGi7MsN9XKSwmDp-MychIUzTbjzGUVfhmw73bhAH6cx_g26H3SHsUXgc&_nc_zt=23&_nc_ht=scontent-dfw5-1.cdninstagram.com&edm=AM6HXa8EAAAA&_nc_gid=VRYKpTH16Yr5i-BRgrxB9g&_nc_tpa=Q5bMBQJ_4M-ze4t91fBoStBK0wfrATN0egK7HTHrion1eZIZBZABdeXcnayRZRV_si0rBZYCPImJobdo&oh=00_AQIp-1KLwMzCzxYi1hP0OA8LgClEGB8v1zDOpiEwNYmBxg&oe=6A9DF928,10 Dec 2024 03:52:03,qpaypro,REELS
17841443997027489,18080255641571560,"? El momento clave: Descubre cómo Qpaypro llegó a VisaNet para presentar su plataforma y dar un gran paso hacia su certificación? ? ¡Una historia de visión y esfuerzo que no te puedes perder! 

Link en nuestro perfil ?️

#emprendiendoconganas #historiasdeexito #motivacion #emprendedora #emprendedoresexitosos #podcastdeemprendimiento #inspirateyemprende #podcast #guatemala502",Yes,0,2,VIDEO,https://scontent-dfw6-1.cdninstagram.com/o1/v/t2/f2/m86/AQMaHkc9-3ZyJGAmNIb58iR-aekf4cE74tnCbjbEkRVwwa_VUuk5vlaiI692dC9-6OT_nFcly1ELtQJZSmqMIOTh2lG-JhhZKh3J6b0.mp4?_nc_cat=102&_nc_sid=5e9851&_nc_ht=scontent-dfw6-1.cdninstagram.com&_nc_ohc=PieHCpSpp2UQ7kNvwGfhHxJ&efg=eyJ2ZW5jb2RlX3RhZyI6Inhwdl9wcm9ncmVzc2l2ZS5JTlNUQUdSQU0uQ0xJUFMuQzMuMzU4LmRhc2hfYmFzZWxpbmVfM192MSIsInhwdl9hc3NldF9pZCI6MTY1ODYzMDY1MTcyMTk1NCwiYXNzZXRfYWdlX2RheXMiOjYzMSwidmlfdXNlY2FzZV9pZCI6MTAwOTksImR1cmF0aW9uX3MiOjY0LCJ1cmxnZW5fc291cmNlIjoid3d3In0%3D&ccb=17-1&vs=76f02a873c2d4513&_nc_vs=HBksFQIYUmlnX3hwdl9yZWVsc19wZXJtYW5lbnRfc3JfcHJvZC82RTQ4MkVCNTM2MTRCNDgzOUQwMjFBRkIzMkMyOTY5Ql92aWRlb19kYXNoaW5pdC5tcDQVAALIARIAFQIYR2lnX3hwdl9yZWVsc19wZXJtYW5lbnRfc3JfcHJvZC8xNjQwODg5NDI2NjM5NjAxXzkyMDQzODQzNDI1NzkwNzc2OTkubXA0FQICyAESACgAGAAbAogHdXNlX29pbAExEnByb2dyZXNzaXZlX3JlY2lwZQExFQAAJsTj-ayBofIFFQIoAkMzLBdAUBdsi0OVgRgSZGFzaF9iYXNlbGluZV8zX3YxEQB1_gdl5p0BAA&_nc_gid=VRYKpTH16Yr5i-BRgrxB9g&edm=AM6HXa8EAAAA&_nc_zt=28&oh=00_AQKrcthJF8fLHND_drctg7HF7fQfVjb8AKeVM7jN5Bx_5A&oe=6A99DDA7,https://www.instagram.com/reel/DDXe3BbNnra/,DDXe3BbNnra,https://scontent-dfw6-2.cdninstagram.com/v/t51.71878-15/503226864_1789240631994288_8153705868586112489_n.jpg?stp=dst-jpg_e35_tt6&_nc_cat=108&ccb=7-5&_nc_sid=18de74&efg=eyJlZmdfdGFnIjoiQ0xJUFMuYmVzdF9pbWFnZV91cmxnZW4uQzMifQ%3D%3D&_nc_ohc=gBlfmauom9MQ7kNvwH6uHeG&_nc_oc=AdrMF1lsWRTLvUpfrSeqb_ayfLaalhWndlJzBecVgkbRaVzhLWgwbO53tcgRMO6IZ_U&_nc_zt=23&_nc_ht=scontent-dfw6-2.cdninstagram.com&edm=AM6HXa8EAAAA&_nc_gid=VRYKpTH16Yr5i-BRgrxB9g&_nc_tpa=Q5bMBQKWuxYcPEokJAVHZNmsD2XGjjOekJIyj32p51vx2UeaToISemEMr8ubMsh642gdkRqQcljvmMiN&oh=00_AQJSbfmlTPbFDyFdJGaC4zbo3Pg4EF4im7n3BLyE-TNCzQ&oe=6A9DDA53,09 Dec 2024 06:03:04,qpaypro,REELS
17841443997027489,18031388381172783,"¡Prepárate para viajar por el mundo! Este miércoles estrenamos el episodio 13 de Emprendiendo con Ganas, donde descubrimos la historia de Traveling The World, una agencia de turismo que pone a Guatemala en el mapa. ¡No te lo pierdas!""

 Link del Podcast en nuestro perfil ?

#emprendiendoconganas #historiasdeexito #motivacion #emprendedora #emprendedoresexitosos #podcastdeemprendimiento #inspirateyemprende #podcast #guatemala502",Yes,0,4,VIDEO,https://scontent-dfw6-1.cdninstagram.com/o1/v/t2/f2/m86/AQM7J1pHhlxpVj5Dn_ozBhTwzhEH0852zVIz_FhTrapH5tbDK_ne0rGyBQ4TTZxmYCAJ_T_B-scvBWY2VuwQsdjdFbFupP6vLUN98I4.mp4?_nc_cat=102&_nc_sid=5e9851&_nc_ht=scontent-dfw6-1.cdninstagram.com&_nc_ohc=dfK1n1Czy6oQ7kNvwEhmy4D&efg=eyJ2ZW5jb2RlX3RhZyI6Inhwdl9wcm9ncmVzc2l2ZS5JTlNUQUdSQU0uQ0xJUFMuQzMuMzU4LmRhc2hfYmFzZWxpbmVfM192MSIsInhwdl9hc3NldF9pZCI6NTQ4NjU5MDcxNDA3NzIwLCJhc3NldF9hZ2VfZGF5cyI6NjMxLCJ2aV91c2VjYXNlX2lkIjoxMDA5OSwiZHVyYXRpb25fcyI6NDYsInVybGdlbl9zb3VyY2UiOiJ3d3cifQ%3D%3D&ccb=17-1&vs=2e682a41b440575d&_nc_vs=HBksFQIYUmlnX3hwdl9yZWVsc19wZXJtYW5lbnRfc3JfcHJvZC8yMDQwMjgzMzFDOUJEMTUxOUJCMkI5RjdFNEYxRTdCNl92aWRlb19kYXNoaW5pdC5tcDQVAALIARIAFQIYRmlnX3hwdl9yZWVsc19wZXJtYW5lbnRfc3JfcHJvZC80OTY2NDA5NzM0MzE3MTlfMzgwODU5OTgxMTA1MDc0MjMyMS5tcDQVAgLIARIAKAAYABsCiAd1c2Vfb2lsATEScHJvZ3Jlc3NpdmVfcmVjaXBlATEVAAAm0Nnu0JTA-QEVAigCQzMsF0BHEQYk3S8bGBJkYXNoX2Jhc2VsaW5lXzNfdjERAHX-B2XmnQEA&_nc_gid=VRYKpTH16Yr5i-BRgrxB9g&edm=AM6HXa8EAAAA&_nc_zt=28&oh=00_AQKcFKjwstnIsn5W89Z2ymqse1GtfKKZ84U6Va07e4nOMw&oe=6A99FF07,https://www.instagram.com/reel/DDXRCPcMSQE/,DDXRCPcMSQE,https://scontent-dfw5-1.cdninstagram.com/v/t51.71878-15/503329106_677178595222433_1123028086664205039_n.jpg?stp=dst-jpg_e35_tt6&_nc_cat=106&ccb=7-5&_nc_sid=18de74&efg=eyJlZmdfdGFnIjoiQ0xJUFMuYmVzdF9pbWFnZV91cmxnZW4uQzMifQ%3D%3D&_nc_ohc=MCHg1MYSW6YQ7kNvwGeC3Nk&_nc_oc=Adq9jdvha8mU-9eoW17CUyVZRNKisxIzlvKWm9xxXFxlXniztVUMot6P77JUVBZk46k&_nc_zt=23&_nc_ht=scontent-dfw5-1.cdninstagram.com&edm=AM6HXa8EAAAA&_nc_gid=VRYKpTH16Yr5i-BRgrxB9g&_nc_tpa=Q5bMBQLgrx-0FvEXQ_MbimC0baoY--SnCGBR6ipBEGoE4juK9t57mBpOJQuNF-othWFQDPSH7ljJgaWE&oh=00_AQJJk_shUdi3fym1pgLXhpLwwQleRav5d5BUTLZaicg43g&oe=6A9DCD87,09 Dec 2024 04:02:11,qpaypro,REELS
17841443997027489,18006592334692489,"? ¡El episodio 12 ya está aquí! ?️ Aprende cómo adaptarte al mundo digital puede ser la clave para llevar tu negocio al siguiente nivel. ? ¡No te lo pierdas! 

Link del Podcast en nuestro perfil ?

#emprendiendoconganas #historiasdeexito #motivacion #emprendedora #emprendedoresexitosos #podcastdeemprendimiento #inspirateyemprende #podcast #guatemala502",Yes,0,4,VIDEO,https://scontent-dfw5-1.cdninstagram.com/o1/v/t2/f2/m86/AQNBliXXNtHAGyijLMFNV04SFEdVtxMKEWXLGYUK_L59Ebl-8I_CfyA--a5DVPBH4I_fuqajE1g-llVXB6v24dG4i1O12JEbJwurk_A.mp4?_nc_cat=106&_nc_sid=5e9851&_nc_ht=scontent-dfw5-1.cdninstagram.com&_nc_ohc=ztNSagsJdG8Q7kNvwGV_Ur2&efg=eyJ2ZW5jb2RlX3RhZyI6Inhwdl9wcm9ncmVzc2l2ZS5JTlNUQUdSQU0uQ0xJUFMuQzMuMzU4LmRhc2hfYmFzZWxpbmVfM192MSIsInhwdl9hc3NldF9pZCI6MTA5OTMwMjg1NDk4NDQzMywiYXNzZXRfYWdlX2RheXMiOjYzNCwidmlfdXNlY2FzZV9pZCI6MTAwOTksImR1cmF0aW9uX3MiOjQ5LCJ1cmxnZW5fc291cmNlIjoid3d3In0%3D&ccb=17-1&vs=d85fa97a501afca1&_nc_vs=HBksFQIYUmlnX3hwdl9yZWVsc19wZXJtYW5lbnRfc3JfcHJvZC9GQzQyOUI0MjkxMzQzNDRBMzc0RDRCQzBGOTQ2NjY5RV92aWRlb19kYXNoaW5pdC5tcDQVAALIARIAFQIYR2lnX3hwdl9yZWVsc19wZXJtYW5lbnRfc3JfcHJvZC8xMDcxNzk5MDY4MDcyNTM2XzU0NTUzMDI5NDk4MTg3NDg5NTcubXA0FQICyAESACgAGAAbAogHdXNlX29pbAExEnByb2dyZXNzaXZlX3JlY2lwZQExFQAAJuKL4MLs8_MDFQIoAkMzLBdASLdsi0OVgRgSZGFzaF9iYXNlbGluZV8zX3YxEQB1_gdl5p0BAA&_nc_gid=VRYKpTH16Yr5i-BRgrxB9g&edm=AM6HXa8EAAAA&_nc_zt=28&oh=00_AQJKoDAcd8dRdAM0g5VWCTUDDlkatKoPv-Vu_rgYrY-daw&oe=6A99D6DB,https://www.instagram.com/reel/DDP1gkDvbOX/,DDP1gkDvbOX,https://scontent-dfw5-2.cdninstagram.com/v/t51.71878-15/503474474_1224466312468086_2750985920127487502_n.jpg?stp=dst-jpg_e35_tt6&_nc_cat=100&ccb=7-5&_nc_sid=18de74&efg=eyJlZmdfdGFnIjoiQ0xJUFMuYmVzdF9pbWFnZV91cmxnZW4uQzMifQ%3D%3D&_nc_ohc=oYuZq8Xu800Q7kNvwFbxq4h&_nc_oc=AdpI8cetk6SwzvRoVb88dHbwhk_QWpSvdXnVShq7H8aSjS1Ul8wTUFxJ1jKWMe3g4EY&_nc_zt=23&_nc_ht=scontent-dfw5-2.cdninstagram.com&edm=AM6HXa8EAAAA&_nc_gid=VRYKpTH16Yr5i-BRgrxB9g&_nc_tpa=Q5bMBQKnSSe6RIniT5rxORlnZbNoeJBZECBOW4rAEchYR0RVTq3BEEr6CaKWC4Lua_codGsBVccBYn1t&oh=00_AQIAnz_V0VgTz8K1kjBE913YxrgbQattZ5QIxuT870N8Lg&oe=6A9DD680,06 Dec 2024 06:47:04,qpaypro,REELS
17841443997027489,17953681634855099,"? Emprender no es fácil, y muchos renuncian antes de ver los frutos. ¿La clave? Perseverancia!  Escucha este episodio y descubre cómo seguir adelante frente a cualquier reto ?? 

¡Escúchalo ahora! Link en nuestro perfil ?️

#emprendiendoconganas #historiasdeexito #motivacion #emprendedora #emprendedoresexitosos #podcastdeemprendimiento #inspirateyemprende #podcast #guatemala502",Yes,0,2,VIDEO,https://scontent-dfw5-2.cdninstagram.com/o1/v/t2/f2/m86/AQMrr5Lfc000ZEr5qMXSy9ZFq3oMweGhnvaW2TgxfEkhKsOcJgWYO20C2jO-fQ7hFmm0PjquwAiHqtGin4MBcdfCUocQf2U06HmvAE8.mp4?_nc_cat=104&_nc_sid=5e9851&_nc_ht=scontent-dfw5-2.cdninstagram.com&_nc_ohc=7Zg7K2vnkLcQ7kNvwGdkZ0g&efg=eyJ2ZW5jb2RlX3RhZyI6Inhwdl9wcm9ncmVzc2l2ZS5JTlNUQUdSQU0uQ0xJUFMuQzMuMzU4LmRhc2hfYmFzZWxpbmVfM192MSIsInhwdl9hc3NldF9pZCI6MTc0NjQ3NTA0Mjc5NzAxMywiYXNzZXRfYWdlX2RheXMiOjYzNCwidmlfdXNlY2FzZV9pZCI6MTAwOTksImR1cmF0aW9uX3MiOjQwLCJ1cmxnZW5fc291cmNlIjoid3d3In0%3D&ccb=17-1&vs=87cf5b7f705ed078&_nc_vs=HBksFQIYUmlnX3hwdl9yZWVsc19wZXJtYW5lbnRfc3JfcHJvZC83NzQ5RDUxRkNFOTg3NzEyRTk5QUFBQjJDOUEwMDA5N192aWRlb19kYXNoaW5pdC5tcDQVAALIARIAFQIYRmlnX3hwdl9yZWVsc19wZXJtYW5lbnRfc3JfcHJvZC85NDA0Njk0MjQ4MTA4NTdfNTcwMDYwNTQ0MTE3NTk3NjY0OC5tcDQVAgLIARIAKAAYABsCiAd1c2Vfb2lsATEScHJvZ3Jlc3NpdmVfcmVjaXBlATEVAAAmqtfHiJ2amgYVAigCQzMsF0BEJmZmZmZmGBJkYXNoX2Jhc2VsaW5lXzNfdjERAHX-B2XmnQEA&_nc_gid=VRYKpTH16Yr5i-BRgrxB9g&edm=AM6HXa8EAAAA&_nc_zt=28&oh=00_AQIiyu-Vlj8gPGkM3pao8PTtw6sTIbd4XMHv2nQnqvW00w&oe=6A99EDC5,https://www.instagram.com/reel/DDPocuTJvU-/,DDPocuTJvU-,https://scontent-dfw6-1.cdninstagram.com/v/t51.71878-15/503932961_1880300322747817_1237288030729497455_n.jpg?stp=dst-jpg_e35_tt6&_nc_cat=102&ccb=7-5&_nc_sid=18de74&efg=eyJlZmdfdGFnIjoiQ0xJUFMuYmVzdF9pbWFnZV91cmxnZW4uQzMifQ%3D%3D&_nc_ohc=XmgrUUT0HMAQ7kNvwEzsTqi&_nc_oc=Adr5anCNlLdpFX6BFxjsg8CU_NySw0i8auts3sv7RtNF7gkSeBJc49cpszybQwm2Kks&_nc_zt=23&_nc_ht=scontent-dfw6-1.cdninstagram.com&edm=AM6HXa8EAAAA&_nc_gid=VRYKpTH16Yr5i-BRgrxB9g&_nc_tpa=Q5bMBQI5MPhGbgTWccblLCi5ZFq6U88qB-d_gReWo3XPOfpyK0bGep8eVCEkbuWpan_E-r5NJchltp3q&oh=00_AQJ4Ks66PgxkcDJO5oU7ziMOlwt8UdOIh6ww2uY03YHj-w&oe=6A9DF86D,06 Dec 2024 04:52:03,qpaypro,REELS
17841443997027489,17901425706087589,"?✨ La pandemia aceleró la evolución de muchos negocios hacia lo digital. ¡Descubre cómo adaptar tu tienda a la tecnología en Emprendiendo con Ganas! 

¡No te lo pierdas! Link en nuestro perfil ?️

#emprendiendoconganas #historiasdeexito #motivacion#emprendedora #emprendedoresexitosos#podcastdeemprendimiento #inspirateyemprende #podcast#guatemala502",Yes,0,2,VIDEO,https://scontent-dfw6-1.cdninstagram.com/o1/v/t2/f2/m86/AQP9TCg_0t-LuW4FzkO-N4uRo-ZPQrWZwfNnPg4heaB5AxeEIG5_e8vn9wnW-ZdvIrbWaKeZCiVYk9hbhmG43k4w75BnpPo81CPmIkI.mp4?_nc_cat=103&_nc_sid=5e9851&_nc_ht=scontent-dfw6-1.cdninstagram.com&_nc_ohc=oSuNUT82kg4Q7kNvwFefCuO&efg=eyJ2ZW5jb2RlX3RhZyI6Inhwdl9wcm9ncmVzc2l2ZS5JTlNUQUdSQU0uQ0xJUFMuQzMuMzU4LmRhc2hfYmFzZWxpbmVfM192MSIsInhwdl9hc3NldF9pZCI6ODM0MTYzMTI3NTk0MTM2MSwiYXNzZXRfYWdlX2RheXMiOjYzNSwidmlfdXNlY2FzZV9pZCI6MTAwOTksImR1cmF0aW9uX3MiOjUwLCJ1cmxnZW5fc291cmNlIjoid3d3In0%3D&ccb=17-1&vs=3f5fc62722265bbd&_nc_vs=HBksFQIYUmlnX3hwdl9yZWVsc19wZXJtYW5lbnRfc3JfcHJvZC9EOTQ5QzRCODdCMzRGN0JBMTFFNEZBRUY0RkNGMkRCN192aWRlb19kYXNoaW5pdC5tcDQVAALIARIAFQIYR2lnX3hwdl9yZWVsc19wZXJtYW5lbnRfc3JfcHJvZC8zOTY0NjU3MjM3MTg4Mjc4Xzc2MjIwODE3MzM4Mzc5MzU5NTgubXA0FQICyAESACgAGAAbAogHdXNlX29pbAExEnByb2dyZXNzaXZlX3JlY2lwZQExFQAAJuL35ZDsqtEdFQIoAkMzLBdASTMzMzMzMxgSZGFzaF9iYXNlbGluZV8zX3YxEQB1_gdl5p0BAA&_nc_gid=VRYKpTH16Yr5i-BRgrxB9g&edm=AM6HXa8EAAAA&_nc_zt=28&oh=00_AQLcv6DpEATcci6UiOu-GW-4EoqTWjOGHuxU3Mno8R0HFA&oe=6A99FDC0,https://www.instagram.com/reel/DDNilu6udl9/,DDNilu6udl9,https://scontent-dfw6-1.cdninstagram.com/v/t51.71878-15/497633456_9314946065276539_2558968524144643160_n.jpg?stp=dst-jpg_e35_tt6&_nc_cat=101&ccb=7-5&_nc_sid=18de74&efg=eyJlZmdfdGFnIjoiQ0xJUFMuYmVzdF9pbWFnZV91cmxnZW4uQzMifQ%3D%3D&_nc_ohc=xNSoUoQqHeQQ7kNvwFvcAXZ&_nc_oc=AdrSK4_398jkIHqB6S0ER0Zfz8bhgw19HicYnu_eIJl9Dkkd_anNzNte2Jbi39p7Aw0&_nc_zt=23&_nc_ht=scontent-dfw6-1.cdninstagram.com&edm=AM6HXa8EAAAA&_nc_gid=VRYKpTH16Yr5i-BRgrxB9g&_nc_tpa=Q5bMBQJ7ZEtjWCYXCdqh6ExJaiexRsgutDvOvk_WnBzKckCis_I1j1Q8SrSJWXrd4BdRCqJhrLGh7GDa&oh=00_AQLs0Vp6NJgIZcLZPWRSTyFfd_3BH_G-9uxF_L80NNG9yw&oe=6A9DE91D,05 Dec 2024 09:23:03,qpaypro,REELS
17841443997027489,18063477544818282,"? ""Los obstáculos no detienen a los emprendedores, los fortalecen"" Kalhena comparte cómo superó uno de los retos más difíciles ?? No te pierdas del episodio completo en todas nuestras plataformas 

Link en nuestro perfil ?️

#emprendiendoconganas #historiasdeexito #motivacion #emprendedora #emprendedoresexitosos #podcastdeemprendimiento #inspirateyemprende #podcast #guatemala502",Yes,0,5,VIDEO,https://scontent-dfw5-2.cdninstagram.com/o1/v/t2/f2/m86/AQNi9XoRnuY5OfroZv8i6sVllz8wTYjJIZSSHnCsYFjZXl5JKYfgXwMDI6_JXX7rr9lwdbOF_5GG4fYsm0NSVofjGRnFTA_BbEBfWr4.mp4?_nc_cat=100&_nc_sid=5e9851&_nc_ht=scontent-dfw5-2.cdninstagram.com&_nc_ohc=ZN4XQ1wmmVMQ7kNvwHnRw5R&efg=eyJ2ZW5jb2RlX3RhZyI6Inhwdl9wcm9ncmVzc2l2ZS5JTlNUQUdSQU0uQ0xJUFMuQzMuMzU4LmRhc2hfYmFzZWxpbmVfM192MSIsInhwdl9hc3NldF9pZCI6OTM3MTU0NzM0OTkwMzAwLCJhc3NldF9hZ2VfZGF5cyI6NjM1LCJ2aV91c2VjYXNlX2lkIjoxMDA5OSwiZHVyYXRpb25fcyI6NDAsInVybGdlbl9zb3VyY2UiOiJ3d3cifQ%3D%3D&ccb=17-1&vs=7ef21f18bd5dde22&_nc_vs=HBksFQIYUmlnX3hwdl9yZWVsc19wZXJtYW5lbnRfc3JfcHJvZC8wRjQ4MEU0NjYyMjg0RjcxRjIwNzk4RDI0ODRBODY4Rl92aWRlb19kYXNoaW5pdC5tcDQVAALIARIAFQIYR2lnX3hwdl9yZWVsc19wZXJtYW5lbnRfc3JfcHJvZC8xNjQyNTg5ODYzMjc2OTIwXzUyOTY0ODAzMDgwMTM5NzY3MzYubXA0FQICyAESACgAGAAbAogHdXNlX29pbAExEnByb2dyZXNzaXZlX3JlY2lwZQExFQAAJriPofHKlaoDFQIoAkMzLBdARGqfvnbItBgSZGFzaF9iYXNlbGluZV8zX3YxEQB1_gdl5p0BAA&_nc_gid=VRYKpTH16Yr5i-BRgrxB9g&edm=AM6HXa8EAAAA&_nc_zt=28&oh=00_AQI_Nru2MGynKyhfU4sGaSRuzESR6WV4gu4RDcgBovUdJQ&oe=6A99FECD,https://www.instagram.com/reel/DDNXtBDKAhr/,DDNXtBDKAhr,https://scontent-dfw6-1.cdninstagram.com/v/t51.71878-15/503753932_1061182852587487_4091624282854532536_n.jpg?stp=dst-jpg_e35_tt6&_nc_cat=102&ccb=7-5&_nc_sid=18de74&efg=eyJlZmdfdGFnIjoiQ0xJUFMuYmVzdF9pbWFnZV91cmxnZW4uQzMifQ%3D%3D&_nc_ohc=trShxdfzFDAQ7kNvwFUeMRS&_nc_oc=AdrfX4dopZXcc_VUJtkrZgIlCME5DFh-bbmL0_nZDORdEH8vN3mjBlC0rmj1NEeNX-s&_nc_zt=23&_nc_ht=scontent-dfw6-1.cdninstagram.com&edm=AM6HXa8EAAAA&_nc_gid=VRYKpTH16Yr5i-BRgrxB9g&_nc_tpa=Q5bMBQIH9r8dPsTf6inwR9BxmcWejz8Cg5lc2h9SUzpb2Pg-5BQBjsRMGjvYFBpSaN3b8jUEjKXW-eTZ&oh=00_AQJKWRURKSsOmGLMjRTmpWfFF7psUHlmILgsUmdHT9KjVg&oe=6A9DCCCE,05 Dec 2024 07:48:04,qpaypro,REELS
17841443997027489,18079763392573422,"?? Conoce cada parte del negocio y domina tus tiempos. Saber qué exigir empieza por entender cada detalle. Escúchalo en Emprendiendo con Ganas

¡No te lo pierdas! Link en nuestro perfil ?️

#emprendiendoconganas #historiasdeexito #motivacion#emprendedora #emprendedoresexitosos#podcastdeemprendimiento #inspirateyemprende #podcast#guatemala502",Yes,0,4,VIDEO,https://scontent-dfw5-2.cdninstagram.com/o1/v/t2/f2/m86/AQNjhi0Fmr2EAXQq-2R-Zc2gjG7ok8ICBZzO8GrAZa8KiMYLN9X3CzmAVAdnqGmZVRel-dBV2DpFfSV2ehokJ6VAyOB9LC4o9Ofnfro.mp4?_nc_cat=107&_nc_sid=5e9851&_nc_ht=scontent-dfw5-2.cdninstagram.com&_nc_ohc=nn3F4e1ExFYQ7kNvwGALmrp&efg=eyJ2ZW5jb2RlX3RhZyI6Inhwdl9wcm9ncmVzc2l2ZS5JTlNUQUdSQU0uQ0xJUFMuQzMuMzU4LmRhc2hfYmFzZWxpbmVfM192MSIsInhwdl9hc3NldF9pZCI6MTIyNDA2ODcyNTU1NzY3NiwiYXNzZXRfYWdlX2RheXMiOjYzNiwidmlfdXNlY2FzZV9pZCI6MTAwOTksImR1cmF0aW9uX3MiOjc0LCJ1cmxnZW5fc291cmNlIjoid3d3In0%3D&ccb=17-1&vs=91e244c095cec45c&_nc_vs=HBksFQIYUmlnX3hwdl9yZWVsc19wZXJtYW5lbnRfc3JfcHJvZC8xQzQ3QTJCOTcwMzMxMzQzQ0Y4NjVFMTBBOEQ3Q0FBQV92aWRlb19kYXNoaW5pdC5tcDQVAALIARIAFQIYRmlnX3hwdl9yZWVsc19wZXJtYW5lbnRfc3JfcHJvZC85NzgwOTQ3MjQxMzI1MjlfMjM1NjcxNTAyNzI1MTQ4MzAwOS5tcDQVAgLIARIAKAAYABsCiAd1c2Vfb2lsATEScHJvZ3Jlc3NpdmVfcmVjaXBlATEVAAAm2KaK2ZbSrAQVAigCQzMsF0BSoAAAAAAAGBJkYXNoX2Jhc2VsaW5lXzNfdjERAHX-B2XmnQEA&_nc_gid=VRYKpTH16Yr5i-BRgrxB9g&edm=AM6HXa8EAAAA&_nc_zt=28&oh=00_AQL4igbCINhjjDGlRTbNR9ZyIVZ8X83AaWdMvMhXqJZpCQ&oe=6A99D594,https://www.instagram.com/reel/DDKr7DHsKYS/,DDKr7DHsKYS,https://scontent-dfw6-1.cdninstagram.com/v/t51.71878-15/502962005_1347998583164689_7230558113672094967_n.jpg?stp=dst-jpg_e35_tt6&_nc_cat=102&ccb=7-5&_nc_sid=18de74&efg=eyJlZmdfdGFnIjoiQ0xJUFMuYmVzdF9pbWFnZV91cmxnZW4uQzMifQ%3D%3D&_nc_ohc=LBKOQviD-hIQ7kNvwGbMMOx&_nc_oc=AdqEEz1PXTU7xlA7YhfK2NmCY7g0lw4Ml-Hr5zjZRUPHZFJrl7nEq4Xk-UEweCtwwAU&_nc_zt=23&_nc_ht=scontent-dfw6-1.cdninstagram.com&edm=AM6HXa8EAAAA&_nc_gid=VRYKpTH16Yr5i-BRgrxB9g&_nc_tpa=Q5bMBQJLFS9tBaUWo5b4LpU-esUvpo56wN7H0WHv69svr4t79VDhKgl4aySw3KcY3trmdVgMux5R4COU&oh=00_AQJ3AlchuM4WNIE4YShm_j4hvfACdrxosCjn3xvq-uUNtQ&oe=6A9DF84E,04 Dec 2024 06:47:03,qpaypro,REELS
17841443997027489,18348106156121227,"? ¡Hoy estrenamos el episodio 12 de Emprendiendo con Ganas! ? Diego Moss, fundador de Agropecuaria El Rejo, comparte cómo transformó un negocio tradicional en un éxito digital ? ¡No te lo pierdas! 

Link del Podcast en nuestro perfil ?

#emprendiendoconganas #historiasdeexito #motivacion #emprendedora #emprendedoresexitosos #podcastdeemprendimiento #inspirateyemprende #podcast #guatemala502",Yes,0,3,VIDEO,https://scontent-dfw5-1.cdninstagram.com/o1/v/t2/f2/m86/AQOix9vQmYVdv7KQX9EA3c2lobcJFWJEXOVmozGTI6KsSH5K0hxjRj1jDys68-1FM56KEkniA1Lq_r2-2dVQvR-s86gOh899j1WMCX4.mp4?_nc_cat=111&_nc_sid=5e9851&_nc_ht=scontent-dfw5-1.cdninstagram.com&_nc_ohc=7d_9YTgbg1oQ7kNvwHKfiGk&efg=eyJ2ZW5jb2RlX3RhZyI6Inhwdl9wcm9ncmVzc2l2ZS5JTlNUQUdSQU0uQ0xJUFMuQzMuMzU4LmRhc2hfYmFzZWxpbmVfM192MSIsInhwdl9hc3NldF9pZCI6MTE3MDM5NDg4MTM5NzU2NywiYXNzZXRfYWdlX2RheXMiOjYzNiwidmlfdXNlY2FzZV9pZCI6MTAwOTksImR1cmF0aW9uX3MiOjMyLCJ1cmxnZW5fc291cmNlIjoid3d3In0%3D&ccb=17-1&vs=7bc8084217fca347&_nc_vs=HBksFQIYUmlnX3hwdl9yZWVsc19wZXJtYW5lbnRfc3JfcHJvZC9DNjQ0RkVDNjg2RTNBRDE0RTJDM0QxNjlEOEJERkU4NF92aWRlb19kYXNoaW5pdC5tcDQVAALIARIAFQIYRmlnX3hwdl9yZWVsc19wZXJtYW5lbnRfc3JfcHJvZC82MDczMzA1MjUxOTk1NzhfNDkxNTg4ODkzNjA1NDAzNjI1MS5tcDQVAgLIARIAKAAYABsCiAd1c2Vfb2lsATEScHJvZ3Jlc3NpdmVfcmVjaXBlATEVAAAm_sy4svmdlAQVAigCQzMsF0BAEQYk3S8bGBJkYXNoX2Jhc2VsaW5lXzNfdjERAHX-B2XmnQEA&_nc_gid=VRYKpTH16Yr5i-BRgrxB9g&edm=AM6HXa8EAAAA&_nc_zt=28&oh=00_AQJj0dyT2jm4f4qM94GCleNtYcWAfY6etivEDT3c8LRJHg&oe=6A99EEAC,https://www.instagram.com/reel/DDKZ8KIi92f/,DDKZ8KIi92f,https://scontent-dfw5-2.cdninstagram.com/v/t51.71878-15/502712570_1297658235337897_6001352761509232055_n.jpg?stp=dst-jpg_e35_tt6&_nc_cat=107&ccb=7-5&_nc_sid=18de74&efg=eyJlZmdfdGFnIjoiQ0xJUFMuYmVzdF9pbWFnZV91cmxnZW4uQzMifQ%3D%3D&_nc_ohc=mkBUHHHug7sQ7kNvwGNLuh2&_nc_oc=Ado1j3QGFxawr49zXrNjgc6EUnw3HwrV02Y9B4JeWBW_VJU4DUo0ZRCmQqNrLjII73Q&_nc_zt=23&_nc_ht=scontent-dfw5-2.cdninstagram.com&edm=AM6HXa8EAAAA&_nc_gid=VRYKpTH16Yr5i-BRgrxB9g&_nc_tpa=Q5bMBQJElj2QdZdYbs9KNsWCItPLSpL-MtFQ-34QsrK78DtCAzfwBQkF5AyUfwEp3MFnZebke3XHWHpf&oh=00_AQKTB6AEK_z4Yn-mgBIHHNUJd0pllRuJT-Q5z7OcHw_87w&oe=6A9DFD3E,04 Dec 2024 04:09:55,qpaypro,REELS
17841443997027489,17913339462024679,"?? ¡Sube el nivel de tu tienda Shopify! Acepta tarjetas de crédito y débito con la pasarela de pago de Qpaypro. ?? ¡Seguridad y confianza para tus clientes, más ventas para ti! 

#integraciones #pagosonline #pasareladepago #tarjetadecredito #tarjetadedebito#shopifyespanol
#tiendaenlinea #ecommerce #emprendedoresonline #ventasdigitales #solucionesdepago #negociosonline #pagosenlinea #emprendimientoexitoso #ventasporinternet #pagoseguro #marketingdigital #creatutienda #emprendeguate #negociodigital #integracionesshopify #pagosencripto #tiendaonlinefacil #crecimientodigital #herramientasparanegocios #shopify",Yes,0,2,VIDEO,https://scontent-dfw6-1.cdninstagram.com/o1/v/t2/f2/m86/AQMHlnt4mvhAQOdqj40x_lIAzK1Yl-Xp1nbdErHhSzZO_yKiJJbXabWNVR9_4FH6uJUzeq0l8SI4KP1g4YufnhoEQTnSkuezhCVUcjk.mp4?_nc_cat=102&_nc_sid=5e9851&_nc_ht=scontent-dfw6-1.cdninstagram.com&_nc_ohc=hAeiPVCCGNIQ7kNvwGeMA7Y&efg=eyJ2ZW5jb2RlX3RhZyI6Inhwdl9wcm9ncmVzc2l2ZS5JTlNUQUdSQU0uQ0xJUFMuQzMuMzU4LmRhc2hfYmFzZWxpbmVfM192MSIsInhwdl9hc3NldF9pZCI6NDM2NTIzOTQ5NDk5MjQ2LCJhc3NldF9hZ2VfZGF5cyI6NjM3LCJ2aV91c2VjYXNlX2lkIjoxMDA5OSwiZHVyYXRpb25fcyI6MjcsInVybGdlbl9zb3VyY2UiOiJ3d3cifQ%3D%3D&ccb=17-1&vs=4a96cc1fc561e297&_nc_vs=HBksFQIYUmlnX3hwdl9yZWVsc19wZXJtYW5lbnRfc3JfcHJvZC9GRjQ1MzY3MEFEMzEwRDgyMjcyNkVBRjc1NTg1MUZCN192aWRlb19kYXNoaW5pdC5tcDQVAALIARIAFQIYRmlnX3hwdl9yZWVsc19wZXJtYW5lbnRfc3JfcHJvZC81NDUxOTIyODE2ODg5OThfODk3MjU1MDY5NDk4NDMwNTI0Ny5tcDQVAgLIARIAKAAYABsCiAd1c2Vfb2lsATEScHJvZ3Jlc3NpdmVfcmVjaXBlATEVAAAm3I2R74TBxgEVAigCQzMsF0A7u6XjU_fPGBJkYXNoX2Jhc2VsaW5lXzNfdjERAHX-B2XmnQEA&_nc_gid=VRYKpTH16Yr5i-BRgrxB9g&edm=AM6HXa8EAAAA&_nc_zt=28&oh=00_AQIcYX1iAo3G0z6E0se-rrpHts6o9HQhcvvxPdh8N3hZ0A&oe=6A99EC63,https://www.instagram.com/reel/DDIDtWMMXHe/,DDIDtWMMXHe,https://scontent-dfw5-2.cdninstagram.com/v/t51.71878-15/499183747_557088240776149_2290072345902978624_n.jpg?stp=dst-jpg_e35_tt6&_nc_cat=100&ccb=7-5&_nc_sid=18de74&efg=eyJlZmdfdGFnIjoiQ0xJUFMuYmVzdF9pbWFnZV91cmxnZW4uQzMifQ%3D%3D&_nc_ohc=GLZYPZzhhIIQ7kNvwFrovO6&_nc_oc=AdpAgmlap1w9j9TboXWuGK8df-iyc8MaIGt-EmZbjduQwOEAxl9pM53XTqHBK9Cn11o&_nc_zt=23&_nc_ht=scontent-dfw5-2.cdninstagram.com&edm=AM6HXa8EAAAA&_nc_gid=VRYKpTH16Yr5i-BRgrxB9g&_nc_tpa=Q5bMBQLT9riZAYBWPzWwsVva-sYMMHq7NINSnzeME14YE6vS0j1F-xqt5R5rKqGqsm-pKoFCRGG2Xt_p&oh=00_AQKfUTpD6Wl9Ut5B6QN7ZkMhErrq0D7CAoL7WCKNVWBr6g&oe=6A9DFB56,03 Dec 2024 06:17:05,qpaypro,REELS
17841443997027489,18055920880918154,"? ¡Deja de publicar solo por publicar! Crear contenido valioso no solo posiciona tu marca como líder en tu industria, sino que también fideliza a tus seguidores. En este episodio, te contamos cómo hacerlo efectivamente 

Link en nuestro perfil, no te lo pierdas ??

#emprendiendoconganas #historiasdeexito #motivacion #emprendedora #emprendedoresexitosos #podcastdeemprendimiento #inspirateyemprende #podcast #guatemala502",Yes,0,4,VIDEO,https://scontent-dfw5-1.cdninstagram.com/o1/v/t2/f2/m86/AQMY-4X2WPeTvt8aM51bmbeUTGSaj5LsgBI8HHIZ3pZupXeUZWv3bhBpz870FmnMtfZg1Jyf4DwcOtH51z_j04szQa-T5pqeCOQMDRc.mp4?_nc_cat=105&_nc_sid=5e9851&_nc_ht=scontent-dfw5-1.cdninstagram.com&_nc_ohc=1Pv9GuaNdRwQ7kNvwHjA4tC&efg=eyJ2ZW5jb2RlX3RhZyI6Inhwdl9wcm9ncmVzc2l2ZS5JTlNUQUdSQU0uQ0xJUFMuQzMuMzU4LmRhc2hfYmFzZWxpbmVfM192MSIsInhwdl9hc3NldF9pZCI6MTI5NjEzMjM5MTU2MzA0OSwiYXNzZXRfYWdlX2RheXMiOjYzOCwidmlfdXNlY2FzZV9pZCI6MTAwOTksImR1cmF0aW9uX3MiOjI1LCJ1cmxnZW5fc291cmNlIjoid3d3In0%3D&ccb=17-1&vs=c53bb511984dd61e&_nc_vs=HBksFQIYUmlnX3hwdl9yZWVsc19wZXJtYW5lbnRfc3JfcHJvZC9GMjQ5NkQ2Qjk4RTkzOTVDMTA1Qzk0RkJBMkZCNjU5MF92aWRlb19kYXNoaW5pdC5tcDQVAALIARIAFQIYRmlnX3hwdl9yZWVsc19wZXJtYW5lbnRfc3JfcHJvZC80NzU1MjY0NzUwNzU2MzdfNzA1NDY5NTI5NzMwMDEwOTM3MS5tcDQVAgLIARIAKAAYABsCiAd1c2Vfb2lsATEScHJvZ3Jlc3NpdmVfcmVjaXBlATEVAAAm0ry_7Oq0zQQVAigCQzMsF0A5u6XjU_fPGBJkYXNoX2Jhc2VsaW5lXzNfdjERAHX-B2XmnQEA&_nc_gid=VRYKpTH16Yr5i-BRgrxB9g&edm=AM6HXa8EAAAA&_nc_zt=28&oh=00_AQLLxm9Yk9wEN6mtWip4SGXkI24flMkHkIfjv3Wvni3Hqg&oe=6A99E0CA,https://www.instagram.com/reel/DDFpPmsNWOC/,DDFpPmsNWOC,https://scontent-dfw6-1.cdninstagram.com/v/t51.71878-15/503883031_1425778915265062_4703981215384390936_n.jpg?stp=dst-jpg_e35_tt6&_nc_cat=102&ccb=7-5&_nc_sid=18de74&efg=eyJlZmdfdGFnIjoiQ0xJUFMuYmVzdF9pbWFnZV91cmxnZW4uQzMifQ%3D%3D&_nc_ohc=BZCc9Pdp4CwQ7kNvwGiOZwR&_nc_oc=Adr-xzjfbPV_CdwO8NJIFvgNPw7ggb6WYYgSLV0nH6W79XBbK3t8tvesc60itZq5cmQ&_nc_zt=23&_nc_ht=scontent-dfw6-1.cdninstagram.com&edm=AM6HXa8EAAAA&_nc_gid=VRYKpTH16Yr5i-BRgrxB9g&_nc_tpa=Q5bMBQJZ3Z7MaiQ-WMLeGA-XDOBpa2Ppi69snPoteau_IQzMnFgpaVnHXq5PjumqcNuSbGg9gyiqGSi_&oh=00_AQLHvb0d2LiyRn0XioT_gdcESRcgu4XJrMZfp0eIE-dXNQ&oe=6A9DFE23,02 Dec 2024 07:47:03,qpaypro,REELS
17841443997027489,17888090061146198,"? ¿Cómo transformar un negocio tradicional en un gigante del eCommerce? ? En el episodio 12 de Emprendiendo con Ganas, Diego Moss, fundador de Agropecuaria El Rejo, comparte su inspiradora historia. ? ¡No te lo pierdas en todas las plataformas es miércoles! 

Link del Podcast en nuestro perfil ?

#emprendiendoconganas #historiasdeexito #motivacion #emprendedora #emprendedoresexitosos #podcastdeemprendimiento #inspirateyemprende #podcast #guatemala502",Yes,0,2,VIDEO,https://scontent-dfw5-1.cdninstagram.com/o1/v/t2/f2/m86/AQNPmULMAX-dXOY16gP4puW4xjZUJ6hwJnCwBAWSF-63C5b3ILr18jj_XeXbfEy_okHU1ZGu2OTqu8V72XAKfcMBdXxMP1KNExK3Rv4.mp4?_nc_cat=106&_nc_sid=5e9851&_nc_ht=scontent-dfw5-1.cdninstagram.com&_nc_ohc=W656wnAFEBIQ7kNvwGVGFW2&efg=eyJ2ZW5jb2RlX3RhZyI6Inhwdl9wcm9ncmVzc2l2ZS5JTlNUQUdSQU0uQ0xJUFMuQzMuMzU4LmRhc2hfYmFzZWxpbmVfM192MSIsInhwdl9hc3NldF9pZCI6MTEyOTQzNzE2MTg2NTA4MCwiYXNzZXRfYWdlX2RheXMiOjYzOCwidmlfdXNlY2FzZV9pZCI6MTAwOTksImR1cmF0aW9uX3MiOjQ3LCJ1cmxnZW5fc291cmNlIjoid3d3In0%3D&ccb=17-1&vs=183b7c8bb75fa4ee&_nc_vs=HBksFQIYUmlnX3hwdl9yZWVsc19wZXJtYW5lbnRfc3JfcHJvZC9FQjQ5NUQ3NUM4NEFEREEyNTc3NDIxRDY3M0E1QkQ5QV92aWRlb19kYXNoaW5pdC5tcDQVAALIARIAFQIYR2lnX3hwdl9yZWVsc19wZXJtYW5lbnRfc3JfcHJvZC8xMTAzNDAxNjkxNDQxNTExXzY2NDYwMDcwNjAxMTQyNzU1NzkubXA0FQICyAESACgAGAAbAogHdXNlX29pbAExEnByb2dyZXNzaXZlX3JlY2lwZQExFQAAJvD9oc3yzYEEFQIoAkMzLBdAR-7ZFocrAhgSZGFzaF9iYXNlbGluZV8zX3YxEQB1_gdl5p0BAA&_nc_gid=VRYKpTH16Yr5i-BRgrxB9g&edm=AM6HXa8EAAAA&_nc_zt=28&oh=00_AQII-mH-gJRjCw42HPOlFmkYzjMNHqAe0xNVcb9zcsxv5A&oe=6A9A0903,https://www.instagram.com/reel/DDFQB8aKjFy/,DDFQB8aKjFy,https://scontent-dfw6-2.cdninstagram.com/v/t51.71878-15/498118084_1248893996586062_3751858909402340978_n.jpg?stp=dst-jpg_e35_tt6&_nc_cat=109&ccb=7-5&_nc_sid=18de74&efg=eyJlZmdfdGFnIjoiQ0xJUFMuYmVzdF9pbWFnZV91cmxnZW4uQzMifQ%3D%3D&_nc_ohc=NSUC_HrQ3IEQ7kNvwFHRWEC&_nc_oc=Adr1BciJSBYQ6h8eNCrHj5XGqb3oj9qAIuUBLCpYcFNWMe2_82NIbBDEOFxSPQgMnuo&_nc_zt=23&_nc_ht=scontent-dfw6-2.cdninstagram.com&edm=AM6HXa8EAAAA&_nc_gid=VRYKpTH16Yr5i-BRgrxB9g&_nc_tpa=Q5bMBQLuSeTJ4Qfia0a6JxEMGtHua_WPPp5xw5kBq2tpY1SzjljEL6u5grhAVEuQ0jPS1XHFoA1Mqg4Y&oh=00_AQJTFBEKcdcAKCykU6N7FuA3LI0a90Dckmy9zxbW30JtWA&oe=6A9DE1A5,02 Dec 2024 04:07:05,qpaypro,REELS
17841443997027489,18480250102009786,"En este episodio de Emprendiendo con Ganas, aprende por qué lo que a ti te encanta, puede no ser lo que tu cliente necesita. ¡Conoce cómo encontrar el equilibrio! ? 

¡No te lo pierdas! Link en nuestro perfil ?️

#emprendiendoconganas #historiasdeexito #motivacion #emprendedora #emprendedoresexitosos #podcastdeemprendimiento #inspirateyemprende #podcast #guatemala502",Yes,0,2,VIDEO,https://scontent-dfw6-1.cdninstagram.com/o1/v/t2/f2/m86/AQNRuMQ6B5-4vUHYKy0U9JpOYjejbz-uPNI3QhwbVLpCSc0UiO2kyzBmKLM4jFOC-wUJ7zMs4Y5vc-x7NsbKeCPR96HYesmWhoHgGak.mp4?_nc_cat=103&_nc_sid=5e9851&_nc_ht=scontent-dfw6-1.cdninstagram.com&_nc_ohc=O5i-3HvsaysQ7kNvwFdajM0&efg=eyJ2ZW5jb2RlX3RhZyI6Inhwdl9wcm9ncmVzc2l2ZS5JTlNUQUdSQU0uQ0xJUFMuQzMuMzU4LmRhc2hfYmFzZWxpbmVfM192MSIsInhwdl9hc3NldF9pZCI6ODc0MTgyMzA0MjU4MDUzMywiYXNzZXRfYWdlX2RheXMiOjY0MSwidmlfdXNlY2FzZV9pZCI6MTAwOTksImR1cmF0aW9uX3MiOjczLCJ1cmxnZW5fc291cmNlIjoid3d3In0%3D&ccb=17-1&vs=d5cfcb0a740aa031&_nc_vs=HBksFQIYUmlnX3hwdl9yZWVsc19wZXJtYW5lbnRfc3JfcHJvZC9FNTQ5NTdEODI5MTYzQjc5RUIxNzQ0ODQ2MkIxMEI5Ml92aWRlb19kYXNoaW5pdC5tcDQVAALIARIAFQIYRmlnX3hwdl9yZWVsc19wZXJtYW5lbnRfc3JfcHJvZC84OTI4NTA5MTI5ODMwODdfNDEyNDUzMjczOTMwMjY0OTM1My5tcDQVAgLIARIAKAAYABsCiAd1c2Vfb2lsATEScHJvZ3Jlc3NpdmVfcmVjaXBlATEVAAAm6sCjkomphx8VAigCQzMsF0BSSIMSbpeNGBJkYXNoX2Jhc2VsaW5lXzNfdjERAHX-B2XmnQEA&_nc_gid=VRYKpTH16Yr5i-BRgrxB9g&edm=AM6HXa8EAAAA&_nc_zt=28&oh=00_AQJc1rXheSsfKPfIlwHTuMmOyRHdQeu7MG4j2h-U1hxLaw&oe=6A9A002C,https://www.instagram.com/reel/DC90Hw5N2rW/,DC90Hw5N2rW,https://scontent-dfw6-1.cdninstagram.com/v/t51.71878-15/503995504_9916547191774773_6227803050962933929_n.jpg?stp=dst-jpg_e35_tt6&_nc_cat=102&ccb=7-5&_nc_sid=18de74&efg=eyJlZmdfdGFnIjoiQ0xJUFMuYmVzdF9pbWFnZV91cmxnZW4uQzMifQ%3D%3D&_nc_ohc=Ab74zar2PekQ7kNvwGvVKr7&_nc_oc=AdojUnxWWiBd824E0CJ4jXtuNYR1ExqUovQy743E6UF-4rDo_2IdPBbVeKE6gfnRr0k&_nc_zt=23&_nc_ht=scontent-dfw6-1.cdninstagram.com&edm=AM6HXa8EAAAA&_nc_gid=VRYKpTH16Yr5i-BRgrxB9g&_nc_tpa=Q5bMBQIvrrXOlcxVI2BnxkaZQs6IL9RbMc-_cN7W3hLSgefzwcbtdD_s7XHtq7o-7iWU6-EP2iHtsrGf&oh=00_AQKKw4HxEZUTEIflvKt6F2pw61DPN7ULxjXSHn8CmxiLPg&oe=6A9DD510,29 Nov 2024 06:48:07,qpaypro,REELS
17841443997027489,18152202727337437,"? Emprender no es fácil, pero vale la pena. Si aún no has escuchado el episodio 11, corre a descubrir cómo enfrentar los retos de este camino. ¡Disponible ya! 

¡No te lo pierdas! Link en nuestro perfil ?️

#emprendiendoconganas #historiasdeexito #motivacion #emprendedora #emprendedoresexitosos #podcastdeemprendimiento #inspirateyemprende #podcast #guatemala502",Yes,1,1,VIDEO,https://scontent-dfw6-1.cdninstagram.com/o1/v/t2/f2/m86/AQPODgDw0JQUUCI6JrAVK5r7m90RrPqmAyfMTgw33jf8HbzsoiM6iHyKWCUSkakI4Os9oKBRXiB3QIrfg5zBRhwjdjjPnTIAMxB66lA.mp4?_nc_cat=102&_nc_sid=5e9851&_nc_ht=scontent-dfw6-1.cdninstagram.com&_nc_ohc=9ju6L6AXypIQ7kNvwFRVUsd&efg=eyJ2ZW5jb2RlX3RhZyI6Inhwdl9wcm9ncmVzc2l2ZS5JTlNUQUdSQU0uQ0xJUFMuQzMuMzU4LmRhc2hfYmFzZWxpbmVfM192MSIsInhwdl9hc3NldF9pZCI6NTYzODA3NTc2NTM0MjQzLCJhc3NldF9hZ2VfZGF5cyI6NjQxLCJ2aV91c2VjYXNlX2lkIjoxMDA5OSwiZHVyYXRpb25fcyI6NTUsInVybGdlbl9zb3VyY2UiOiJ3d3cifQ%3D%3D&ccb=17-1&vs=472cafd1c295c723&_nc_vs=HBksFQIYUmlnX3hwdl9yZWVsc19wZXJtYW5lbnRfc3JfcHJvZC84RjQ0MzUwMTVBNDE3NjNCNzMyNTM5MDEwMTRGRTlCRl92aWRlb19kYXNoaW5pdC5tcDQVAALIARIAFQIYRmlnX3hwdl9yZWVsc19wZXJtYW5lbnRfc3JfcHJvZC85NTU0ODQyNzY0MjA5NzRfMzQ3MTUyOTk0MjA1MzkwNjA3My5tcDQVAgLIARIAKAAYABsCiAd1c2Vfb2lsATEScHJvZ3Jlc3NpdmVfcmVjaXBlATEVAAAmxrOR5fWxgAIVAigCQzMsF0BLkQYk3S8bGBJkYXNoX2Jhc2VsaW5lXzNfdjERAHX-B2XmnQEA&_nc_gid=VRYKpTH16Yr5i-BRgrxB9g&edm=AM6HXa8EAAAA&_nc_zt=28&oh=00_AQKijdL4CWq22jWbW3kNEiJr4_Tddr5bwtrko3_K4GEO3A&oe=6A99D5AB,https://www.instagram.com/reel/DC9UBIhM7Hn/,DC9UBIhM7Hn,https://scontent-dfw6-2.cdninstagram.com/v/t51.71878-15/503807633_710010015247331_7383999254684810822_n.jpg?stp=dst-jpg_e35_tt6&_nc_cat=109&ccb=7-5&_nc_sid=18de74&efg=eyJlZmdfdGFnIjoiQ0xJUFMuYmVzdF9pbWFnZV91cmxnZW4uQzMifQ%3D%3D&_nc_ohc=QUnjSjxvAuAQ7kNvwHt09Hp&_nc_oc=AdoLDf7pXsQ7L7deMN4nKn6h_04V8uUR-CBKJDu748Bqzf6QA3SM_NhrTxQuhyuk5ho&_nc_zt=23&_nc_ht=scontent-dfw6-2.cdninstagram.com&edm=AM6HXa8EAAAA&_nc_gid=VRYKpTH16Yr5i-BRgrxB9g&_nc_tpa=Q5bMBQLIs3eMnaMDdJlUGdIHgOQpIWdkmDv1DP9nVSJQYJ4AoJMSqJya4FPZ6ZREq8luqPiGK-C1xJrY&oh=00_AQLzggtsANdVNP6uViCEkau7AcvjDnmzg-LCf8eNfZlSmQ&oe=6A9DE2E3,29 Nov 2024 02:08:02,qpaypro,REELS
17841443997027489,18008977934678075,"?? ¿Sabías que para crear un vivero se necesitan permisos legales? En este episodio de Emprendiendo con Ganas, exploramos con Vivero Yamavé el trabajo detrás de cada planta. ¡Dale play y descubre el mundo legal de los emprendedores verdes! ?? 

¡Escúchalo ahora! Link en nuestro perfil ?️

#emprendiendoconganas #historiasdeexito #motivacion #emprendedora #emprendedoresexitosos #podcastdeemprendimiento #inspirateyemprende #podcast #guatemala502",Yes,1,3,VIDEO,https://scontent-dfw6-2.cdninstagram.com/o1/v/t2/f2/m86/AQOWI54JLNP_t7EgI5rD9Sr39t1Uqq7vYAkf6zcfscdt7hydsJGpdEr7txG_PmR6QxulMkLT1Vz1ZSDrhE1htkHSDHkIL_JVw96OTvY.mp4?_nc_cat=108&_nc_sid=5e9851&_nc_ht=scontent-dfw6-2.cdninstagram.com&_nc_ohc=6GD9wzZFTk4Q7kNvwGw3viK&efg=eyJ2ZW5jb2RlX3RhZyI6Inhwdl9wcm9ncmVzc2l2ZS5JTlNUQUdSQU0uQ0xJUFMuQzMuMzU4LmRhc2hfYmFzZWxpbmVfM192MSIsInhwdl9hc3NldF9pZCI6OTcxNTgyOTA4MzU0Njg2LCJhc3NldF9hZ2VfZGF5cyI6NjQyLCJ2aV91c2VjYXNlX2lkIjoxMDA5OSwiZHVyYXRpb25fcyI6NDMsInVybGdlbl9zb3VyY2UiOiJ3d3cifQ%3D%3D&ccb=17-1&vs=ffc5ae54915f39dd&_nc_vs=HBksFQIYUmlnX3hwdl9yZWVsc19wZXJtYW5lbnRfc3JfcHJvZC9DNDQ2OUE2QjZDQzlFMTZGNzJENDBBMUQ5M0U2RTNBQ192aWRlb19kYXNoaW5pdC5tcDQVAALIARIAFQIYR2lnX3hwdl9yZWVsc19wZXJtYW5lbnRfc3JfcHJvZC8xMDUzNTMwNzk2NTE5MjUzXzU4NDU2OTkyMjcxNTExMTAxMzIubXA0FQICyAESACgAGAAbAogHdXNlX29pbAExEnByb2dyZXNzaXZlX3JlY2lwZQExFQAAJvzB-uHI6bkDFQIoAkMzLBdARZU_fO2RaBgSZGFzaF9iYXNlbGluZV8zX3YxEQB1_gdl5p0BAA&_nc_gid=VRYKpTH16Yr5i-BRgrxB9g&edm=AM6HXa8EAAAA&_nc_zt=28&oh=00_AQKe7TT3Oor4-TpLEQziJFmPPxufSy6wb3I1A3LYHs__8w&oe=6A99F6C5,https://www.instagram.com/reel/DC7WIhnJaCq/,DC7WIhnJaCq,https://scontent-dfw6-2.cdninstagram.com/v/t51.71878-15/503575564_1106892134823762_2724650069373369316_n.jpg?stp=dst-jpg_e35_tt6&_nc_cat=109&ccb=7-5&_nc_sid=18de74&efg=eyJlZmdfdGFnIjoiQ0xJUFMuYmVzdF9pbWFnZV91cmxnZW4uQzMifQ%3D%3D&_nc_ohc=R94Eu0MBD00Q7kNvwF50x0W&_nc_oc=AdqOVoxHK7UTVQDF0O0Rw_-i3iPSkqi6Y7f-9usBCq1_ZHNRK8x-ayppeISqAJ2rdI8&_nc_zt=23&_nc_ht=scontent-dfw6-2.cdninstagram.com&edm=AM6HXa8EAAAA&_nc_gid=VRYKpTH16Yr5i-BRgrxB9g&_nc_tpa=Q5bMBQL4ruCW_PgasyciAifOh15SY01tY1uZftZlsoSnDnTDo0YSpWk6mULLKNHPC4Xxhn69dg22WGLj&oh=00_AQJtE1fULkv58YFcfMOG4QgKVMl_wAtKAsHHub2DB1wCsw&oe=6A9DE855,28 Nov 2024 07:48:03,qpaypro,REELS
17841443997027489,18338739010147459,"?️ El episodio 11 ya está disponible. Descubre cómo Natalia Barlabe convirtió su pasión en un negocio exitoso con Pies de Ratoncito. ? ¡Escúchalo ahora en tu plataforma favorita! 

¡No te lo pierdas! Link en nuestro perfil ?️

#emprendiendoconganas #historiasdeexito #motivacion #emprendedora #emprendedoresexitosos #podcastdeemprendimiento #inspirateyemprende #podcast #guatemala502",Yes,0,3,VIDEO,https://scontent-dfw6-2.cdninstagram.com/o1/v/t2/f2/m86/AQMtY4SfIUFXOeINmRqRrhCQ5IEz2yTeMQGNxk1hePl4iB0c3a1rvo8ZXZ0W_q9mKQSQG-R4jHqtDFL0_c1Wy23Hjk5XYe7xW2Mo0K4.mp4?_nc_cat=110&_nc_sid=5e9851&_nc_ht=scontent-dfw6-2.cdninstagram.com&_nc_ohc=Lc7iYdRbBEkQ7kNvwF-d7hi&efg=eyJ2ZW5jb2RlX3RhZyI6Inhwdl9wcm9ncmVzc2l2ZS5JTlNUQUdSQU0uQ0xJUFMuQzMuMzU4LmRhc2hfYmFzZWxpbmVfM192MSIsInhwdl9hc3NldF9pZCI6NTQxNjkwMDU4NzcxMDk4LCJhc3NldF9hZ2VfZGF5cyI6NjQzLCJ2aV91c2VjYXNlX2lkIjoxMDA5OSwiZHVyYXRpb25fcyI6NTMsInVybGdlbl9zb3VyY2UiOiJ3d3cifQ%3D%3D&ccb=17-1&vs=3738c1ea24f39183&_nc_vs=HBksFQIYUmlnX3hwdl9yZWVsc19wZXJtYW5lbnRfc3JfcHJvZC9DRjQ3MUI2MEY0NkE0QzI5NEY4REUwRjkyNDU2MDNBN192aWRlb19kYXNoaW5pdC5tcDQVAALIARIAFQIYRWlnX3hwdl9yZWVsc19wZXJtYW5lbnRfc3JfcHJvZC81MjkzMDE1ODY1OTcxOTlfMjUwMDM4MjU2NDM1MjkwNDgzLm1wNBUCAsgBEgAoABgAGwKIB3VzZV9vaWwBMRJwcm9ncmVzc2l2ZV9yZWNpcGUBMRUAACa0qsC4war2ARUCKAJDMywXQErAAAAAAAAYEmRhc2hfYmFzZWxpbmVfM192MREAdf4HZeadAQA&_nc_gid=VRYKpTH16Yr5i-BRgrxB9g&edm=AM6HXa8EAAAA&_nc_zt=28&oh=00_AQJf3V_EQmSnt2QjJEzJ8uuAZi2c67HW_8damAaslGsccw&oe=6A99E8D7,https://www.instagram.com/reel/DC4XmUBv_WO/,DC4XmUBv_WO,https://scontent-dfw6-1.cdninstagram.com/v/t51.71878-15/501759216_676129158660520_1234824597579121821_n.jpg?stp=dst-jpg_e35_tt6&_nc_cat=101&ccb=7-5&_nc_sid=18de74&efg=eyJlZmdfdGFnIjoiQ0xJUFMuYmVzdF9pbWFnZV91cmxnZW4uQzMifQ%3D%3D&_nc_ohc=pecg536Oy0wQ7kNvwGXsoZ0&_nc_oc=Adr_9-NbyQnjpjvJ_WdZ-Q1YOsbu3EX0Pb6RNgCL_2s9ScFltNqe3t3vRtXc7TMGS9o&_nc_zt=23&_nc_ht=scontent-dfw6-1.cdninstagram.com&edm=AM6HXa8EAAAA&_nc_gid=VRYKpTH16Yr5i-BRgrxB9g&_nc_tpa=Q5bMBQI5dIK0e6t9Ybe2w8AnwwmB_7DzMFLJhsost0bZes_BLxHnj1eSZCqAj_GbpYwMZ_Ah-8a8XwGx&oh=00_AQJJm0OCsJlkVw3ounbAcI11J24zhDKCSLqS9DZvKRMCvg&oe=6A9DE52B,27 Nov 2024 04:03:09,qpaypro,REELS
17841443997027489,17921154248898817,"?? ¡Pagos fáciles, ventas seguras! Integra la plataforma de Qpaypro en tu tienda Shopify y comienza a aceptar tarjetas de crédito y débito sin complicaciones ?? ¡La experiencia de pago perfecta para tus clientes! 

#integraciones #pagosonline #pasareladepago #tarjetadecredito #tarjetadedebito#shopifyespanol #tiendaenlinea #ecommerce #emprendedoresonline #ventasdigitales #solucionesdepago
#negociosonline #pagosenlinea #emprendimientoexitoso #ventasporinternet #pagoseguro
#marketingdigital #creatutienda #emprendeguate #negociodigital #integracionesshopify
#pagosencripto #tiendaonlinefacil #crecimientodigital #herramientasparanegocios #shopify",Yes,0,3,VIDEO,https://scontent-dfw5-2.cdninstagram.com/o1/v/t2/f2/m86/AQPDJbEIsU8SSb9mBrItwTs6Hd4LlV6_gNpoudUUGJVYAPaRn1FnUhYTq2pu0HTuzkoKhcvkBYVYQRZjNWpqoDFP5nbloqu_Wekwz1w.mp4?_nc_cat=107&_nc_sid=5e9851&_nc_ht=scontent-dfw5-2.cdninstagram.com&_nc_ohc=k4ztz5Uu94YQ7kNvwGP6Mam&efg=eyJ2ZW5jb2RlX3RhZyI6Inhwdl9wcm9ncmVzc2l2ZS5JTlNUQUdSQU0uQ0xJUFMuQzMuMzU4LmRhc2hfYmFzZWxpbmVfM192MSIsInhwdl9hc3NldF9pZCI6MTExMTE5MzAyMDM0MjkxOCwiYXNzZXRfYWdlX2RheXMiOjY0NCwidmlfdXNlY2FzZV9pZCI6MTAwOTksImR1cmF0aW9uX3MiOjI5LCJ1cmxnZW5fc291cmNlIjoid3d3In0%3D&ccb=17-1&vs=c3168e07808f26dd&_nc_vs=HBksFQIYUmlnX3hwdl9yZWVsc19wZXJtYW5lbnRfc3JfcHJvZC83RjRFRTI1NTUwMTlBQTJGQjlGOUI2NTlDODVDNTBBRF92aWRlb19kYXNoaW5pdC5tcDQVAALIARIAFQIYRmlnX3hwdl9yZWVsc19wZXJtYW5lbnRfc3JfcHJvZC85NzQzMTExOTEyMDcwMDBfMzUyNzA3NDI0MjM2MjI2NTkzNi5tcDQVAgLIARIAKAAYABsCiAd1c2Vfb2lsATEScHJvZ3Jlc3NpdmVfcmVjaXBlATEVAAAmjIqJlPmn-QMVAigCQzMsF0A9gAAAAAAAGBJkYXNoX2Jhc2VsaW5lXzNfdjERAHX-B2XmnQEA&_nc_gid=VRYKpTH16Yr5i-BRgrxB9g&edm=AM6HXa8EAAAA&_nc_zt=28&oh=00_AQK0i2yDRD2U8JXn5JwDgpxSoDarazbby3UskbVYiKbt6A&oe=6A99EFA8,https://www.instagram.com/reel/DC19q3VKrnK/,DC19q3VKrnK,https://scontent-dfw5-1.cdninstagram.com/v/t51.71878-15/503327844_1244165337045685_4522042544191663623_n.jpg?stp=dst-jpg_e35_tt6&_nc_cat=106&ccb=7-5&_nc_sid=18de74&efg=eyJlZmdfdGFnIjoiQ0xJUFMuYmVzdF9pbWFnZV91cmxnZW4uQzMifQ%3D%3D&_nc_ohc=-Wh5VmDX06gQ7kNvwFPFgLn&_nc_oc=Ado3eYjEgvL6M_ED0ZXPCDqny5jYXQHbAfnYwnuUVFivsXehhn84NZw7IXPc8ekbVTA&_nc_zt=23&_nc_ht=scontent-dfw5-1.cdninstagram.com&edm=AM6HXa8EAAAA&_nc_gid=VRYKpTH16Yr5i-BRgrxB9g&_nc_tpa=Q5bMBQIv6K-bdQbEStYB8X5tPvMG1wMEu2VDMNbWju8lQHHt9X0ciafjWdK4dGMf5o-1-FuBgT0BzNs0&oh=00_AQI1KF00AQ994m21C7vt5Ak4vG1Hd04n82zzZBV9ZnxmJw&oe=6A9DE2C0,26 Nov 2024 05:38:04,qpaypro,REELS
17841443997027489,18049216669850152,"? Emprender es tirarse al agua. Sin miedo a los impedimentos, es ahí donde se aprende, se crece y se construye una marca de valor. ¡Escucha más en Emprendiendo con Ganas! ?

¡No te lo pierdas! Link en nuestro perfil ?️

#emprendiendoconganas #historiasdeexito #motivacion#emprendedora #emprendedoresexitosos#podcastdeemprendimiento #inspirateyemprende #podcast#guatemala502",Yes,0,2,VIDEO,https://scontent-dfw5-1.cdninstagram.com/o1/v/t2/f2/m86/AQMJIngP1NN5fZEo63NDQclKRTii-smUzMbXOuuiKIHIL4Eip0Gb5mZajnyRviaMrWzua7jSbKySq4zjKAJqhhlzpZkq6fRtz3MUQlI.mp4?_nc_cat=111&_nc_sid=5e9851&_nc_ht=scontent-dfw5-1.cdninstagram.com&_nc_ohc=TMnoAQb6e1gQ7kNvwEOVgCR&efg=eyJ2ZW5jb2RlX3RhZyI6Inhwdl9wcm9ncmVzc2l2ZS5JTlNUQUdSQU0uQ0xJUFMuQzMuMzU4LmRhc2hfYmFzZWxpbmVfM192MSIsInhwdl9hc3NldF9pZCI6MTUwMjM0Nzc4MDQ3MjU2NiwiYXNzZXRfYWdlX2RheXMiOjY0NSwidmlfdXNlY2FzZV9pZCI6MTAwOTksImR1cmF0aW9uX3MiOjQwLCJ1cmxnZW5fc291cmNlIjoid3d3In0%3D&ccb=17-1&vs=b168b6aecb944fbc&_nc_vs=HBksFQIYUmlnX3hwdl9yZWVsc19wZXJtYW5lbnRfc3JfcHJvZC9FNzRCNTgwM0YwOTE2NzdGQzNCM0VFRURDODY3NEJBNF92aWRlb19kYXNoaW5pdC5tcDQVAALIARIAFQIYRmlnX3hwdl9yZWVsc19wZXJtYW5lbnRfc3JfcHJvZC85MTY4MTA3NjA0MjAzMzFfNzUxODc0NzM1MDI5NTI0NzU1MC5tcDQVAgLIARIAKAAYABsCiAd1c2Vfb2lsATEScHJvZ3Jlc3NpdmVfcmVjaXBlATEVAAAm7PvFnJOYqwUVAigCQzMsF0BEJmZmZmZmGBJkYXNoX2Jhc2VsaW5lXzNfdjERAHX-B2XmnQEA&_nc_gid=VRYKpTH16Yr5i-BRgrxB9g&edm=AM6HXa8EAAAA&_nc_zt=28&oh=00_AQIdh-SjdxQ4l3SP-QjfsxfcgSFmAdg_RY__30A93ENT7Q&oe=6A99E7D8,https://www.instagram.com/reel/DCzfR7MIWmY/,DCzfR7MIWmY,https://scontent-dfw5-2.cdninstagram.com/v/t51.71878-15/503761548_1628985171142159_4292896368916650443_n.jpg?stp=dst-jpg_e35_tt6&_nc_cat=104&ccb=7-5&_nc_sid=18de74&efg=eyJlZmdfdGFnIjoiQ0xJUFMuYmVzdF9pbWFnZV91cmxnZW4uQzMifQ%3D%3D&_nc_ohc=g86uhLNJsLkQ7kNvwHGuUe4&_nc_oc=AdpMxEA2BrJTNo_6csMsmmOtdhBFl8MaIgUMIy-fx8insJS8-P2fYb-hlxhV4ExLWuk&_nc_zt=23&_nc_ht=scontent-dfw5-2.cdninstagram.com&edm=AM6HXa8EAAAA&_nc_gid=VRYKpTH16Yr5i-BRgrxB9g&_nc_tpa=Q5bMBQJNlykJOE7T9qL3DCtuhvHXrV3wFjt1Nm98qkZp0idXdlupQ38ouZIF-2VIf-os5-LdtG9acx27&oh=00_AQIa95I1LaNHo0L7qwZHBAiSjqIpVg6sQ6IpxU2hTQeanQ&oe=6A9DC8E6,25 Nov 2024 06:34:05,qpaypro,REELS
17841443997027489,18043552511122563,"? Este miércoles inspírate con Natalia Barlabe, fundadora de @piesderatoncito ? En el episodio 11 de Emprendiendo con Ganas, descubre cómo convirtió su pasión en un negocio exitoso. ¡Próximamente! 

¡No te lo pierdas! Link en nuestro perfil ?️

#emprendiendoconganas #historiasdeexito #motivacion #emprendedora #emprendedoresexitosos #podcastdeemprendimiento #inspirateyemprende #podcast #guatemala502",Yes,1,5,VIDEO,https://scontent-dfw5-1.cdninstagram.com/o1/v/t2/f2/m86/AQOBCu_7xZlykAo1x3hfw5hsWcQKGdv6n-gSB4yxGJPHNuGEZFf4hVXaYjEiSZ_orwR5dh_unMUkZKCgbp5gfGQ9yDEjKOCELfX3cMQ.mp4?_nc_cat=111&_nc_sid=5e9851&_nc_ht=scontent-dfw5-1.cdninstagram.com&_nc_ohc=lWUScr4OABAQ7kNvwGEyhf-&efg=eyJ2ZW5jb2RlX3RhZyI6Inhwdl9wcm9ncmVzc2l2ZS5JTlNUQUdSQU0uQ0xJUFMuQzMuMzU4LmRhc2hfYmFzZWxpbmVfM192MSIsInhwdl9hc3NldF9pZCI6Mzg2NzUxMDY0NTE5OTg4LCJhc3NldF9hZ2VfZGF5cyI6NjQ1LCJ2aV91c2VjYXNlX2lkIjoxMDA5OSwiZHVyYXRpb25fcyI6MzMsInVybGdlbl9zb3VyY2UiOiJ3d3cifQ%3D%3D&ccb=17-1&vs=e00189e50e0caea3&_nc_vs=HBksFQIYUmlnX3hwdl9yZWVsc19wZXJtYW5lbnRfc3JfcHJvZC9EMjQ0RURGNjQwRkQ0ODc1OTQ1QTFGQTlBNUE2OTg4Nl92aWRlb19kYXNoaW5pdC5tcDQVAALIARIAFQIYRmlnX3hwdl9yZWVsc19wZXJtYW5lbnRfc3JfcHJvZC8yNTYxMjMzNzc3NDA5Mjk1XzQyMzgxNDg2OTI1OTk5NDQ3Ni5tcDQVAgLIARIAKAAYABsCiAd1c2Vfb2lsATEScHJvZ3Jlc3NpdmVfcmVjaXBlATEVAAAm6NSJ_e_vrwEVAigCQzMsF0BAiHKwIMScGBJkYXNoX2Jhc2VsaW5lXzNfdjERAHX-B2XmnQEA&_nc_gid=VRYKpTH16Yr5i-BRgrxB9g&edm=AM6HXa8EAAAA&_nc_zt=28&oh=00_AQI8OBGvLkVyzf1ONbPA7OptgOI0Wj52EFLqP5JYosw_sQ&oe=6A99E284,https://www.instagram.com/reel/DCzdVQHBBtD/,DCzdVQHBBtD,https://scontent-dfw5-2.cdninstagram.com/v/t51.71878-15/503904044_516515278210232_7732517697733985075_n.jpg?stp=dst-jpg_e35_tt6&_nc_cat=100&ccb=7-5&_nc_sid=18de74&efg=eyJlZmdfdGFnIjoiQ0xJUFMuYmVzdF9pbWFnZV91cmxnZW4uQzMifQ%3D%3D&_nc_ohc=uvI0ubZJtQAQ7kNvwEbYNxS&_nc_oc=AdqN4l4nLzwC2VPdmSM7tFUkk7ybbHlpMsYqd30ySxb0V4SYVslAqHOKwii5yT_OBSw&_nc_zt=23&_nc_ht=scontent-dfw5-2.cdninstagram.com&edm=AM6HXa8EAAAA&_nc_gid=VRYKpTH16Yr5i-BRgrxB9g&_nc_tpa=Q5bMBQI-ok2tmc367fCub2b9hmOIlEjKpd39V5rw5CRAVoJeq5s1pZzF56fFxF37OJ1ASIW2Jd3x2THI&oh=00_AQKU9TYIVzXr8UB1UEM09KAEpgrC--69luhlHTVRo2DKsA&oe=6A9DFC71,25 Nov 2024 06:17:04,qpaypro,REELS
17841443997027489,17942868059915129,"En este capítulo, descubre cómo Qpaypro ha sido clave para que Recipe Makeup lleve su negocio al siguiente nivel ?? Con soluciones de pagos rápidos, seguros y fáciles, Recipe Makeup ha logrado una mejor experiencia para sus clientes y un crecimiento impresionante ? @Recipe Makeup 

¡No te lo pierdas! Link en nuestro perfil ?️

#emprendiendoconganas #historiasdeexito #motivacion #emprendedora #emprendedoresexitosos #podcastdeemprendimiento #inspirateyemprende #podcast #guatemala502",Yes,0,4,VIDEO,https://scontent-dfw5-1.cdninstagram.com/o1/v/t2/f2/m86/AQMT1t6AZ-C0x6rVHohGXSElkkHbDTZY16QE6IMHISxHzFskYAol_apjJ9QyqHTqvaIsJPDmyT2vFADZ_0BDo30NNpWtJKSxBwFClqM.mp4?_nc_cat=111&_nc_sid=5e9851&_nc_ht=scontent-dfw5-1.cdninstagram.com&_nc_ohc=Oj8UP1C7LQAQ7kNvwHVIgIJ&efg=eyJ2ZW5jb2RlX3RhZyI6Inhwdl9wcm9ncmVzc2l2ZS5JTlNUQUdSQU0uQ0xJUFMuQzMuMzU4LmRhc2hfYmFzZWxpbmVfM192MSIsInhwdl9hc3NldF9pZCI6NTQ3NzQwOTM4MDIwNjkxLCJhc3NldF9hZ2VfZGF5cyI6NjQ4LCJ2aV91c2VjYXNlX2lkIjoxMDA5OSwiZHVyYXRpb25fcyI6NzksInVybGdlbl9zb3VyY2UiOiJ3d3cifQ%3D%3D&ccb=17-1&vs=5ae178f4e0c8ea1&_nc_vs=HBksFQIYUmlnX3hwdl9yZWVsc19wZXJtYW5lbnRfc3JfcHJvZC84QzQ2QUUzRTU1NjM2ODc0RjUzNDBFOUE2RkFCRThBOF92aWRlb19kYXNoaW5pdC5tcDQVAALIARIAFQIYRmlnX3hwdl9yZWVsc19wZXJtYW5lbnRfc3JfcHJvZC84ODg1NjcyOTAxNTU5NjhfODM0NjM5NzgwODc5OTk4MDAyMy5tcDQVAgLIARIAKAAYABsCiAd1c2Vfb2lsATEScHJvZ3Jlc3NpdmVfcmVjaXBlATEVAAAmpp3RgNyK-QEVAigCQzMsF0BTzMzMzMzNGBJkYXNoX2Jhc2VsaW5lXzNfdjERAHX-B2XmnQEA&_nc_gid=VRYKpTH16Yr5i-BRgrxB9g&edm=AM6HXa8EAAAA&_nc_zt=28&oh=00_AQJLpnOUuoDWAysA9W5pgS8-8AbcNBwelovcLjlR-wRKow&oe=6A99F1F8,https://www.instagram.com/reel/DCrzhyCtAB8/,DCrzhyCtAB8,https://scontent-dfw6-1.cdninstagram.com/v/t51.71878-15/503653235_684495747678542_4523351540274057654_n.jpg?stp=dst-jpg_e35_tt6&_nc_cat=103&ccb=7-5&_nc_sid=18de74&efg=eyJlZmdfdGFnIjoiQ0xJUFMuYmVzdF9pbWFnZV91cmxnZW4uQzMifQ%3D%3D&_nc_ohc=L99GmJNArO8Q7kNvwFHQenK&_nc_oc=AdoqM30zTTbVOhWALUgOeZNUxEzazg2F3M6xLY4KG6fUYXFryUuj4dK0C2GPyyhBotY&_nc_zt=23&_nc_ht=scontent-dfw6-1.cdninstagram.com&edm=AM6HXa8EAAAA&_nc_gid=VRYKpTH16Yr5i-BRgrxB9g&_nc_tpa=Q5bMBQKBkzXQrmd98BrQ6muHPnZeB-h7Js_IcoBco5u2n045SrSWsWVzs3zfX9naboNitEU-wgR3soDw&oh=00_AQKA47aqOqFaGIQG70dIg9kx7vodbh38WechhrLXZTexYg&oe=6A9DE228,22 Nov 2024 06:57:03,qpaypro,REELS
17841443997027489,17864277048201591,"?️ De ideas a historias de éxito. Escucha el episodio 10 y descubre cómo emprendedores como tú lograron transformar sus sueños en realidad. ¡Anímate a empezar! ? 

Link del Podcast en nuestro perfil ?

#emprendiendoconganas #historiasdeexito #motivacion #emprendedora #emprendedoresexitosos #podcastdeemprendimiento #inspirateyemprende #podcast #guatemala502",Yes,0,3,VIDEO,https://scontent-dfw6-2.cdninstagram.com/o1/v/t2/f2/m86/AQNay5vy2xJAGP1KoLgl77lEj5lpOO_EYR5EC1bi4ogTR7Wg8q0P0UKRfdOyjAXtd4nw0iZa8hzygjhakbXf0OT9PsCPUgt0KyHbtQ8.mp4?_nc_cat=108&_nc_sid=5e9851&_nc_ht=scontent-dfw6-2.cdninstagram.com&_nc_ohc=fLDdEezltTcQ7kNvwEjh3ba&efg=eyJ2ZW5jb2RlX3RhZyI6Inhwdl9wcm9ncmVzc2l2ZS5JTlNUQUdSQU0uQ0xJUFMuQzMuMzU4LmRhc2hfYmFzZWxpbmVfM192MSIsInhwdl9hc3NldF9pZCI6MTA4MjQwOTk4OTczODUyNywiYXNzZXRfYWdlX2RheXMiOjY0OCwidmlfdXNlY2FzZV9pZCI6MTAwOTksImR1cmF0aW9uX3MiOjQ0LCJ1cmxnZW5fc291cmNlIjoid3d3In0%3D&ccb=17-1&vs=5d2fff85d90a8741&_nc_vs=HBksFQIYUmlnX3hwdl9yZWVsc19wZXJtYW5lbnRfc3JfcHJvZC9ERTQ3MzZFQjA3MzlBOTg5MkEwM0E1OEZCMTQwOUE5Ql92aWRlb19kYXNoaW5pdC5tcDQVAALIARIAFQIYR2lnX3hwdl9yZWVsc19wZXJtYW5lbnRfc3JfcHJvZC8xMTI3NTY1MzQ0OTE3NDExXzI2OTIxMzg5NzkxNzE5NzIwNDkubXA0FQICyAESACgAGAAbAogHdXNlX29pbAExEnByb2dyZXNzaXZlX3JlY2lwZQExFQAAJr7AhO_GnOwDFQIoAkMzLBdARmIMSbpeNRgSZGFzaF9iYXNlbGluZV8zX3YxEQB1_gdl5p0BAA&_nc_gid=VRYKpTH16Yr5i-BRgrxB9g&edm=AM6HXa8EAAAA&_nc_zt=28&oh=00_AQKPmUMGkMX7gDQ04_CvPOmkghWmJNXEKwOhl7TaxEI89A&oe=6A99FC2D,https://www.instagram.com/reel/DCrhN9tomd-/,DCrhN9tomd-,https://scontent-dfw5-2.cdninstagram.com/v/t51.71878-15/491422898_1182615193051339_997832151922132446_n.jpg?stp=dst-jpg_e35_tt6&_nc_cat=100&ccb=7-5&_nc_sid=18de74&efg=eyJlZmdfdGFnIjoiQ0xJUFMuYmVzdF9pbWFnZV91cmxnZW4uQzMifQ%3D%3D&_nc_ohc=AhPELArbBHEQ7kNvwGr0ZlX&_nc_oc=AdqR-LzjhiBrQ9So_OfEX_IA8A9b9hrO95zvVuvNSqtitOnje23g5H3yI-ukotOxkSw&_nc_zt=23&_nc_ht=scontent-dfw5-2.cdninstagram.com&edm=AM6HXa8EAAAA&_nc_gid=VRYKpTH16Yr5i-BRgrxB9g&_nc_tpa=Q5bMBQK_4q77tg8gK_kR4zaN57WV9QB-Yx58QUkGxHnC1wkfhMCcp_qOyAqzcDhvdkXr7QLrBzWTaqBY&oh=00_AQLq_RSEGHNqqgjDSxWtEFuOh3ezuB9giDBFa7YsL-pAXg&oe=6A9DCAB3,22 Nov 2024 04:17:04,qpaypro,REELS
17841443997027489,18036644345349172,"✨ El éxito comienza con un equipo feliz ✨ En Emprendiendo con Ganas, aprende por qué los colaboradores felices son clave para que tu negocio dure en el tiempo ¡No te lo pierdas! ? 

¡No te lo pierdas! Link en nuestro perfil ?️

#emprendiendoconganas #historiasdeexito #motivacion #emprendedora #emprendedoresexitosos #podcastdeemprendimiento #inspirateyemprende #podcast #guatemala502",Yes,1,4,VIDEO,https://scontent-dfw5-1.cdninstagram.com/o1/v/t2/f2/m86/AQOp8r02uYOn8-ohFP7niAvdGlPe4OoDRaKo1vOhOzSPYIrNT-AAuy5ZrWxk68yEkOX3GpUK99i5gnppwI37XVtTJBH1v9QN2ishFJs.mp4?_nc_cat=105&_nc_sid=5e9851&_nc_ht=scontent-dfw5-1.cdninstagram.com&_nc_ohc=TlW3dQGGbS4Q7kNvwEiKn_l&efg=eyJ2ZW5jb2RlX3RhZyI6Inhwdl9wcm9ncmVzc2l2ZS5JTlNUQUdSQU0uQ0xJUFMuQzMuMzU4LmRhc2hfYmFzZWxpbmVfM192MSIsInhwdl9hc3NldF9pZCI6MTI4MzYzNjk1NjM4ODYxNiwiYXNzZXRfYWdlX2RheXMiOjY0OSwidmlfdXNlY2FzZV9pZCI6MTAwOTksImR1cmF0aW9uX3MiOjc1LCJ1cmxnZW5fc291cmNlIjoid3d3In0%3D&ccb=17-1&vs=a96991969ace72a2&_nc_vs=HBksFQIYUmlnX3hwdl9yZWVsc19wZXJtYW5lbnRfc3JfcHJvZC80QjRCQTUwQjU5RDE4MDk5OTEzMkZGQjczOUYyRDdCN192aWRlb19kYXNoaW5pdC5tcDQVAALIARIAFQIYR2lnX3hwdl9yZWVsc19wZXJtYW5lbnRfc3JfcHJvZC8yMTQ0MDQ5MDgyNjU4NzE4XzczODc1ODc5MjcxNjc2OTUzMTQubXA0FQICyAESACgAGAAbAogHdXNlX29pbAExEnByb2dyZXNzaXZlX3JlY2lwZQExFQAAJpD08szA3ccEFQIoAkMzLBdAUuAAAAAAABgSZGFzaF9iYXNlbGluZV8zX3YxEQB1_gdl5p0BAA&_nc_gid=VRYKpTH16Yr5i-BRgrxB9g&edm=AM6HXa8EAAAA&_nc_zt=28&oh=00_AQKLBLP7nWj1Z9YS34uAzPqQCUlJlCOmNgQRVRtEc7fn_A&oe=6A99E312,https://www.instagram.com/reel/DCpZJWaNEsZ/,DCpZJWaNEsZ,https://scontent-dfw5-2.cdninstagram.com/v/t51.71878-15/503013181_1419322509486726_801765503077089700_n.jpg?stp=dst-jpg_e35_tt6&_nc_cat=104&ccb=7-5&_nc_sid=18de74&efg=eyJlZmdfdGFnIjoiQ0xJUFMuYmVzdF9pbWFnZV91cmxnZW4uQzMifQ%3D%3D&_nc_ohc=IyMuGXM59v0Q7kNvwEsypB5&_nc_oc=AdooitvkxvABNnx4aPJCBtBWgpXJdHp876avnDxGP2UXL8iqsklPJeK22JD3Z0ILF5Q&_nc_zt=23&_nc_ht=scontent-dfw5-2.cdninstagram.com&edm=AM6HXa8EAAAA&_nc_gid=VRYKpTH16Yr5i-BRgrxB9g&_nc_tpa=Q5bMBQI_BZbn6JeO6ue7PGHPe9JUJbfR6_S_-9NSzLqp3M5nWdmtFQHVKtEev3iDBvHUWdATA34rzAt5&oh=00_AQIIx4LA0UBtTydL-u4xZXlIL9rSyc8N2rspuClarP2EUw&oe=6A9DEFF1,21 Nov 2024 08:28:04,qpaypro,REELS
17841443997027489,18059930548863447,"? ¿Estás listo para lanzar tu tienda en línea? Descubre todo lo que debes considerar: desde la plataforma ideal hasta la experiencia de usuario. ¡Con estos consejos, tu tienda digital estará preparada para el éxito! ?✨ Junto a @Webifica",Yes,0,8,VIDEO,https://scontent-dfw5-1.cdninstagram.com/o1/v/t2/f2/m86/AQMwQLOF2LyciAGt47Xb9WLGwSoBscCd6ni50LFGGDAex-b4zyE4Ht1dDRkQxeEGbtCQ4KEg667uFDu6veqr2gFuwyv521ojwo32Wiw.mp4?_nc_cat=106&_nc_sid=5e9851&_nc_ht=scontent-dfw5-1.cdninstagram.com&_nc_ohc=BfH1RAmiNzUQ7kNvwEHtohc&efg=eyJ2ZW5jb2RlX3RhZyI6Inhwdl9wcm9ncmVzc2l2ZS5JTlNUQUdSQU0uQ0xJUFMuQzMuMzU4LmRhc2hfYmFzZWxpbmVfM192MSIsInhwdl9hc3NldF9pZCI6MTA5NzM4MTg1MTczODg1OSwiYXNzZXRfYWdlX2RheXMiOjY0OSwidmlfdXNlY2FzZV9pZCI6MTAwOTksImR1cmF0aW9uX3MiOjgxLCJ1cmxnZW5fc291cmNlIjoid3d3In0%3D&ccb=17-1&vs=6ac1a3562682430a&_nc_vs=HBksFQIYUmlnX3hwdl9yZWVsc19wZXJtYW5lbnRfc3JfcHJvZC9FQzRCRTgzREQxNTgxM0ZBQkE3OUNBM0U5M0MxRjdBMl92aWRlb19kYXNoaW5pdC5tcDQVAALIARIAFQIYRmlnX3hwdl9yZWVsc19wZXJtYW5lbnRfc3JfcHJvZC82MjQxNTM5NzY2MDI0MThfMzE1MTU1NjM2NTYwMzc5Mjk1OS5tcDQVAgLIARIAKAAYABsCiAd1c2Vfb2lsATEScHJvZ3Jlc3NpdmVfcmVjaXBlATEVAAAm1sul94OE8wMVAigCQzMsF0BUcQYk3S8bGBJkYXNoX2Jhc2VsaW5lXzNfdjERAHX-B2XmnQEA&_nc_gid=VRYKpTH16Yr5i-BRgrxB9g&edm=AM6HXa8EAAAA&_nc_zt=28&oh=00_AQJnRINgT4tNmkpNfampq2wPFI1eq2g5NL20uR9pWIE42w&oe=6A9A0383,https://www.instagram.com/reel/DCpKwLXMh13/,DCpKwLXMh13,https://scontent-dfw6-1.cdninstagram.com/v/t51.71878-15/503119903_1232284884915221_1485217667689393497_n.jpg?stp=dst-jpg_e35_tt6&_nc_cat=101&ccb=7-5&_nc_sid=18de74&efg=eyJlZmdfdGFnIjoiQ0xJUFMuYmVzdF9pbWFnZV91cmxnZW4uQzMifQ%3D%3D&_nc_ohc=ZEm5Qu5WixQQ7kNvwEGTMVb&_nc_oc=Adp5PtB-BPFtxWKEqwMrzFzXX5FTH9uEoiiDT88GfrE5DfC6zl2fl2MBzGTsQxbsAfU&_nc_zt=23&_nc_ht=scontent-dfw6-1.cdninstagram.com&edm=AM6HXa8EAAAA&_nc_gid=VRYKpTH16Yr5i-BRgrxB9g&_nc_tpa=Q5bMBQLT2-CkvDAY6Er3JlwXuM_U_dUAQbeh6eR91KCTsTVnbqPQNYx_N-WGhVqkjpBSx3xBuFYIDjvO&oh=00_AQLD7y4xByyv8-ZD9YSOtLzvPsyfiexDtswKIYDhWWdSXQ&oe=6A9DD6E3,21 Nov 2024 06:22:03,qpaypro,REELS
17841443997027489,17907828677962240,"? ¿Cómo comenzó todo? Descubre los primeros pasos de Qpaypro y cómo una idea se transformó en una plataforma de pagos líder en la región ¡No te lo pierdas en el episodio completo! 

Link del Podcast Emprendiendo con Ganas en nuestro perfil ?

#emprendiendoconganas #historiasdeexito #motivacion #emprendedora #emprendedoresexitosos #podcastdeemprendimiento #inspirateyemprende #podcast #guatemala502",Yes,1,6,VIDEO,https://scontent-dfw6-1.cdninstagram.com/o1/v/t2/f2/m86/AQMg84twhSP3EAkLN8ZdYgMYFhfRyYdDPOyZc1NmuhPZlsnsgeohT7wu6PYDnRlvbhcTtER105KracVtSWD7p5zfXGUmin-jLddq_1o.mp4?_nc_cat=102&_nc_sid=5e9851&_nc_ht=scontent-dfw6-1.cdninstagram.com&_nc_ohc=9eRZt4m58kYQ7kNvwF7eF6X&efg=eyJ2ZW5jb2RlX3RhZyI6Inhwdl9wcm9ncmVzc2l2ZS5JTlNUQUdSQU0uQ0xJUFMuQzMuMzU4LmRhc2hfYmFzZWxpbmVfM192MSIsInhwdl9hc3NldF9pZCI6MTc0OTY1MDczNTg3MDgyMiwiYXNzZXRfYWdlX2RheXMiOjY1MCwidmlfdXNlY2FzZV9pZCI6MTAwOTksImR1cmF0aW9uX3MiOjU3LCJ1cmxnZW5fc291cmNlIjoid3d3In0%3D&ccb=17-1&vs=915df182b15bcd8f&_nc_vs=HBksFQIYUmlnX3hwdl9yZWVsc19wZXJtYW5lbnRfc3JfcHJvZC82NjQ5RTFCQzFCM0IxNUQwNzBBODlDN0RDNUREMTY4N192aWRlb19kYXNoaW5pdC5tcDQVAALIARIAFQIYRWlnX3hwdl9yZWVsc19wZXJtYW5lbnRfc3JfcHJvZC8xMDgwMTMxMjk2NjY5OTQ0XzU1NjE0MzkxNDM4MDYwNTY4Lm1wNBUCAsgBEgAoABgAGwKIB3VzZV9vaWwBMRJwcm9ncmVzc2l2ZV9yZWNpcGUBMRUAACbMzb3pidObBhUCKAJDMywXQEyMzMzMzM0YEmRhc2hfYmFzZWxpbmVfM192MREAdf4HZeadAQA&_nc_gid=VRYKpTH16Yr5i-BRgrxB9g&edm=AM6HXa8EAAAA&_nc_zt=28&oh=00_AQK58CVysFsP9kYDbMf2oLYbPAStHQM3tRUliXM2PonhKw&oe=6A99F447,https://www.instagram.com/reel/DCmoVO3Jw4L/,DCmoVO3Jw4L,https://scontent-dfw5-2.cdninstagram.com/v/t51.71878-15/502530359_1893897598112801_7120426458880410807_n.jpg?stp=dst-jpg_e35_tt6&_nc_cat=107&ccb=7-5&_nc_sid=18de74&efg=eyJlZmdfdGFnIjoiQ0xJUFMuYmVzdF9pbWFnZV91cmxnZW4uQzMifQ%3D%3D&_nc_ohc=naIz2o7yh78Q7kNvwExr7c3&_nc_oc=AdoSBe-ZqQhuYuqNuHCAP9H4CGcl2UmJ4n0A46RhQQ4wXRvaVAP53XyU7sn_AAKqd1E&_nc_zt=23&_nc_ht=scontent-dfw5-2.cdninstagram.com&edm=AM6HXa8EAAAA&_nc_gid=VRYKpTH16Yr5i-BRgrxB9g&_nc_tpa=Q5bMBQLMm281rzlpr8W6sCfv6loxWc5TY3DXM5W2SeTA6pj56hnaNOPl2m60oXkmV16i02cZ1GP06zjC&oh=00_AQKGAfwT_JC6ldCJKK7YGZG5wqUPafqYNj1an0YbLtaAFw&oe=6A9DC87B,20 Nov 2024 06:43:04,qpaypro,REELS
17841443997027489,18320718577082814,"? ¡Inspírate con el episodio 10 de Emprendiendo con Ganas! ? Descubre historias de emprendedores exitosos y anímate a dar el primer paso en tu camino. ¡Ya disponible en todas las plataformas! 

Link del Podcast en nuestro perfil ?

#emprendiendoconganas #historiasdeexito #motivacion #emprendedora #emprendedoresexitosos #podcastdeemprendimiento #inspirateyemprende #podcast #guatemala502",Yes,1,3,VIDEO,https://scontent-dfw6-1.cdninstagram.com/o1/v/t2/f2/m86/AQM5imSl9yeu2aBw3cBHvG41_243pdaGRiMCB2xUvymAahj-UnmAt5t17wLdWsbYlwwh8f12_FmKbq_brMRkgFNB2DcZ4pO4XGwAnSQ.mp4?_nc_cat=101&_nc_sid=5e9851&_nc_ht=scontent-dfw6-1.cdninstagram.com&_nc_ohc=6enl0tDaeVMQ7kNvwFbsmhz&efg=eyJ2ZW5jb2RlX3RhZyI6Inhwdl9wcm9ncmVzc2l2ZS5JTlNUQUdSQU0uQ0xJUFMuQzMuMzU4LmRhc2hfYmFzZWxpbmVfM192MSIsInhwdl9hc3NldF9pZCI6NDc1Njk0ODg0OTc1MTAwLCJhc3NldF9hZ2VfZGF5cyI6NjUwLCJ2aV91c2VjYXNlX2lkIjoxMDA5OSwiZHVyYXRpb25fcyI6MzYsInVybGdlbl9zb3VyY2UiOiJ3d3cifQ%3D%3D&ccb=17-1&vs=644bee732ee107e6&_nc_vs=HBksFQIYUmlnX3hwdl9yZWVsc19wZXJtYW5lbnRfc3JfcHJvZC8zMTQzMkYwQkEyMjEyNEZGRDdCNjk5QkUyQURCOTBBMl92aWRlb19kYXNoaW5pdC5tcDQVAALIARIAFQIYR2lnX3hwdl9yZWVsc19wZXJtYW5lbnRfc3JfcHJvZC8yNjc0MzEzNzU5NDQzOTEwXzc1MzUxOTk1NTg3MjYyNTMyMDkubXA0FQICyAESACgAGAAbAogHdXNlX29pbAExEnByb2dyZXNzaXZlX3JlY2lwZQExFQAAJvjHn4qLqdgBFQIoAkMzLBdAQgAAAAAAABgSZGFzaF9iYXNlbGluZV8zX3YxEQB1_gdl5p0BAA&_nc_gid=VRYKpTH16Yr5i-BRgrxB9g&edm=AM6HXa8EAAAA&_nc_zt=28&oh=00_AQJOvvCzUjDDtX0x64kJqxCjF9KEa2LgO_pzc16XpeyBwQ&oe=6A99FB8A,https://www.instagram.com/reel/DCmXHoBod0x/,DCmXHoBod0x,https://scontent-dfw6-2.cdninstagram.com/v/t51.71878-15/503222345_600682039143050_9147300280591477591_n.jpg?stp=dst-jpg_e35_tt6&_nc_cat=110&ccb=7-5&_nc_sid=18de74&efg=eyJlZmdfdGFnIjoiQ0xJUFMuYmVzdF9pbWFnZV91cmxnZW4uQzMifQ%3D%3D&_nc_ohc=fJvL47X4m1EQ7kNvwFSrhGn&_nc_oc=AdrqAS1E_KmNsjAER0PEyB4LsTeoobkhFQRZ2nu1676iSuKr1k1HuJgcjxYOkzJECc0&_nc_zt=23&_nc_ht=scontent-dfw6-2.cdninstagram.com&edm=AM6HXa8EAAAA&_nc_gid=VRYKpTH16Yr5i-BRgrxB9g&_nc_tpa=Q5bMBQLT2tLuaaiGl3Hjz8ayeQfHcXFWzWOgdf8xaZ0km4z0dhvvgOp6naOHeqJIJDvmdu6Y325dSCVn&oh=00_AQJ2fFRj6WflZMMenzh7aomWn1niKl5IRnwtMeJ5BXb5nw&oe=6A9DCD26,20 Nov 2024 04:12:37,qpaypro,REELS
17841443997027489,18138490342366275,"?? ""Estudiar el mercado es solo el primer paso. Lo importante es aprender de lo que no puedes controlar. ¡No te pierdas esta lección en Emprendiendo con Ganas! 

¡No te lo pierdas! Link en nuestro perfil ?️

#emprendiendoconganas #historiasdeexito #motivacion#emprendedora #emprendedoresexitosos#podcastdeemprendimiento #inspirateyemprende #podcast#guatemala502",Yes,0,4,VIDEO,https://scontent-dfw5-1.cdninstagram.com/o1/v/t2/f2/m86/AQN2HslyQ1TjoQEcCqjS3smIzc_AwjbbbXNs_xDgziWt09bZbmqeN4yHT0--PS05_a08pDQdJBXhHjfqiiw-V6gBAN0Kx36w1loeZdU.mp4?_nc_cat=105&_nc_sid=5e9851&_nc_ht=scontent-dfw5-1.cdninstagram.com&_nc_ohc=5Kor3ZnUA1sQ7kNvwE_HY2v&efg=eyJ2ZW5jb2RlX3RhZyI6Inhwdl9wcm9ncmVzc2l2ZS5JTlNUQUdSQU0uQ0xJUFMuQzMuMzU4LmRhc2hfYmFzZWxpbmVfM192MSIsInhwdl9hc3NldF9pZCI6ODc1NjM2ODUzNzc3NTc5MiwiYXNzZXRfYWdlX2RheXMiOjY1MSwidmlfdXNlY2FzZV9pZCI6MTAwOTksImR1cmF0aW9uX3MiOjU0LCJ1cmxnZW5fc291cmNlIjoid3d3In0%3D&ccb=17-1&vs=679f518181a88cc8&_nc_vs=HBksFQIYUmlnX3hwdl9yZWVsc19wZXJtYW5lbnRfc3JfcHJvZC84OTRGREYxNDY0NDlDNzYwQ0QxQjgxNzYzQUQ3M0FCQV92aWRlb19kYXNoaW5pdC5tcDQVAALIARIAFQIYRmlnX3hwdl9yZWVsc19wZXJtYW5lbnRfc3JfcHJvZC81NDgyNzIwODQ1OTc5OTJfMjY0ODY0NjMzNzk3MDQ4MTU5OS5tcDQVAgLIARIAKAAYABsCiAd1c2Vfb2lsATEScHJvZ3Jlc3NpdmVfcmVjaXBlATEVAAAm4Lq7w933jR8VAigCQzMsF0BLXdLxqfvnGBJkYXNoX2Jhc2VsaW5lXzNfdjERAHX-B2XmnQEA&_nc_gid=VRYKpTH16Yr5i-BRgrxB9g&edm=AM6HXa8EAAAA&_nc_zt=28&oh=00_AQIw2htC6nchkibs3BripFbpW7YgwkEQu0kSwU4jCwGpzw&oe=6A99D1FE,https://www.instagram.com/reel/DCkMsf5J-QV/,DCkMsf5J-QV,https://scontent-dfw5-1.cdninstagram.com/v/t51.71878-15/502076552_9939158329496801_7218489989128864483_n.jpg?stp=dst-jpg_e35_tt6&_nc_cat=111&ccb=7-5&_nc_sid=18de74&efg=eyJlZmdfdGFnIjoiQ0xJUFMuYmVzdF9pbWFnZV91cmxnZW4uQzMifQ%3D%3D&_nc_ohc=JdL6dguDjM0Q7kNvwGiW6PU&_nc_oc=Adq1zp1ML2Iyu8ciF0z8NuDHz1BgN9MTDGVsBSdaxGeW_wynrC_7EPIIAXQAmbhyP0w&_nc_zt=23&_nc_ht=scontent-dfw5-1.cdninstagram.com&edm=AM6HXa8EAAAA&_nc_gid=VRYKpTH16Yr5i-BRgrxB9g&_nc_tpa=Q5bMBQLxbNdsPcuao-njH6RXssdHV3bCkEbk-C_JWSYhvitNdXTIZHBPQxbWU4XELd0kij_9QKDCiZCC&oh=00_AQIMjYEEenecljhccI33cWnYzuLxOLm5D2AUcuvauiZUHg&oe=6A9DE246,19 Nov 2024 08:03:03,qpaypro,REELS
17841443997027489,18024529682265828,"?? ¿Sabías que un vivero puede ser altamente rentable? En el episodio 8, descubre cómo hacerlo posible con el conocimiento y las estrategias adecuadas ¡No te lo pierdas! 

Link del Podcast en nuestro perfil ?

#emprendiendoconganas #historiasdeexito #motivacion #emprendedora #emprendedoresexitosos #podcastdeemprendimiento #inspirateyemprende #podcast #guatemala502",Yes,0,4,VIDEO,https://scontent-dfw5-2.cdninstagram.com/o1/v/t2/f2/m86/AQOtOoc2iTWJB-sNWx_X_zqIZRNM32Wfhg3P3JiP2IYNuTkfMKo4d54VSAA20mCw_xp13GTD1feSMqCz3CqCZRD0hpO9zSVplTp8AlE.mp4?_nc_cat=107&_nc_sid=5e9851&_nc_ht=scontent-dfw5-2.cdninstagram.com&_nc_ohc=nY5bgcmWMRoQ7kNvwHGl7CE&efg=eyJ2ZW5jb2RlX3RhZyI6Inhwdl9wcm9ncmVzc2l2ZS5JTlNUQUdSQU0uQ0xJUFMuQzMuMzU4LmRhc2hfYmFzZWxpbmVfM192MSIsInhwdl9hc3NldF9pZCI6MTExNjM5MDE1MDA5NTAwMywiYXNzZXRfYWdlX2RheXMiOjY1MSwidmlfdXNlY2FzZV9pZCI6MTAwOTksImR1cmF0aW9uX3MiOjM3LCJ1cmxnZW5fc291cmNlIjoid3d3In0%3D&ccb=17-1&vs=b28d61039021e178&_nc_vs=HBksFQIYUmlnX3hwdl9yZWVsc19wZXJtYW5lbnRfc3JfcHJvZC85RjRFODA4MDEwRkFEMURFRjlCN0YyOTBDMEY4NzRCNF92aWRlb19kYXNoaW5pdC5tcDQVAALIARIAFQIYR2lnX3hwdl9yZWVsc19wZXJtYW5lbnRfc3JfcHJvZC8xMDg1OTkxMDMyOTA0NTkzXzU2MDM1ODMyMzQ0NzgzOTM4NjYubXA0FQICyAESACgAGAAbAogHdXNlX29pbAExEnByb2dyZXNzaXZlX3JlY2lwZQExFQAAJraCnuW61vsDFQIoAkMzLBdAQqIMSbpeNRgSZGFzaF9iYXNlbGluZV8zX3YxEQB1_gdl5p0BAA&_nc_gid=VRYKpTH16Yr5i-BRgrxB9g&edm=AM6HXa8EAAAA&_nc_zt=28&oh=00_AQLKoBomTzkdaDjkZf-CbwySmSi1BPXYsrKw-6mAcmWd5A&oe=6A99F990,https://www.instagram.com/reel/DCkEBd5PAW8/,DCkEBd5PAW8,https://scontent-dfw5-1.cdninstagram.com/v/t51.71878-15/503721931_1255823006151716_2818503418948638537_n.jpg?stp=dst-jpg_e35_tt6&_nc_cat=106&ccb=7-5&_nc_sid=18de74&efg=eyJlZmdfdGFnIjoiQ0xJUFMuYmVzdF9pbWFnZV91cmxnZW4uQzMifQ%3D%3D&_nc_ohc=EOP2RYNd1_YQ7kNvwFKG8mT&_nc_oc=AdrUU7jKp8oSdEksNF9SkOtneaD-m7zHSGjwY-JstNQpgWvKCrYzWubaDUBOvwaYJM4&_nc_zt=23&_nc_ht=scontent-dfw5-1.cdninstagram.com&edm=AM6HXa8EAAAA&_nc_gid=VRYKpTH16Yr5i-BRgrxB9g&_nc_tpa=Q5bMBQKUTA2ILR7OtvN9Rb29g19sLFUGGF66ABYdZ8lNkVH6OPQNy-TIoOfuza0hqVbNvuKP4Tn4HCn6&oh=00_AQJS0tjr0_h9ybnon3wRpeBFR0YPIM9e6MBQ3-excMSHSw&oe=6A9DE946,19 Nov 2024 06:47:04,qpaypro,REELS
17841443997027489,17856051924301104,"?✨ Formalizar tu negocio no es solo un paso más, ¡es el camino al crecimiento! A medida que tu emprendimiento despega, es clave darle la estructura legal que necesita para expandirse sin límites ?? 

Link en nuestro perfil ?️ Escucha el episodio completo

#emprendiendoconganas #historiasdeexito #motivacion #emprendedora #emprendedoresexitosos #podcastdeemprendimiento #inspirateyemprende #podcast #guatemala502",Yes,0,3,VIDEO,https://scontent-dfw6-1.cdninstagram.com/o1/v/t2/f2/m86/AQMrkr535XLsh5yHGHExEk955FFQ_itA-5UkEd51TLp8-tkOwlz4Pm1UuMm-Ok7RQVixwst8F1f8ZsW9T4iWxg7WF9XUs52r-8iuYMw.mp4?_nc_cat=103&_nc_sid=5e9851&_nc_ht=scontent-dfw6-1.cdninstagram.com&_nc_ohc=rBzO4EYyOBQQ7kNvwEUKImh&efg=eyJ2ZW5jb2RlX3RhZyI6Inhwdl9wcm9ncmVzc2l2ZS5JTlNUQUdSQU0uQ0xJUFMuQzMuMzU4LmRhc2hfYmFzZWxpbmVfM192MSIsInhwdl9hc3NldF9pZCI6NTgwODQ1NTc0NDY2MDc0LCJhc3NldF9hZ2VfZGF5cyI6NjUyLCJ2aV91c2VjYXNlX2lkIjoxMDA5OSwiZHVyYXRpb25fcyI6NzEsInVybGdlbl9zb3VyY2UiOiJ3d3cifQ%3D%3D&ccb=17-1&vs=7ca4c1d32f09dcdf&_nc_vs=HBksFQIYUmlnX3hwdl9yZWVsc19wZXJtYW5lbnRfc3JfcHJvZC9CRTQ5QUVCNjhBRDFDNTEwMjMxNzA4M0FDMDU4QTM4Rl92aWRlb19kYXNoaW5pdC5tcDQVAALIARIAFQIYRmlnX3hwdl9yZWVsc19wZXJtYW5lbnRfc3JfcHJvZC81Njk2NTQ0NTIyNzU5MDhfNTQxODMzODAxMjIxNjgyMTA1MS5tcDQVAgLIARIAKAAYABsCiAd1c2Vfb2lsATEScHJvZ3Jlc3NpdmVfcmVjaXBlATEVAAAmtKiV4tSRiAIVAigCQzMsF0BR5mZmZmZmGBJkYXNoX2Jhc2VsaW5lXzNfdjERAHX-B2XmnQEA&_nc_gid=VRYKpTH16Yr5i-BRgrxB9g&edm=AM6HXa8EAAAA&_nc_zt=28&oh=00_AQKZT0Hqhd0-9n27rkfMO0ZLDs036SQhwJCZQ_xhZ43_qg&oe=6A99F550,https://www.instagram.com/reel/DChvc0FJBYb/,DChvc0FJBYb,https://scontent-dfw5-2.cdninstagram.com/v/t51.71878-15/489860668_685931857290778_2518295454209960057_n.jpg?stp=dst-jpg_e35_tt6&_nc_cat=107&ccb=7-5&_nc_sid=18de74&efg=eyJlZmdfdGFnIjoiQ0xJUFMuYmVzdF9pbWFnZV91cmxnZW4uQzMifQ%3D%3D&_nc_ohc=M_hjxXkuCc4Q7kNvwGkhUy1&_nc_oc=AdpieqELMOsXUYdAwP0KoASdaJIPnzZbX9fD-sHcLi3uxX78CaHPROz3P1-1shb4B80&_nc_zt=23&_nc_ht=scontent-dfw5-2.cdninstagram.com&edm=AM6HXa8EAAAA&_nc_gid=VRYKpTH16Yr5i-BRgrxB9g&_nc_tpa=Q5bMBQIwg703ER0CrpoG5lCn3UO3bzcTh-8x1byCF7_1KMOtlUXbIYXFVArcjWpXp-PIbIIv6Fjq1gRv&oh=00_AQJCvCu7x3LGz-5XuhQTsaMj-qNABQlqwDcbRO1kWLP67Q&oe=6A9DF3E8,18 Nov 2024 09:09:04,qpaypro,REELS
17841443997027489,18121685512398082,"?️ ¡Este miércoles llega el episodio 10 de Emprendiendo con Ganas! Prepárate para descubrir estrategias que transformarán tu negocio. ¡No te lo pierdas! ?  Junto al fundador de Geek Shoes 

Link del Podcast en nuestro perfil ?

#emprendiendoconganas #historiasdeexito #motivacion #emprendedora #emprendedoresexitosos #podcastdeemprendimiento #inspirateyemprende #podcast #guatemala502",Yes,0,7,VIDEO,https://scontent-dfw6-2.cdninstagram.com/o1/v/t2/f2/m86/AQPsCmbnOeVMgqHBJlRzDbHSGQD0PJ7Wga7Bol5fszIIsLprFMLMb_sQ9ypmvshE8lfeABH4DfFqptrSaOr-10_Uxgx8Xn6Vcgk0KcQ.mp4?_nc_cat=109&_nc_sid=5e9851&_nc_ht=scontent-dfw6-2.cdninstagram.com&_nc_ohc=QPLvJi47OTMQ7kNvwFwVCLQ&efg=eyJ2ZW5jb2RlX3RhZyI6Inhwdl9wcm9ncmVzc2l2ZS5JTlNUQUdSQU0uQ0xJUFMuQzMuMzU4LmRhc2hfYmFzZWxpbmVfM192MSIsInhwdl9hc3NldF9pZCI6NTMxMzY5MzU5NzQyMDE0LCJhc3NldF9hZ2VfZGF5cyI6NjUyLCJ2aV91c2VjYXNlX2lkIjoxMDA5OSwiZHVyYXRpb25fcyI6NDQsInVybGdlbl9zb3VyY2UiOiJ3d3cifQ%3D%3D&ccb=17-1&vs=5cd7d5f82d60dba4&_nc_vs=HBksFQIYUmlnX3hwdl9yZWVsc19wZXJtYW5lbnRfc3JfcHJvZC85OTQxNDI1RDFCQjJGMjJFREQ0N0IxMDE1QTA1MkU4MV92aWRlb19kYXNoaW5pdC5tcDQVAALIARIAFQIYRmlnX3hwdl9yZWVsc19wZXJtYW5lbnRfc3JfcHJvZC81NjQzNjM0NTk1MzI3OTFfNjU1OTI4NDIwOTM0NjUwOTExNy5tcDQVAgLIARIAKAAYABsCiAd1c2Vfb2lsATEScHJvZ3Jlc3NpdmVfcmVjaXBlATEVAAAm_ND0nuLR8QEVAigCQzMsF0BGGZmZmZmaGBJkYXNoX2Jhc2VsaW5lXzNfdjERAHX-B2XmnQEA&_nc_gid=VRYKpTH16Yr5i-BRgrxB9g&edm=AM6HXa8EAAAA&_nc_zt=28&oh=00_AQLmNT00lqKYJ9GbNFoRSBOY-iC7TZDt-cS0OIkpYyzJNA&oe=6A99E97A,https://www.instagram.com/reel/DChiAl-ICAO/,DChiAl-ICAO,https://scontent-dfw5-2.cdninstagram.com/v/t51.71878-15/503882283_671468882398727_7294706483259371702_n.jpg?stp=dst-jpg_e35_tt6&_nc_cat=100&ccb=7-5&_nc_sid=18de74&efg=eyJlZmdfdGFnIjoiQ0xJUFMuYmVzdF9pbWFnZV91cmxnZW4uQzMifQ%3D%3D&_nc_ohc=iC7vKCyWg-kQ7kNvwFSoc20&_nc_oc=Adp1gvrari1FHR5kUdZ5500hvS75UIMWTloG2X2ACh9vZihUF2VpvbqU8Nm8ebTSiag&_nc_zt=23&_nc_ht=scontent-dfw5-2.cdninstagram.com&edm=AM6HXa8EAAAA&_nc_gid=VRYKpTH16Yr5i-BRgrxB9g&_nc_tpa=Q5bMBQLO3ec15AaiiL9b2RMZ4Z51AQxgX4n2x_37hNTu0ybg8_EV3gblsMGsmDZ_gf7t6fMn4syPLUxP&oh=00_AQK9J-x8vhzKjjLFMEASlj1HFNzx7pbK7yTE6EbL-OJ0iQ&oe=6A9DFBAD,18 Nov 2024 07:11:36,qpaypro,REELS
17841443997027489,18050303263960563,"?? ¿La clave para no fracasar? Capacitarse constantemente. En este episodio de Emprendiendo con Ganas, exploramos cómo la formación continua es esencial para superar obstáculos y crecer como emprendedor 

Link en nuestro perfil, no te lo pierdas ??

#emprendiendoconganas #historiasdeexito #motivacion #emprendedora #emprendedoresexitosos #podcastdeemprendimiento #inspirateyemprende #podcast #guatemala502",Yes,0,3,VIDEO,https://scontent-dfw6-2.cdninstagram.com/o1/v/t2/f2/m86/AQNtGZOtppdw0apq50aQGGLsUsAkt63ojccPS5_aNavwXYmJ45gVTXqBsD09QaNnRfluSygCGsLIW-EO9wj4L2l05K-EghV_Y8kYIAE.mp4?_nc_cat=109&_nc_sid=5e9851&_nc_ht=scontent-dfw6-2.cdninstagram.com&_nc_ohc=jFOVy0sIkOQQ7kNvwHUfoCD&efg=eyJ2ZW5jb2RlX3RhZyI6Inhwdl9wcm9ncmVzc2l2ZS5JTlNUQUdSQU0uQ0xJUFMuQzMuMzU4LmRhc2hfYmFzZWxpbmVfM192MSIsInhwdl9hc3NldF9pZCI6MTA5NTM0MjE5MjI5MjYyNiwiYXNzZXRfYWdlX2RheXMiOjY1NSwidmlfdXNlY2FzZV9pZCI6MTAwOTksImR1cmF0aW9uX3MiOjY1LCJ1cmxnZW5fc291cmNlIjoid3d3In0%3D&ccb=17-1&vs=2447a202bb97f16d&_nc_vs=HBksFQIYUmlnX3hwdl9yZWVsc19wZXJtYW5lbnRfc3JfcHJvZC9FNTRDQzMyQkMyMTg3M0M4REVFOUUwNzFGRjk5MDA5MF92aWRlb19kYXNoaW5pdC5tcDQVAALIARIAFQIYR2lnX3hwdl9yZWVsc19wZXJtYW5lbnRfc3JfcHJvZC8xMjM2NTU0Nzk0MjY1NTU2Xzc3NjI4Njc1Mzc3NDg2NDgxMTMubXA0FQICyAESACgAGAAbAogHdXNlX29pbAExEnByb2dyZXNzaXZlX3JlY2lwZQExFQAAJqTMu6SnjfIDFQIoAkMzLBdAUFMzMzMzMxgSZGFzaF9iYXNlbGluZV8zX3YxEQB1_gdl5p0BAA&_nc_gid=VRYKpTH16Yr5i-BRgrxB9g&edm=AM6HXa8EAAAA&_nc_zt=28&oh=00_AQJQftcTwBp8qkWS_EZGzqQW-NlgveT0TYN_qTDjjh2kZA&oe=6A9A0166,https://www.instagram.com/reel/DCaJNxct5jl/,DCaJNxct5jl,https://scontent-dfw5-1.cdninstagram.com/v/t51.71878-15/502709079_1238515241308653_3007105356574295051_n.jpg?stp=dst-jpg_e35_tt6&_nc_cat=106&ccb=7-5&_nc_sid=18de74&efg=eyJlZmdfdGFnIjoiQ0xJUFMuYmVzdF9pbWFnZV91cmxnZW4uQzMifQ%3D%3D&_nc_ohc=okBpzY-yuJMQ7kNvwGBmq-w&_nc_oc=AdptrjQNckOhW8CAgsGxnaUNMgVQ80dMm9vFDisOB0jYtuNwNLgelEPez0qd0faSPAU&_nc_zt=23&_nc_ht=scontent-dfw5-1.cdninstagram.com&edm=AM6HXa8EAAAA&_nc_gid=VRYKpTH16Yr5i-BRgrxB9g&_nc_tpa=Q5bMBQK4bOawsiZFBcHinW4TO8H5NVIqsy4XwWbZUwJpr9ONVAT-O2t_W9RWFcxpuSRmoKddRPo8kaxb&oh=00_AQIqPrsud3Z7Rnd9-MYKGe2X1a0wM8rKxf2X2HrdySq1Pw&oe=6A9DE186,15 Nov 2024 10:20:03,qpaypro,REELS
17841443997027489,18346599598122001,"? ¿Listo para inspirarte? En el episodio 9 de Emprendiendo con Ganas, descubres cómo nació Qpaypro. ¡No te lo pierdas y escucha la historia detrás del éxito! ?️? 

Link del Podcast en nuestro perfil ?

#emprendiendoconganas #historiasdeexito #motivacion #emprendedora #emprendedoresexitosos #podcastdeemprendimiento #inspirateyemprende #podcast #guatemala502",Yes,0,3,VIDEO,https://scontent-dfw6-1.cdninstagram.com/o1/v/t2/f2/m86/AQOCdYD6KHA2ssbAA5RnPg3TN5e_hiXQBJ-dGrNt_Za5FJ22nj39g-4kU3Dnw7fptznlZQAbpDHLPlyEqoeUgi3NDefqFwqqgHTG6IM.mp4?_nc_cat=102&_nc_sid=5e9851&_nc_ht=scontent-dfw6-1.cdninstagram.com&_nc_ohc=luNnY0Y2MWkQ7kNvwGPQmxV&efg=eyJ2ZW5jb2RlX3RhZyI6Inhwdl9wcm9ncmVzc2l2ZS5JTlNUQUdSQU0uQ0xJUFMuQzMuMzU4LmRhc2hfYmFzZWxpbmVfM192MSIsInhwdl9hc3NldF9pZCI6Mzg5NDIyNTYwMDc5MzY1NSwiYXNzZXRfYWdlX2RheXMiOjY1NSwidmlfdXNlY2FzZV9pZCI6MTAwOTksImR1cmF0aW9uX3MiOjUyLCJ1cmxnZW5fc291cmNlIjoid3d3In0%3D&ccb=17-1&vs=395eb380e5a657a7&_nc_vs=HBksFQIYUmlnX3hwdl9yZWVsc19wZXJtYW5lbnRfc3JfcHJvZC8xRDREQTQxMUNENkJGRTZENkM4MzI3OEUzNjExNEFBM192aWRlb19kYXNoaW5pdC5tcDQVAALIARIAFQIYR2lnX3hwdl9yZWVsc19wZXJtYW5lbnRfc3JfcHJvZC8xNjI4OTQ5NjQxMDUxNDU4XzM2OTc3ODI5NTg5MTkzODY4MjkubXA0FQICyAESACgAGAAbAogHdXNlX29pbAExEnByb2dyZXNzaXZlX3JlY2lwZQExFQAAJu6w4tnh8eoNFQIoAkMzLBdASkQ5WBBiThgSZGFzaF9iYXNlbGluZV8zX3YxEQB1_gdl5p0BAA&_nc_gid=VRYKpTH16Yr5i-BRgrxB9g&edm=AM6HXa8EAAAA&_nc_zt=28&oh=00_AQK2043_9uq9UCCdWFoUhZlXT4nIgye1WFZqBdLcx2tnlg&oe=6A99ED7B,https://www.instagram.com/reel/DCZesFpNQgy/,DCZesFpNQgy,https://scontent-dfw5-1.cdninstagram.com/v/t51.71878-15/503311084_4071672283048985_2014497566607382031_n.jpg?stp=dst-jpg_e35_tt6&_nc_cat=106&ccb=7-5&_nc_sid=18de74&efg=eyJlZmdfdGFnIjoiQ0xJUFMuYmVzdF9pbWFnZV91cmxnZW4uQzMifQ%3D%3D&_nc_ohc=PvQUHPnqX_UQ7kNvwH6rxrb&_nc_oc=AdoKovqxQawjnnswPfxOwH2YrSjX4gO_ivq5wKgXcbUoWOaDRco8sOUWLac60ypMpms&_nc_zt=23&_nc_ht=scontent-dfw5-1.cdninstagram.com&edm=AM6HXa8EAAAA&_nc_gid=VRYKpTH16Yr5i-BRgrxB9g&_nc_tpa=Q5bMBQIDw50VlhMAtbclWnw348a_4tU5acibdwEC95vYAmt3XrUoSOQGbmDErzuBw55M4uPlGW2EIdVO&oh=00_AQKVrV0V_GkeqdB_wYxvMQkOTnWnwq5g7nxPo-qkJ0ChjA&oe=6A9DDF23,15 Nov 2024 04:08:04,qpaypro,REELS
17841443997027489,17985333818753210,"?️ ¡No te pierdas el episodio 4 de ""Emprendiendo con Ganas""! Si aún no lo has escuchado, es el momento perfecto. Sumérgete en historias inspiradoras y aprende de emprendedores que han alcanzado el éxito. ?? 

¡No te lo pierdas! Link en nuestro perfil ?️

#emprendiendoconganas #historiasdeexito #motivacion #emprendedora #emprendedoresexitosos #podcastdeemprendimiento #inspirateyemprende #podcast #guatemala502",Yes,0,3,VIDEO,https://scontent-dfw5-2.cdninstagram.com/o1/v/t2/f2/m86/AQMGtjVWr9TLXss_lo2cFMqptNUH0ROojM-0FixfvMw9zGSXb88iAM5NL8X5zkjNy5u6I0oK7Eap_ItI9jKVArdgnO--cSy0JXbR-cI.mp4?_nc_cat=104&_nc_sid=5e9851&_nc_ht=scontent-dfw5-2.cdninstagram.com&_nc_ohc=Ol4dYBe1Kp4Q7kNvwG1BE7b&efg=eyJ2ZW5jb2RlX3RhZyI6Inhwdl9wcm9ncmVzc2l2ZS5JTlNUQUdSQU0uQ0xJUFMuQzMuMzU4LmRhc2hfYmFzZWxpbmVfM192MSIsInhwdl9hc3NldF9pZCI6OTAxMzM0MzY4NjM3OTQzLCJhc3NldF9hZ2VfZGF5cyI6NjU2LCJ2aV91c2VjYXNlX2lkIjoxMDA5OSwiZHVyYXRpb25fcyI6NDIsInVybGdlbl9zb3VyY2UiOiJ3d3cifQ%3D%3D&ccb=17-1&vs=ebe01fa8a5bb33a1&_nc_vs=HBksFQIYUmlnX3hwdl9yZWVsc19wZXJtYW5lbnRfc3JfcHJvZC9GQzQ5NkMwMjQ0MEVFQzlFMTNFQjcxNDk4OTBGMDU4MV92aWRlb19kYXNoaW5pdC5tcDQVAALIARIAFQIYRmlnX3hwdl9yZWVsc19wZXJtYW5lbnRfc3JfcHJvZC85MTQ5NjQyOTY5MjkyMDFfNzU0MjI1NzY3MDA2ODc1ODU2NC5tcDQVAgLIARIAKAAYABsCiAd1c2Vfb2lsATEScHJvZ3Jlc3NpdmVfcmVjaXBlATEVAAAm7s_urcjwmQMVAigCQzMsF0BFQAAAAAAAGBJkYXNoX2Jhc2VsaW5lXzNfdjERAHX-B2XmnQEA&_nc_gid=VRYKpTH16Yr5i-BRgrxB9g&edm=AM6HXa8EAAAA&_nc_zt=28&oh=00_AQJ2hsazYI_gB2bDnmkPxsW24M1nxtWnuxsvd7TLLGLDYA&oe=6A99E8AD,https://www.instagram.com/reel/DCXcCulhQmo/,DCXcCulhQmo,https://scontent-dfw5-2.cdninstagram.com/v/t51.71878-15/501369414_1032952348809477_7631454986728128268_n.jpg?stp=dst-jpg_e35_tt6&_nc_cat=104&ccb=7-5&_nc_sid=18de74&efg=eyJlZmdfdGFnIjoiQ0xJUFMuYmVzdF9pbWFnZV91cmxnZW4uQzMifQ%3D%3D&_nc_ohc=5L0OFkCesv8Q7kNvwFp2P1S&_nc_oc=AdrkiZYS8CtGezFCubAlOOPShP7msoWOIGPRiZ4mTvnwGpilAPN60a-s8WkZYLN_rBs&_nc_zt=23&_nc_ht=scontent-dfw5-2.cdninstagram.com&edm=AM6HXa8EAAAA&_nc_gid=VRYKpTH16Yr5i-BRgrxB9g&_nc_tpa=Q5bMBQKF-_Nh3uWn3-Ku6Daqu1LF5XRXcRVpp2nqIUPCu-9HEB7yhGttDZ6YPb3VaEYm_-N2E5juOgW5&oh=00_AQJpZEnWKWOLD0v2MyLLLA3Cm7G0KDnzFUbjGfa5KoHdeA&oe=6A9DDAF8,14 Nov 2024 09:07:03,qpaypro,REELS
17841443997027489,18285303712213979,"En este episodio de Emprendiendo con Ganas, te compartimos tips y técnicas de marketing que realmente funcionan en el mercado digital. ? 

Link en nuestro perfil, no te lo pierdas ??

#emprendiendoconganas #historiasdeexito #motivacion #emprendedora #emprendedoresexitosos #podcastdeemprendimiento #inspirateyemprende #podcast #guatemala502",Yes,1,2,VIDEO,https://scontent-dfw5-2.cdninstagram.com/o1/v/t2/f2/m86/AQOSXAUlNa_WzS0SIGTIAgK3irVIKqe8J-WeNBhTC-ggW3QU4dx9OXy-2unQj7U7Nrx9gCqE9YmcorkVqjXLLjijd5JcHPJEIcpfV50.mp4?_nc_cat=104&_nc_sid=5e9851&_nc_ht=scontent-dfw5-2.cdninstagram.com&_nc_ohc=hiyj9cRO2lMQ7kNvwFie2Mz&efg=eyJ2ZW5jb2RlX3RhZyI6Inhwdl9wcm9ncmVzc2l2ZS5JTlNUQUdSQU0uQ0xJUFMuQzMuMzU4LmRhc2hfYmFzZWxpbmVfM192MSIsInhwdl9hc3NldF9pZCI6MTEwMjQ2MDUwODE2NjU5NSwiYXNzZXRfYWdlX2RheXMiOjY1NywidmlfdXNlY2FzZV9pZCI6MTAwOTksImR1cmF0aW9uX3MiOjExOSwidXJsZ2VuX3NvdXJjZSI6Ind3dyJ9&ccb=17-1&vs=281836e651e3a949&_nc_vs=HBksFQIYUmlnX3hwdl9yZWVsc19wZXJtYW5lbnRfc3JfcHJvZC8zRjQ4ODA5OTgyQUQzQjYxMDBFRjRBNjBBMjM1OUU5QV92aWRlb19kYXNoaW5pdC5tcDQVAALIARIAFQIYRmlnX3hwdl9yZWVsc19wZXJtYW5lbnRfc3JfcHJvZC81ODY5Njc5MTM5MTk2NzFfMzM3MDE3MjI5MDEzODc4OTg0My5tcDQVAgLIARIAKAAYABsCiAd1c2Vfb2lsATEScHJvZ3Jlc3NpdmVfcmVjaXBlATEVAAAmhue-79Kr9QMVAigCQzMsF0BdwhysCDEnGBJkYXNoX2Jhc2VsaW5lXzNfdjERAHX-B2XmnQEA&_nc_gid=VRYKpTH16Yr5i-BRgrxB9g&edm=AM6HXa8EAAAA&_nc_zt=28&oh=00_AQLMJV_qKaOKqHEaKmi3Ko9BquowhK748yMQKEXi8K8CHw&oe=6A99DC89,https://www.instagram.com/reel/DCUuJSHMK8s/,DCUuJSHMK8s,https://scontent-dfw5-1.cdninstagram.com/v/t51.71878-15/503841521_1244955773917067_7282439408364066430_n.jpg?stp=dst-jpg_e35_tt6&_nc_cat=106&ccb=7-5&_nc_sid=18de74&efg=eyJlZmdfdGFnIjoiQ0xJUFMuYmVzdF9pbWFnZV91cmxnZW4uQzMifQ%3D%3D&_nc_ohc=Mmx4USMZpuYQ7kNvwH4XLH9&_nc_oc=Adp2F3PlN48p0O8Dju2pU-SavMsA_E9V8E4airM_rzh3EIz9C5qj19rVzSx3j0zv58A&_nc_zt=23&_nc_ht=scontent-dfw5-1.cdninstagram.com&edm=AM6HXa8EAAAA&_nc_gid=VRYKpTH16Yr5i-BRgrxB9g&_nc_tpa=Q5bMBQK7Hn9Bzw69uK1sDZYqd8cN1YQ19BqylzfDN0vZPmNKNpm_d_Kb03kV7QfKaiVkVqzmaZGBsscV&oh=00_AQKlD60gupOL8uIz9as0b5rowLfxd9i8AB63WjcbjqMwaQ&oe=6A9DFC1D,13 Nov 2024 07:47:05,qpaypro,REELS
17841443997027489,18097163188427963,"? ¡Ya puedes escuchar el episodio 9 de Emprendiendo con Ganas! Descubre el viaje de Qpaypro hacia el éxito en el mundo de los pagos en línea ?✨ ¡Dale play! 

Link del Podcast en nuestro perfil ?

#emprendiendoconganas #historiasdeexito #motivacion #emprendedora #emprendedoresexitosos #podcastdeemprendimiento #inspirateyemprende #podcast #guatemala502",Yes,0,5,VIDEO,https://scontent-dfw6-2.cdninstagram.com/o1/v/t2/f2/m86/AQNyjMD5kGqAmxcNsyS-x3a6eBn_Rd1zEaj4dVxWv-RnWcVPvxIrw0l4ueifOKIJlvIdejTSoXQbW7GsckzhPL_dn3geDc2ZbuhoiX8.mp4?_nc_cat=110&_nc_sid=5e9851&_nc_ht=scontent-dfw6-2.cdninstagram.com&_nc_ohc=G4NEfJQhP_gQ7kNvwGOfQP9&efg=eyJ2ZW5jb2RlX3RhZyI6Inhwdl9wcm9ncmVzc2l2ZS5JTlNUQUdSQU0uQ0xJUFMuQzMuMzU4LmRhc2hfYmFzZWxpbmVfM192MSIsInhwdl9hc3NldF9pZCI6MTcyOTIzNTQxMDk1MDU4NSwiYXNzZXRfYWdlX2RheXMiOjY1NywidmlfdXNlY2FzZV9pZCI6MTAwOTksImR1cmF0aW9uX3MiOjQ4LCJ1cmxnZW5fc291cmNlIjoid3d3In0%3D&ccb=17-1&vs=f04346877cc3e723&_nc_vs=HBksFQIYUmlnX3hwdl9yZWVsc19wZXJtYW5lbnRfc3JfcHJvZC8wMDRCQUE4OEIyNkMzMDNERjA0QzlFNUUxNzc0MjFBOV92aWRlb19kYXNoaW5pdC5tcDQVAALIARIAFQIYR2lnX3hwdl9yZWVsc19wZXJtYW5lbnRfc3JfcHJvZC84MTYwNzIwMzE0MDMzNTc4Xzc0MjQzODMwNTUyNzk2NjQwMDIubXA0FQICyAESACgAGAAbAogHdXNlX29pbAExEnByb2dyZXNzaXZlX3JlY2lwZQExFQAAJvLmuObfrpIGFQIoAkMzLBdASGqfvnbItBgSZGFzaF9iYXNlbGluZV8zX3YxEQB1_gdl5p0BAA&_nc_gid=VRYKpTH16Yr5i-BRgrxB9g&edm=AM6HXa8EAAAA&_nc_zt=28&oh=00_AQIUY7vvN5r1B3chQw5iCktdHayUzm5VjkTcKnl3cEY3cg&oe=6A99D313,https://www.instagram.com/reel/DCUVBm8Ij64/,DCUVBm8Ij64,https://scontent-dfw5-2.cdninstagram.com/v/t51.71878-15/503834848_1874811186393006_2740179801810929884_n.jpg?stp=dst-jpg_e35_tt6&_nc_cat=107&ccb=7-5&_nc_sid=18de74&efg=eyJlZmdfdGFnIjoiQ0xJUFMuYmVzdF9pbWFnZV91cmxnZW4uQzMifQ%3D%3D&_nc_ohc=JY2Ck2kjwygQ7kNvwFdU6VY&_nc_oc=AdpzNzNic3I3xa9KhsDT_uKI3TMn1yIsUkTHUoGdQnWKHJRvRAoMpxjZ-sbsyjPVTpg&_nc_zt=23&_nc_ht=scontent-dfw5-2.cdninstagram.com&edm=AM6HXa8EAAAA&_nc_gid=VRYKpTH16Yr5i-BRgrxB9g&_nc_tpa=Q5bMBQKw9mJApKUQkmf4vaEhdPUl-ID15UTlO2PyGnMW7mU5RpHy9b_Ah2iOqkwoZP-nzITcUVeEhA2F&oh=00_AQJsv_hSWa01_iWiWmJk8uILzwX09DjB0iaVuuLBUsxoqg&oe=6A9DD807,13 Nov 2024 04:07:03,qpaypro,REELS
17841443997027489,18042515789130475,"?✨ ¡No te pierdas la historia inspiradora de Vivero Yamave! Descubre cómo una pasión por las plantas se convirtió en un negocio floreciente ?? Mira el episodio completo en todas nuestras plataformas

Link en nuestro perfil 

#emprendiendoconganas #historiasdeexito #motivacion #emprendedora #emprendedoresexitosos #podcastdeemprendimiento #inspirateyemprende #podcast #guatemala502",Yes,1,3,VIDEO,https://scontent-dfw6-1.cdninstagram.com/o1/v/t2/f2/m86/AQMXmI9nDRfJ9goE9Is5O1ouQaoZMQ0M3MfMfB8-pW7op5x4x8NPG-MkSAqp2elHBSWuUjrHY4dH0NI01Ih2gKfoBgcNPoRvKYUIueA.mp4?_nc_cat=103&_nc_sid=5e9851&_nc_ht=scontent-dfw6-1.cdninstagram.com&_nc_ohc=dkzLSA2BSrsQ7kNvwEFRaBF&efg=eyJ2ZW5jb2RlX3RhZyI6Inhwdl9wcm9ncmVzc2l2ZS5JTlNUQUdSQU0uQ0xJUFMuQzMuMzU4LmRhc2hfYmFzZWxpbmVfM192MSIsInhwdl9hc3NldF9pZCI6OTMwNzA4ODgyNDUzMTY4LCJhc3NldF9hZ2VfZGF5cyI6NjU4LCJ2aV91c2VjYXNlX2lkIjoxMDA5OSwiZHVyYXRpb25fcyI6NjgsInVybGdlbl9zb3VyY2UiOiJ3d3cifQ%3D%3D&ccb=17-1&vs=9618c376a07c7ddd&_nc_vs=HBksFQIYUmlnX3hwdl9yZWVsc19wZXJtYW5lbnRfc3JfcHJvZC9GRDRDMzg3MEI5RERBREYwQUYyNzE1RTBGNDg3OEM4NF92aWRlb19kYXNoaW5pdC5tcDQVAALIARIAFQIYR2lnX3hwdl9yZWVsc19wZXJtYW5lbnRfc3JfcHJvZC8xMDcwNzM1NTM4MTY3NTc1Xzc5NzMwMDY2NjA0NTM5OTYyMzYubXA0FQICyAESACgAGAAbAogHdXNlX29pbAExEnByb2dyZXNzaXZlX3JlY2lwZQExFQAAJuDKn8WxnqcDFQIoAkMzLBdAUREGJN0vGxgSZGFzaF9iYXNlbGluZV8zX3YxEQB1_gdl5p0BAA&_nc_gid=VRYKpTH16Yr5i-BRgrxB9g&edm=AM6HXa8EAAAA&_nc_zt=28&oh=00_AQJHgqEjUVrQyvt8I9Uq4CQ2qBvjnxOqsfngvouOiVzD-Q&oe=6A9A07CC,https://www.instagram.com/reel/DCSVbVhvmMD/,DCSVbVhvmMD,https://scontent-dfw5-1.cdninstagram.com/v/t51.71878-15/503672990_1076245501232838_2484983963271131218_n.jpg?stp=dst-jpg_e35_tt6&_nc_cat=106&ccb=7-5&_nc_sid=18de74&efg=eyJlZmdfdGFnIjoiQ0xJUFMuYmVzdF9pbWFnZV91cmxnZW4uQzMifQ%3D%3D&_nc_ohc=Eq5v3dB63-QQ7kNvwHdbPBu&_nc_oc=AdrDK6wvQ1WYGkNRdRcAMSnwgL2hQHIFNElZzmIOwFk-d8-DH7Eq1IHe79IJj6eWYk4&_nc_zt=23&_nc_ht=scontent-dfw5-1.cdninstagram.com&edm=AM6HXa8EAAAA&_nc_gid=VRYKpTH16Yr5i-BRgrxB9g&_nc_tpa=Q5bMBQKRVTHxL4OWQK1wpUbvB7VqLPwhfw1DU-ztXhA8vN53fv8sq6gNvQp8mT20Lrv8QbT5sHF0V7j1&oh=00_AQJ80qeHQqIMFDx9jIZ-TDkDkfKI3Gol8wBO_RpjjCPHlQ&oe=6A9DFBB0,12 Nov 2024 09:33:02,qpaypro,REELS
17841443997027489,17945904623777206,"Los audiolibros pueden ser el aliado perfecto para emprendedores que buscan aprender y crecer sin pausa. ¡No te lo pierdas del episodio 1 de Emprendiendo con Ganas y descubre esta y muchas herramientas clave más! 

Link en nuestro perfil ?️

#emprendiendoconganas #historiasdeexito #motivacion #emprendedora #emprendedoresexitosos #podcastdeemprendimiento #inspirateyemprende #podcast #guatemala502",Yes,2,4,VIDEO,https://scontent-dfw6-1.cdninstagram.com/o1/v/t2/f2/m86/AQP84sOV-fUdB4ryaHdQ9QDLtIHkVnna6Bgcjki2uFmELpF5BRkOpRlosddKUdYIH3fA7X37h196LQFU2sxSjxqSEl4o1hl7HVuy2Iw.mp4?_nc_cat=103&_nc_sid=5e9851&_nc_ht=scontent-dfw6-1.cdninstagram.com&_nc_ohc=heYzG-gadyoQ7kNvwGS_Wls&efg=eyJ2ZW5jb2RlX3RhZyI6Inhwdl9wcm9ncmVzc2l2ZS5JTlNUQUdSQU0uQ0xJUFMuQzMuMzU4LmRhc2hfYmFzZWxpbmVfM192MSIsInhwdl9hc3NldF9pZCI6MTEwNjc4Mzg3NDE1ODQ0MiwiYXNzZXRfYWdlX2RheXMiOjY1OCwidmlfdXNlY2FzZV9pZCI6MTAwOTksImR1cmF0aW9uX3MiOjQ3LCJ1cmxnZW5fc291cmNlIjoid3d3In0%3D&ccb=17-1&vs=cf8c4403e2f98365&_nc_vs=HBksFQIYUmlnX3hwdl9yZWVsc19wZXJtYW5lbnRfc3JfcHJvZC82NTQ0MzUwODE1MDNCMjQ3OUNCMTBEM0EzOUNFNkI5OF92aWRlb19kYXNoaW5pdC5tcDQVAALIARIAFQIYRmlnX3hwdl9yZWVsc19wZXJtYW5lbnRfc3JfcHJvZC81ODQ0Nzk3OTc0NDM2NTJfNjU2NzAzNDczNjk5MDQ5NDQ1OS5tcDQVAgLIARIAKAAYABsCiAd1c2Vfb2lsATEScHJvZ3Jlc3NpdmVfcmVjaXBlATEVAAAm1L3Muqan9wMVAigCQzMsF0BHqp--dsi0GBJkYXNoX2Jhc2VsaW5lXzNfdjERAHX-B2XmnQEA&_nc_gid=VRYKpTH16Yr5i-BRgrxB9g&edm=AM6HXa8EAAAA&_nc_zt=28&oh=00_AQJ9q0zQK0pUe7vziB6k7fsIsy5wEQMwG7NkJU_UTC3FJg&oe=6A9A0934,https://www.instagram.com/reel/DCSLldxs6vJ/,DCSLldxs6vJ,https://scontent-dfw6-1.cdninstagram.com/v/t51.71878-15/502760703_1257504075753087_4120960740963498947_n.jpg?stp=dst-jpg_e35_tt6&_nc_cat=102&ccb=7-5&_nc_sid=18de74&efg=eyJlZmdfdGFnIjoiQ0xJUFMuYmVzdF9pbWFnZV91cmxnZW4uQzMifQ%3D%3D&_nc_ohc=hDxXUX_mwpgQ7kNvwFocJ-p&_nc_oc=AdpT9dlu0fXLUBxK0qhVHWJLrSHiXMnBWydOi2GylQt1n9cZR_MMcClCVM00kzA-z84&_nc_zt=23&_nc_ht=scontent-dfw6-1.cdninstagram.com&edm=AM6HXa8EAAAA&_nc_gid=VRYKpTH16Yr5i-BRgrxB9g&_nc_tpa=Q5bMBQIYQOIzyonbqpsXfwO659md5T5nNu5VbDrEjjRO4lhWKWl6j01abWlKX2XZSBroDu08tR1DLKqj&oh=00_AQKGbsyHwjrbBTn7zYmOwRyuh8Bup48l6PCZKU9u3OPrqA&oe=6A9DFCC2,12 Nov 2024 08:07:03,qpaypro,REELS
17841443997027489,18379076035097824,"?️? ¡Este miércoles llega la historia de Qpaypro a Emprendiendo con Ganas! Descubre cómo una idea innovadora está transformando el mundo de los pagos digitales. ¡No te lo pierdas! 

Link del Podcast en nuestro perfil ?

#emprendiendoconganas #historiasdeexito #motivacion #emprendedora #emprendedoresexitosos #podcastdeemprendimiento #inspirateyemprende #podcast #guatemala502",Yes,0,3,VIDEO,https://scontent-dfw6-2.cdninstagram.com/o1/v/t2/f2/m86/AQNVAW74pCC862KJUIZhTcOUhXmkEP4MkJi3goKNu3PKNvFYYcq2oND3E1D8yZZBpbxYDg0UrLQnOvGt95nZXAFs3c_XezqyLJCetVA.mp4?_nc_cat=109&_nc_sid=5e9851&_nc_ht=scontent-dfw6-2.cdninstagram.com&_nc_ohc=qcsINALQRnMQ7kNvwHdjmV1&efg=eyJ2ZW5jb2RlX3RhZyI6Inhwdl9wcm9ncmVzc2l2ZS5JTlNUQUdSQU0uQ0xJUFMuQzMuMzU4LmRhc2hfYmFzZWxpbmVfM192MSIsInhwdl9hc3NldF9pZCI6NTU0MTY3MzczOTg5NjY2LCJhc3NldF9hZ2VfZGF5cyI6NjU5LCJ2aV91c2VjYXNlX2lkIjoxMDA5OSwiZHVyYXRpb25fcyI6NjIsInVybGdlbl9zb3VyY2UiOiJ3d3cifQ%3D%3D&ccb=17-1&vs=26e3db2aa19f2242&_nc_vs=HBksFQIYUmlnX3hwdl9yZWVsc19wZXJtYW5lbnRfc3JfcHJvZC9CRjQ4QzA3QUFBQjc1MzZFRTlGOEJDNzk1QzExRDk5OF92aWRlb19kYXNoaW5pdC5tcDQVAALIARIAFQIYR2lnX3hwdl9yZWVsc19wZXJtYW5lbnRfc3JfcHJvZC8xMjY1ODEzOTIxMzk0MTYyXzgwNTAyNDIwNzI4Njg3NTYwMzcubXA0FQICyAESACgAGAAbAogHdXNlX29pbAExEnByb2dyZXNzaXZlX3JlY2lwZQExFQAAJsScyNfkgPwBFQIoAkMzLBdAT2IMSbpeNRgSZGFzaF9iYXNlbGluZV8zX3YxEQB1_gdl5p0BAA&_nc_gid=VRYKpTH16Yr5i-BRgrxB9g&edm=AM6HXa8EAAAA&_nc_zt=28&oh=00_AQL3REhsKUwsPgnl9CyVMEplEQxkmXjBaM28JzuJedx08Q&oe=6A99F636,https://www.instagram.com/reel/DCPi9MiiZyr/,DCPi9MiiZyr,https://scontent-dfw5-1.cdninstagram.com/v/t51.71878-15/503226871_700291502710585_9164237465482512955_n.jpg?stp=dst-jpg_e35_tt6&_nc_cat=106&ccb=7-5&_nc_sid=18de74&efg=eyJlZmdfdGFnIjoiQ0xJUFMuYmVzdF9pbWFnZV91cmxnZW4uQzMifQ%3D%3D&_nc_ohc=eSc2lg5JWlsQ7kNvwGxwE06&_nc_oc=Adr1YJakMEUMUEbUSUk-s5wv0Yol2srzD1Df6LvnnWSe51tMqK81rnqIIlaXQYR2730&_nc_zt=23&_nc_ht=scontent-dfw5-1.cdninstagram.com&edm=AM6HXa8EAAAA&_nc_gid=VRYKpTH16Yr5i-BRgrxB9g&_nc_tpa=Q5bMBQKzxs9A34QfcpvyajdXH6VwG-YoPyqmvfeT4YtBu97W5Ey7eAvlnTU4Yki6DspWadqeTRFZz5N_&oh=00_AQKQ8rOO3oBaVelJQburQdP24t0o9W23O5fDKu0xOoVEyw&oe=6A9DCE68,11 Nov 2024 07:33:03,qpaypro,REELS
17841443997027489,18258627553255498,"?✨ Adaptarse o quedarse atrás. En este episodio de Emprendiendo con Ganas hablamos sobre cómo muchos negocios encontraron en la modalidad virtual una oportunidad para evolucionar después de la pandemia

¡No te lo pierdas! Link en nuestro perfil ?️

#emprendiendoconganas #historiasdeexito #motivacion #emprendedora #emprendedoresexitosos #podcastdeemprendimiento #inspirateyemprende #podcast #guatemala502",Yes,0,3,VIDEO,https://scontent-dfw5-2.cdninstagram.com/o1/v/t2/f2/m86/AQNGBCwBxv5umC4-SEs4c9LiIRF9K30oafJLntZjqkwV51DUO2V6sp0iwkJCXZG93Ai4flPAtnK3fAM-PWNB2TD32JYzPW-hYjckexc.mp4?_nc_cat=104&_nc_sid=5e9851&_nc_ht=scontent-dfw5-2.cdninstagram.com&_nc_ohc=4TV443t_dpAQ7kNvwHXBcwC&efg=eyJ2ZW5jb2RlX3RhZyI6Inhwdl9wcm9ncmVzc2l2ZS5JTlNUQUdSQU0uQ0xJUFMuQzMuMzU4LmRhc2hfYmFzZWxpbmVfM192MSIsInhwdl9hc3NldF9pZCI6OTcxNzExNDg3NzcxODMxLCJhc3NldF9hZ2VfZGF5cyI6NjU5LCJ2aV91c2VjYXNlX2lkIjoxMDA5OSwiZHVyYXRpb25fcyI6NTcsInVybGdlbl9zb3VyY2UiOiJ3d3cifQ%3D%3D&ccb=17-1&vs=1c536254d394a5bd&_nc_vs=HBksFQIYUmlnX3hwdl9yZWVsc19wZXJtYW5lbnRfc3JfcHJvZC85NTQwMDREMDg1QUZERTZERTJGQzYzRkY1MDQ3NURBQV92aWRlb19kYXNoaW5pdC5tcDQVAALIARIAFQIYRmlnX3hwdl9yZWVsc19wZXJtYW5lbnRfc3JfcHJvZC8xMDgyMDY5OTcwMDQzODQ3XzE5NTg0NjAzMDI5NDc1OTA4OC5tcDQVAgLIARIAKAAYABsCiAd1c2Vfb2lsATEScHJvZ3Jlc3NpdmVfcmVjaXBlATEVAAAm7pLs4IbxuQMVAigCQzMsF0BMndLxqfvnGBJkYXNoX2Jhc2VsaW5lXzNfdjERAHX-B2XmnQEA&_nc_gid=VRYKpTH16Yr5i-BRgrxB9g&edm=AM6HXa8EAAAA&_nc_zt=28&oh=00_AQKCxrWNNFpO1T1ue1egepLO15Sf_9_D3ZlbCRhRMJ2OWQ&oe=6A99EEFD,https://www.instagram.com/reel/DCPWxoKP8MF/,DCPWxoKP8MF,https://scontent-dfw5-1.cdninstagram.com/v/t51.71878-15/503214506_1104371447839167_2590138557985208530_n.jpg?stp=dst-jpg_e35_tt6&_nc_cat=105&ccb=7-5&_nc_sid=18de74&efg=eyJlZmdfdGFnIjoiQ0xJUFMuYmVzdF9pbWFnZV91cmxnZW4uQzMifQ%3D%3D&_nc_ohc=i3cCH-RZGtUQ7kNvwHrmaz2&_nc_oc=AdpX6tPISfMpYQZuSIjAjoCeol82N8w9MywA1vEzLGd6k_bRd3Nz762Pdu5kc7_fhjA&_nc_zt=23&_nc_ht=scontent-dfw5-1.cdninstagram.com&edm=AM6HXa8EAAAA&_nc_gid=VRYKpTH16Yr5i-BRgrxB9g&_nc_tpa=Q5bMBQIUywOpXdMbMVsPqW4cql02CJpYYaZJ50nuEqLmQRMcsqXIx6OzeKcX1lO_BJfEJJEJWakUtrLc&oh=00_AQINW-OvlKlPUosfYKIx-fyvYhyj2NaJ6yTad34tUQwgPw&oe=6A9DEF5A,11 Nov 2024 05:47:04,qpaypro,REELS
17841443997027489,18124590457392488,"? Los errores no son fracasos, ¡son lecciones! ? En este episodio de Emprendiendo con Ganas, hablamos sobre cómo aprender de cada tropiezo y sacar lo mejor de cada experiencia ? 

Link en nuestro perfil ?️

#emprendiendoconganas #historiasdeexito #motivacion #emprendedora #emprendedoresexitosos #podcastdeemprendimiento #inspirateyemprende #podcast #guatemala502",Yes,0,3,VIDEO,https://scontent-dfw6-2.cdninstagram.com/o1/v/t2/f2/m86/AQNGV0kcUe603LctcQqopxMeEefMYQhLUeVAuEg5zhf-BXDLjQfXJ8jzccatbQcqYJsh_rnG0t1gpnEWCYFgdOFFawq2iTkXxKrPzak.mp4?_nc_cat=109&_nc_sid=5e9851&_nc_ht=scontent-dfw6-2.cdninstagram.com&_nc_ohc=xUDsY6SnKlkQ7kNvwHOdQ0x&efg=eyJ2ZW5jb2RlX3RhZyI6Inhwdl9wcm9ncmVzc2l2ZS5JTlNUQUdSQU0uQ0xJUFMuQzMuMzU4LmRhc2hfYmFzZWxpbmVfM192MSIsInhwdl9hc3NldF9pZCI6MTIzNzUxMTE5MDc5NDgwMywiYXNzZXRfYWdlX2RheXMiOjY2MiwidmlfdXNlY2FzZV9pZCI6MTAwOTksImR1cmF0aW9uX3MiOjczLCJ1cmxnZW5fc291cmNlIjoid3d3In0%3D&ccb=17-1&vs=b13aac8327e0e542&_nc_vs=HBksFQIYUmlnX3hwdl9yZWVsc19wZXJtYW5lbnRfc3JfcHJvZC80MzQxNzZBQjM0N0Y1QTBCMjBCMEVBQjBENUE5NEZBRF92aWRlb19kYXNoaW5pdC5tcDQVAALIARIAFQIYRmlnX3hwdl9yZWVsc19wZXJtYW5lbnRfc3JfcHJvZC8zOTU0ODg4NTE0NzU2MDY1Xzg4Nzc0MTIxNTM2NTIyMDE1NC5tcDQVAgLIARIAKAAYABsCiAd1c2Vfb2lsATEScHJvZ3Jlc3NpdmVfcmVjaXBlATEVAAAm5sj27tDgsgQVAigCQzMsF0BSTMzMzMzNGBJkYXNoX2Jhc2VsaW5lXzNfdjERAHX-B2XmnQEA&_nc_gid=VRYKpTH16Yr5i-BRgrxB9g&edm=AM6HXa8EAAAA&_nc_zt=28&oh=00_AQIEiE4Ut1ssgyy2dvC3Pza1rxILTNhgzMbXe6Nw7TFOXw&oe=6A9A05AE,https://www.instagram.com/reel/DCH1DVoS4XQ/,DCH1DVoS4XQ,https://scontent-dfw5-1.cdninstagram.com/v/t51.71878-15/504003634_1379600026585918_5639471088344751137_n.jpg?stp=dst-jpg_e35_tt6&_nc_cat=106&ccb=7-5&_nc_sid=18de74&efg=eyJlZmdfdGFnIjoiQ0xJUFMuYmVzdF9pbWFnZV91cmxnZW4uQzMifQ%3D%3D&_nc_ohc=cMY9A_uds1QQ7kNvwGqTDJ7&_nc_oc=AdoOHhI3uQta7XSJNbOKMhQdoqpLhVEoAZ0QhD2gvb_-4qQnLKjZ-kQtvytpFJJFARA&_nc_zt=23&_nc_ht=scontent-dfw5-1.cdninstagram.com&edm=AM6HXa8EAAAA&_nc_gid=VRYKpTH16Yr5i-BRgrxB9g&_nc_tpa=Q5bMBQK0mT3TM_igIjeeRQy3cSKfMKcmMBVDjYmY8MYlAfdxoP6XYafLRSnhg3oH0YJ3CaJgZmz4Nmbm&oh=00_AQIxEB3TZgNRuzhzz7iDn1gbOIot-xfd5Ijousohma9Eng&oe=6A9DCDCB,08 Nov 2024 07:37:05,qpaypro,REELS
17841443997027489,17926658504971766,"? ¿Ya escuchaste el Episodio 8 de Emprendiendo con Ganas? Nuestro invitado especial, Julio del Cid, comparte cómo su pasión por las plantas se transformó en un negocio exitoso ?✨ No te pierdas su historia y los consejos que pueden inspirar tu próximo proyecto. ¡Dale play y conéctate con el mundo del emprendimiento! ? 

¡Escúchalo ahora! Link en nuestro perfil ?️

#emprendiendoconganas #historiasdeexito #motivacion #emprendedora #emprendedoresexitosos #podcastdeemprendimiento #inspirateyemprende #podcast #guatemala502",Yes,0,4,VIDEO,https://scontent-dfw5-2.cdninstagram.com/o1/v/t2/f2/m86/AQOOhgsang6zLX7smpZguuFOMQSOgD5WO09VSgHvSqZJrr537ik0D5s34EeWUydjSyYe0CueQaG0u5BZ6hFMVW0tQEtdaYpwAExasSc.mp4?_nc_cat=107&_nc_sid=5e9851&_nc_ht=scontent-dfw5-2.cdninstagram.com&_nc_ohc=c6h-a4WoAZwQ7kNvwG_xB1h&efg=eyJ2ZW5jb2RlX3RhZyI6Inhwdl9wcm9ncmVzc2l2ZS5JTlNUQUdSQU0uQ0xJUFMuQzMuMzU4LmRhc2hfYmFzZWxpbmVfM192MSIsInhwdl9hc3NldF9pZCI6NDMwODY2NDczMzkyMjI4LCJhc3NldF9hZ2VfZGF5cyI6NjYyLCJ2aV91c2VjYXNlX2lkIjoxMDA5OSwiZHVyYXRpb25fcyI6MzMsInVybGdlbl9zb3VyY2UiOiJ3d3cifQ%3D%3D&ccb=17-1&vs=795837dc19482bba&_nc_vs=HBksFQIYUmlnX3hwdl9yZWVsc19wZXJtYW5lbnRfc3JfcHJvZC8xNDQzMDg1ODIwQTc3N0IyOUZGNkEyRUVEODY0QTdCRl92aWRlb19kYXNoaW5pdC5tcDQVAALIARIAFQIYRmlnX3hwdl9yZWVsc19wZXJtYW5lbnRfc3JfcHJvZC85MDIwOTA2Mjg1NTM1OTlfNjA0NzMxNDQwNzk0OTk2NTg4My5tcDQVAgLIARIAKAAYABsCiAd1c2Vfb2lsATEScHJvZ3Jlc3NpdmVfcmVjaXBlATEVAAAmyOG8sd33wwEVAigCQzMsF0BAhDlYEGJOGBJkYXNoX2Jhc2VsaW5lXzNfdjERAHX-B2XmnQEA&_nc_gid=VRYKpTH16Yr5i-BRgrxB9g&edm=AM6HXa8EAAAA&_nc_zt=28&oh=00_AQKR_k5XfJ0cLi5UfwlzhiDFBWf0LFxvX87Ozs2H2kADjg&oe=6A99F27C,https://www.instagram.com/reel/DCHjz1JK07o/,DCHjz1JK07o,https://scontent-dfw6-2.cdninstagram.com/v/t51.71878-15/498711961_566468733165334_7119041934281617147_n.jpg?stp=dst-jpg_e35_tt6&_nc_cat=110&ccb=7-5&_nc_sid=18de74&efg=eyJlZmdfdGFnIjoiQ0xJUFMuYmVzdF9pbWFnZV91cmxnZW4uQzMifQ%3D%3D&_nc_ohc=_WaL-gMYklAQ7kNvwGRDHBp&_nc_oc=AdrpuZUFPPOoMBgde-fnJkVEZujrLx0cft9jL_Uje__Gwb3KIPw96MxIA3fK6_Sxo4A&_nc_zt=23&_nc_ht=scontent-dfw6-2.cdninstagram.com&edm=AM6HXa8EAAAA&_nc_gid=VRYKpTH16Yr5i-BRgrxB9g&_nc_tpa=Q5bMBQK_RIQa_fz1fnA3RmezTeYU6EKZE6wVTuFwYNnZ29oB6pvWUreH6-nw3NR3pBicwbCzuNNMiM_d&oh=00_AQJddcP5v2EMgjPTcyGjHiXrYCmt6q1dC5I-F6tSeUnEEA&oe=6A9DF199,08 Nov 2024 05:07:04,qpaypro,REELS
17841443997027489,18031500506341675,"?? Mezclar el dinero personal y del negocio es más común de lo que piensas ¿Te ha pasado? No te pierdas este episodio de Emprendiendo con Ganas donde te contamos cómo solucionarlo?️

Link del Podcast en nuestro perfil ? 

#emprendiendoconganas #historiasdeexito #motivacion #emprendedora #emprendedoresexitosos #podcastdeemprendimiento #inspirateyemprende #podcast #guatemala502",Yes,0,3,VIDEO,https://scontent-dfw5-2.cdninstagram.com/o1/v/t2/f2/m86/AQM7hBZESeMLAJHFSEVpTQgQIQKCxq7w-FQHSOD4k-KZXK8URUsIBdxX5Ddzo7-fvQj1JvKc1Vhxo14Uqn4TflpkN1Q1vgdRBGo54Pk.mp4?_nc_cat=104&_nc_sid=5e9851&_nc_ht=scontent-dfw5-2.cdninstagram.com&_nc_ohc=yOZTU1S12S4Q7kNvwGPRX_5&efg=eyJ2ZW5jb2RlX3RhZyI6Inhwdl9wcm9ncmVzc2l2ZS5JTlNUQUdSQU0uQ0xJUFMuQzMuMzU4LmRhc2hfYmFzZWxpbmVfM192MSIsInhwdl9hc3NldF9pZCI6MTA5MDIxODUyOTE3NDM0NywiYXNzZXRfYWdlX2RheXMiOjY2MywidmlfdXNlY2FzZV9pZCI6MTAwOTksImR1cmF0aW9uX3MiOjMwLCJ1cmxnZW5fc291cmNlIjoid3d3In0%3D&ccb=17-1&vs=4d440317b88bb861&_nc_vs=HBksFQIYUmlnX3hwdl9yZWVsc19wZXJtYW5lbnRfc3JfcHJvZC81NzRBRTA3QzVBMEM4OTMyRjg5RDVDQ0YwNTk2NkY5MF92aWRlb19kYXNoaW5pdC5tcDQVAALIARIAFQIYRmlnX3hwdl9yZWVsc19wZXJtYW5lbnRfc3JfcHJvZC81MzEwMDE0NzMxMTMxNDNfNzc0ODYyMDU4NDc1MjY4NjM4Ni5tcDQVAgLIARIAKAAYABsCiAd1c2Vfb2lsATEScHJvZ3Jlc3NpdmVfcmVjaXBlATEVAAAmls3Fgonj7wMVAigCQzMsF0A-5mZmZmZmGBJkYXNoX2Jhc2VsaW5lXzNfdjERAHX-B2XmnQEA&_nc_gid=VRYKpTH16Yr5i-BRgrxB9g&edm=AM6HXa8EAAAA&_nc_zt=28&oh=00_AQL2Q73KSY_BFiCfn9Dx8UFas1YktLPeQuuBe5t65tHutw&oe=6A99E315,https://www.instagram.com/reel/DCE7PAuMJYB/,DCE7PAuMJYB,https://scontent-dfw5-2.cdninstagram.com/v/t51.71878-15/502815811_1233878538141678_1865359503402866533_n.jpg?stp=dst-jpg_e35_tt6&_nc_cat=107&ccb=7-5&_nc_sid=18de74&efg=eyJlZmdfdGFnIjoiQ0xJUFMuYmVzdF9pbWFnZV91cmxnZW4uQzMifQ%3D%3D&_nc_ohc=dsxNcTWZnsUQ7kNvwGlhkFv&_nc_oc=Adr5ylcr85ZILRX5QaOCfXZ8-vF8gHGew213FuAmHFd4WZvUa61emfuKB9zDTcmiuxs&_nc_zt=23&_nc_ht=scontent-dfw5-2.cdninstagram.com&edm=AM6HXa8EAAAA&_nc_gid=VRYKpTH16Yr5i-BRgrxB9g&_nc_tpa=Q5bMBQKkNFG639jvmxBF0sXbfhvBtGSFtFFecfTmCrlKeyds4IjDuUPSyA6D7YdMh4I8OKE8_aEPAJmK&oh=00_AQKD7v51y2JPIikIKzhyMp7ViKGyQ56P4T6N0BKav-QgFw&oe=6A9DD48B,07 Nov 2024 04:34:03,qpaypro,REELS
17841443997027489,18126462385385793,"? ¿Estás invirtiendo lo suficiente en el crecimiento de tu negocio? En este episodio de Emprendiendo con Ganas, exploramos cómo una buena inversión en marketing puede ser el impulso que tu emprendimiento necesita para escalar y destacar en el mercado. 

¡No te lo pierdas y descubre por qué el marketing es una inversión, no un gasto! ?✨ Link en nuestro perfil",Yes,0,5,VIDEO,https://scontent-dfw5-1.cdninstagram.com/o1/v/t2/f2/m86/AQPqUVm6oE_VATgQmq6fRi9O74gmQ-CGLRHJkpXmBFcFhYRPhlJZjgz7CCHU6PpztZt0dubTSPuzfvIRYcCVThr65Ixfgsakz-4nxu4.mp4?_nc_cat=105&_nc_sid=5e9851&_nc_ht=scontent-dfw5-1.cdninstagram.com&_nc_ohc=QzN-dDT8Or4Q7kNvwFJS5gd&efg=eyJ2ZW5jb2RlX3RhZyI6Inhwdl9wcm9ncmVzc2l2ZS5JTlNUQUdSQU0uQ0xJUFMuQzMuMzU4LmRhc2hfYmFzZWxpbmVfM192MSIsInhwdl9hc3NldF9pZCI6ODcyOTE1ODA3OTU0ODY1LCJhc3NldF9hZ2VfZGF5cyI6NjY0LCJ2aV91c2VjYXNlX2lkIjoxMDA5OSwiZHVyYXRpb25fcyI6NTMsInVybGdlbl9zb3VyY2UiOiJ3d3cifQ%3D%3D&ccb=17-1&vs=e4e39c0564b7d749&_nc_vs=HBksFQIYUmlnX3hwdl9yZWVsc19wZXJtYW5lbnRfc3JfcHJvZC82MzQ0QTRDRDg1Q0Y0NUJCNjY2MDQzQzdGMDU1M0E5OV92aWRlb19kYXNoaW5pdC5tcDQVAALIARIAFQIYR2lnX3hwdl9yZWVsc19wZXJtYW5lbnRfc3JfcHJvZC8xNjMwMDg1NTE3NTQyMTI3XzcyMjcwNTc2NDc1MTMxMjg4MDMubXA0FQICyAESACgAGAAbAogHdXNlX29pbAExEnByb2dyZXNzaXZlX3JlY2lwZQExFQAAJuKet8qx-owDFQIoAkMzLBdASuqfvnbItBgSZGFzaF9iYXNlbGluZV8zX3YxEQB1_gdl5p0BAA&_nc_gid=VRYKpTH16Yr5i-BRgrxB9g&edm=AM6HXa8EAAAA&_nc_zt=28&oh=00_AQLVJ-GLNshHDwGATsZFwX1jO7cIXDXdwzNE2ygY1bpLeQ&oe=6A99D90A,https://www.instagram.com/reel/DCCrYhrPOlj/,DCCrYhrPOlj,https://scontent-dfw6-1.cdninstagram.com/v/t51.71878-15/499991551_998155835430861_1486867769079110764_n.jpg?stp=dst-jpg_e35_tt6&_nc_cat=103&ccb=7-5&_nc_sid=18de74&efg=eyJlZmdfdGFnIjoiQ0xJUFMuYmVzdF9pbWFnZV91cmxnZW4uQzMifQ%3D%3D&_nc_ohc=k3BeFdl23RgQ7kNvwHtRRdN&_nc_oc=AdoC3TLANWlSM8yDEfO6guznwSqT6g83aofRtIqI0q8ZRV2rMQkpOSsyuq1Bgwr4DqE&_nc_zt=23&_nc_ht=scontent-dfw6-1.cdninstagram.com&edm=AM6HXa8EAAAA&_nc_gid=VRYKpTH16Yr5i-BRgrxB9g&_nc_tpa=Q5bMBQJslovlx1S_J6sZaeXv2LbdThVNgAD83oNKCYn3ZsIbB8PZVAY3nvJaE2it3QokXSPN7zEuI1V5&oh=00_AQLkkgTC1prpTeC5ESbnOABMHc6FWIbAPMKHUegULUyNTQ&oe=6A9DE505,06 Nov 2024 07:37:03,qpaypro,REELS
17841443997027489,18042191485946777,"? ¡El Episodio 8 de Emprendiendo con Ganas ya está disponible en todas las plataformas! ?️ No te pierdas la historia de Julio del Cid, fundador de Vivero Yamavé, y descubre sus lecciones y estrategias para emprender con éxito ?✨ 

Link en nuestro perfil ?️

#emprendiendoconganas #historiasdeexito #motivacion #emprendedora #emprendedoresexitosos #podcastdeemprendimiento #inspirateyemprende #podcast #guatemala502",Yes,0,5,VIDEO,https://scontent-dfw5-1.cdninstagram.com/o1/v/t2/f2/m86/AQMhK3P79ygkG1-S0knGvO5IZAZkDY4Hj5Kp5SKnUNzE-830PPAwLyn3wmEtNwiyGRlINxfZI5UB15DRXkocZDV8ZJlT9giLVqYo0vs.mp4?_nc_cat=111&_nc_sid=5e9851&_nc_ht=scontent-dfw5-1.cdninstagram.com&_nc_ohc=TfeC5OxyuxQQ7kNvwHKd3Y3&efg=eyJ2ZW5jb2RlX3RhZyI6Inhwdl9wcm9ncmVzc2l2ZS5JTlNUQUdSQU0uQ0xJUFMuQzMuMzU4LmRhc2hfYmFzZWxpbmVfM192MSIsInhwdl9hc3NldF9pZCI6MTYyNTQ3ODE0NDk4OTcwMiwiYXNzZXRfYWdlX2RheXMiOjY2NCwidmlfdXNlY2FzZV9pZCI6MTAwOTksImR1cmF0aW9uX3MiOjUxLCJ1cmxnZW5fc291cmNlIjoid3d3In0%3D&ccb=17-1&vs=c9cc3f5ba537b94b&_nc_vs=HBksFQIYUmlnX3hwdl9yZWVsc19wZXJtYW5lbnRfc3JfcHJvZC9ENDRGOUYxQTg1RTNGNzFFREMyQzdDNjQwRUNDOEY5RF92aWRlb19kYXNoaW5pdC5tcDQVAALIARIAFQIYR2lnX3hwdl9yZWVsc19wZXJtYW5lbnRfc3JfcHJvZC8xMjQxMzQ4NzkzNzY0NTQ4XzM4MzIzNDU1NjQyNjIwMjIwODAubXA0FQICyAESACgAGAAbAogHdXNlX29pbAExEnByb2dyZXNzaXZlX3JlY2lwZQExFQAAJozo4Pajl-MFFQIoAkMzLBdASdU_fO2RaBgSZGFzaF9iYXNlbGluZV8zX3YxEQB1_gdl5p0BAA&_nc_gid=VRYKpTH16Yr5i-BRgrxB9g&edm=AM6HXa8EAAAA&_nc_zt=28&oh=00_AQIdmk2_rSBrxjw7fXMvLuDGiJebTebpcJiBi6_i0QRZiA&oe=6A99D9C8,https://www.instagram.com/reel/DCCS45aPHaJ/,DCCS45aPHaJ,https://scontent-dfw6-1.cdninstagram.com/v/t51.71878-15/503284416_1772172123653636_2087087215429348292_n.jpg?stp=dst-jpg_e35_tt6&_nc_cat=102&ccb=7-5&_nc_sid=18de74&efg=eyJlZmdfdGFnIjoiQ0xJUFMuYmVzdF9pbWFnZV91cmxnZW4uQzMifQ%3D%3D&_nc_ohc=k9h5NavFbegQ7kNvwHun0cP&_nc_oc=AdrAUObwwHxeMvq0-tKg9FApDGiqCi6dQ8j5RGTew1IgPGCwwKYZZO3qo8dYIF2Zp0Y&_nc_zt=23&_nc_ht=scontent-dfw6-1.cdninstagram.com&edm=AM6HXa8EAAAA&_nc_gid=VRYKpTH16Yr5i-BRgrxB9g&_nc_tpa=Q5bMBQK4yfBWRhfIX9jav2CPOQDP55AKPddbmHXNUyisfgC0T2C1AmJwcg7duqWEj6pl9oxd0HaIU0CL&oh=00_AQJ_qWNpticSADgAUrazURU8uqbDHEu2uN-QPN5x3seQgg&oe=6A9DD65C,06 Nov 2024 04:02:12,qpaypro,REELS
17841443997027489,18029041556168816,"?✨ En el episodio 7 de Emprendiendo con Ganas, Andrea nos cuenta cómo nació su marca Bikes&Road y la increíble fuerza del ciclismo para mejorar cuerpo y mente ?? 

¡No te lo pierdas! Link en nuestro perfil ?️

#emprendiendoconganas #historiasdeexito #motivacion #emprendedora #emprendedoresexitosos #podcastdeemprendimiento #inspirateyemprende #podcast #guatemala502",Yes,0,3,VIDEO,https://scontent-dfw6-2.cdninstagram.com/o1/v/t2/f2/m86/AQPMITolKHqzyiEiJemS6EbHr20-pkDxsxReO_cUhB8ch_ECQRaxxKXIzYxktlUZVfSyvbsZCKUQdWWayYe6NP3frZANXUHqaUzhVKs.mp4?_nc_cat=110&_nc_sid=5e9851&_nc_ht=scontent-dfw6-2.cdninstagram.com&_nc_ohc=E7i2NOYsaUgQ7kNvwGVkFNb&efg=eyJ2ZW5jb2RlX3RhZyI6Inhwdl9wcm9ncmVzc2l2ZS5JTlNUQUdSQU0uQ0xJUFMuQzMuMzU4LmRhc2hfYmFzZWxpbmVfM192MSIsInhwdl9hc3NldF9pZCI6NTI3NTk0ODU2OTI2MzIzLCJhc3NldF9hZ2VfZGF5cyI6NjY1LCJ2aV91c2VjYXNlX2lkIjoxMDA5OSwiZHVyYXRpb25fcyI6NzYsInVybGdlbl9zb3VyY2UiOiJ3d3cifQ%3D%3D&ccb=17-1&vs=40f5cd824111a995&_nc_vs=HBksFQIYUmlnX3hwdl9yZWVsc19wZXJtYW5lbnRfc3JfcHJvZC85MzQ5QkM2MjRFRjk1MTU1MTI5MDZFREU3RTQ4N0ZCRV92aWRlb19kYXNoaW5pdC5tcDQVAALIARIAFQIYRmlnX3hwdl9yZWVsc19wZXJtYW5lbnRfc3JfcHJvZC84NjExOTkzNzk1MTk2MDJfMjkwMTk3NjQzMjIxNjc5ODIxOS5tcDQVAgLIARIAKAAYABsCiAd1c2Vfb2lsATEScHJvZ3Jlc3NpdmVfcmVjaXBlATEVAAAm5rHCgIj27wEVAigCQzMsF0BTAAAAAAAAGBJkYXNoX2Jhc2VsaW5lXzNfdjERAHX-B2XmnQEA&_nc_gid=VRYKpTH16Yr5i-BRgrxB9g&edm=AM6HXa8EAAAA&_nc_zt=28&oh=00_AQKPV56arPpiWEzWnNjJ4tnK7QLCewsatlK9poFnrodHMg&oe=6A99D9DF,https://www.instagram.com/reel/DB_8S2KsZAH/,DB_8S2KsZAH,https://scontent-dfw5-1.cdninstagram.com/v/t51.71878-15/503204222_683857067966767_1509414438056031419_n.jpg?stp=dst-jpg_e35_tt6&_nc_cat=106&ccb=7-5&_nc_sid=18de74&efg=eyJlZmdfdGFnIjoiQ0xJUFMuYmVzdF9pbWFnZV91cmxnZW4uQzMifQ%3D%3D&_nc_ohc=KjJoEC5s1ygQ7kNvwFc80Ou&_nc_oc=AdrJJ6htnqGhvfb-I7hth529KXYxKeaO07Vauo-zbzsucJv2YtpZ9OEU6Gr0VB_dYIo&_nc_zt=23&_nc_ht=scontent-dfw5-1.cdninstagram.com&edm=AM6HXa8EAAAA&_nc_gid=VRYKpTH16Yr5i-BRgrxB9g&_nc_tpa=Q5bMBQLiQZYeEgjWVcojuOin4rslVD6FE_S7GWIMnm_GICP0BZj9qCMYNamjEQu6W8X6pmgWKh8J6DuK&oh=00_AQKgZ5VflsAMH26SQT1LRVX7YoLjud-YoRYynRKN3_E0ww&oe=6A9DD13A,05 Nov 2024 06:07:03,qpaypro,REELS
17841443997027489,18015799073359402,"✨¡No te pierdas el episodio 6 de Emprendiendo con Ganas con Kalhena! ??? ¡Disponible ya en todas nuestras redes sociales! 

Link en nuestro perfil ?️

#emprendiendoconganas #historiasdeexito #motivacion #emprendedora #emprendedoresexitosos #podcastdeemprendimiento #inspirateyemprende #podcast #guatemala502",Yes,0,6,VIDEO,https://scontent-dfw6-1.cdninstagram.com/o1/v/t2/f2/m86/AQOWFfj62WVekgPKAKyuu5T9Wrd4BUbOUBciHzGtZZEXS-sX1-4BefZ8WJ5xK51W5bQK3JvtDI8TiwVab4sLacAkahCI66ZvRDRgBow.mp4?_nc_cat=102&_nc_sid=5e9851&_nc_ht=scontent-dfw6-1.cdninstagram.com&_nc_ohc=oHamAP6VArwQ7kNvwGJ7sWQ&efg=eyJ2ZW5jb2RlX3RhZyI6Inhwdl9wcm9ncmVzc2l2ZS5JTlNUQUdSQU0uQ0xJUFMuQzMuMzU4LmRhc2hfYmFzZWxpbmVfM192MSIsInhwdl9hc3NldF9pZCI6MTc1NTgzNjc5ODQ5OTM1MiwiYXNzZXRfYWdlX2RheXMiOjY2NiwidmlfdXNlY2FzZV9pZCI6MTAwOTksImR1cmF0aW9uX3MiOjQyLCJ1cmxnZW5fc291cmNlIjoid3d3In0%3D&ccb=17-1&vs=a2e8d2954c14bc79&_nc_vs=HBksFQIYUmlnX3hwdl9yZWVsc19wZXJtYW5lbnRfc3JfcHJvZC8wQTQ3OTlGNjlFQkQ4OEE4RTVGM0MyMzJDODdDNjI4OV92aWRlb19kYXNoaW5pdC5tcDQVAALIARIAFQIYR2lnX3hwdl9yZWVsc19wZXJtYW5lbnRfc3JfcHJvZC8xMTIwMjMyNTEyOTQ3NjM3XzMzMzY2NzkwODE2NTY2Nzg3ODkubXA0FQICyAESACgAGAAbAogHdXNlX29pbAExEnByb2dyZXNzaXZlX3JlY2lwZQExFQAAJrDow8qTu54GFQIoAkMzLBdARSqfvnbItBgSZGFzaF9iYXNlbGluZV8zX3YxEQB1_gdl5p0BAA&_nc_gid=VRYKpTH16Yr5i-BRgrxB9g&edm=AM6HXa8EAAAA&_nc_zt=28&oh=00_AQLk2WVuED4OqVqAnX1GvGUqiLwQ3SwQjpgSmsHmnKNgCg&oe=6A9A03AB,https://www.instagram.com/reel/DB9bCArtsLo/,DB9bCArtsLo,https://scontent-dfw5-1.cdninstagram.com/v/t51.71878-15/503327566_1909380969811600_8378359499702856489_n.jpg?stp=dst-jpg_e35_tt6&_nc_cat=105&ccb=7-5&_nc_sid=18de74&efg=eyJlZmdfdGFnIjoiQ0xJUFMuYmVzdF9pbWFnZV91cmxnZW4uQzMifQ%3D%3D&_nc_ohc=dZoR965um_YQ7kNvwH3gzTO&_nc_oc=Adp3b-BVcEiPClkEaiBqniiWRG8P-ew-Uu4sRN6bFIJfMNavYM3h1onyiTX-5twyCRs&_nc_zt=23&_nc_ht=scontent-dfw5-1.cdninstagram.com&edm=AM6HXa8EAAAA&_nc_gid=VRYKpTH16Yr5i-BRgrxB9g&_nc_tpa=Q5bMBQIDElgDyT2irlFb_q3SN-km-nx3_cmR-DjVVPkXHU8bt6o2jn97Y-QobBb3rvyJNZiNhlHdrWlx&oh=00_AQKbYArpkVtQJSX81jprH-hDYvOqJNuRbNQ5ouQ-2Z744Q&oe=6A9DD733,04 Nov 2024 06:37:03,qpaypro,REELS
17841443997027489,18027169910525934,"✨? ¡Próximamente en Emprendiendo con Ganas! Nos acompaña Julio del Cid, fundador de Vivero Yamavé, para compartir su inspiradora historia y aprendizajes en el mundo del emprendimiento. ¡Mantente atento para escuchar este episodio lleno de insights y motivación! ??️ 

Link en nuestro perfil próximamente ?️

#emprendiendoconganas #historiasdeexito #motivacion #emprendedora #emprendedoresexitosos #podcastdeemprendimiento #inspirateyemprende #podcast #guatemala502",Yes,0,4,VIDEO,https://scontent-dfw5-2.cdninstagram.com/o1/v/t2/f2/m86/AQMGvRM2VhgROPc4NqiO-FFs_ZeNWIH3pWSXBbs9wwfQeQHHaP47RUaICNBAiZtEFLkOT8w7QSsUe6QVBi9j9dON8GGakSe_DVsx0Jw.mp4?_nc_cat=107&_nc_sid=5e9851&_nc_ht=scontent-dfw5-2.cdninstagram.com&_nc_ohc=YLOcgA-BxRIQ7kNvwGNO2ca&efg=eyJ2ZW5jb2RlX3RhZyI6Inhwdl9wcm9ncmVzc2l2ZS5JTlNUQUdSQU0uQ0xJUFMuQzMuMzU4LmRhc2hfYmFzZWxpbmVfM192MSIsInhwdl9hc3NldF9pZCI6MTE5NzU5NDk4MTMyNjM0NCwiYXNzZXRfYWdlX2RheXMiOjY2NiwidmlfdXNlY2FzZV9pZCI6MTAwOTksImR1cmF0aW9uX3MiOjQwLCJ1cmxnZW5fc291cmNlIjoid3d3In0%3D&ccb=17-1&vs=e78cbe8de4bf85ec&_nc_vs=HBksFQIYUmlnX3hwdl9yZWVsc19wZXJtYW5lbnRfc3JfcHJvZC8yRTQxQTIwM0U3N0UwMkVDOTMyMEQ3MjhBMDUwMDhBM192aWRlb19kYXNoaW5pdC5tcDQVAALIARIAFQIYRmlnX3hwdl9yZWVsc19wZXJtYW5lbnRfc3JfcHJvZC81MjI0MzA2OTA2MTcwODZfMzkyODAwMzU4NzM5Njk4NzA4Ni5tcDQVAgLIARIAKAAYABsCiAd1c2Vfb2lsATEScHJvZ3Jlc3NpdmVfcmVjaXBlATEVAAAmkPiS95nNoAQVAigCQzMsF0BEGZmZmZmaGBJkYXNoX2Jhc2VsaW5lXzNfdjERAHX-B2XmnQEA&_nc_gid=VRYKpTH16Yr5i-BRgrxB9g&edm=AM6HXa8EAAAA&_nc_zt=28&oh=00_AQLp2tCHReccyZ_Eo3wtQ_xRKTj5eYSWsk1o5L1Kg4qAjw&oe=6A99DE50,https://www.instagram.com/reel/DB9MH5-qirx/,DB9MH5-qirx,https://scontent-dfw5-2.cdninstagram.com/v/t51.71878-15/503213210_1339499873802520_3311116387640625150_n.jpg?stp=dst-jpg_e35_tt6&_nc_cat=100&ccb=7-5&_nc_sid=18de74&efg=eyJlZmdfdGFnIjoiQ0xJUFMuYmVzdF9pbWFnZV91cmxnZW4uQzMifQ%3D%3D&_nc_ohc=40Nfr1JycEEQ7kNvwHurouY&_nc_oc=AdojmllKnL99SHr-Bt-71oin_7LRVtoO3clibJP--9wBjIqeIYGYrOgotwmRz6jNsAw&_nc_zt=23&_nc_ht=scontent-dfw5-2.cdninstagram.com&edm=AM6HXa8EAAAA&_nc_gid=VRYKpTH16Yr5i-BRgrxB9g&_nc_tpa=Q5bMBQKe4US47QWfFubqsokcn-pYO9g-YAQRToiCOkL-400YlR7wUwZNG8Ugqi1kixqgBLUHiHYMCz9b&oh=00_AQJbKNs2haJ10QZfbZeQZir8ogVdkLftBAr0dHxcp3UCPQ&oe=6A9DE281,04 Nov 2024 04:27:04,qpaypro,REELS
17841443997027489,18030853187363454,"? En el episodio 3 de Emprendiendo con Ganas, Jefferson, fundador de Recipe Makeup, nos cuenta cómo descubrió su pasión por el emprendimiento y supo que estaba hecho para este camino ?? 

¡No te lo pierdas! Link en nuestro perfil ?️

#emprendiendoconganas #historiasdeexito #motivacion #emprendedora #emprendedoresexitosos #podcastdeemprendimiento #inspirateyemprende #podcast #guatemala502",Yes,0,4,VIDEO,https://scontent-dfw5-2.cdninstagram.com/o1/v/t2/f2/m86/AQNnnBv_1xyydce51hi8PrjpaZ1JhFQghQK5PxZjuqxP7aFiZ13Ln0fz0ArtQGlbfG0OzkWNb7ZbaRziW-2KotPYfYffqOt0ptXbGME.mp4?_nc_cat=107&_nc_sid=5e9851&_nc_ht=scontent-dfw5-2.cdninstagram.com&_nc_ohc=gifIzqpxcQIQ7kNvwGZAx6l&efg=eyJ2ZW5jb2RlX3RhZyI6Inhwdl9wcm9ncmVzc2l2ZS5JTlNUQUdSQU0uQ0xJUFMuQzMuMzU4LmRhc2hfYmFzZWxpbmVfM192MSIsInhwdl9hc3NldF9pZCI6MjU3MzUxODM1MjgzNjQ1OCwiYXNzZXRfYWdlX2RheXMiOjY2OSwidmlfdXNlY2FzZV9pZCI6MTAwOTksImR1cmF0aW9uX3MiOjQ3LCJ1cmxnZW5fc291cmNlIjoid3d3In0%3D&ccb=17-1&vs=28bb0c099f8e2da8&_nc_vs=HBksFQIYUmlnX3hwdl9yZWVsc19wZXJtYW5lbnRfc3JfcHJvZC82MDQ1QkU2OTA3QjMzQzVEOUJGNDE2QTlBMUU4RkFCN192aWRlb19kYXNoaW5pdC5tcDQVAALIARIAFQIYR2lnX3hwdl9yZWVsc19wZXJtYW5lbnRfc3JfcHJvZC8xMDgxNzMyNzQwMDU3MjAwXzMwMDk0MTIwMzY5NzI4OTEyOTgubXA0FQICyAESACgAGAAbAogHdXNlX29pbAExEnByb2dyZXNzaXZlX3JlY2lwZQExFQAAJtSd8_O9ppIJFQIoAkMzLBdAR8hysCDEnBgSZGFzaF9iYXNlbGluZV8zX3YxEQB1_gdl5p0BAA&_nc_gid=VRYKpTH16Yr5i-BRgrxB9g&edm=AM6HXa8EAAAA&_nc_zt=28&oh=00_AQKXAsY_GOpSEB_c1SDPPLEsIfV7rjYbtW2Muw8Kiqqemw&oe=6A99DDF8,https://www.instagram.com/reel/DB167E7ij6v/,DB167E7ij6v,https://scontent-dfw5-1.cdninstagram.com/v/t51.71878-15/503950511_2764314670423491_4655067593758797608_n.jpg?stp=dst-jpg_e35_tt6&_nc_cat=105&ccb=7-5&_nc_sid=18de74&efg=eyJlZmdfdGFnIjoiQ0xJUFMuYmVzdF9pbWFnZV91cmxnZW4uQzMifQ%3D%3D&_nc_ohc=9jCPi5pYkNsQ7kNvwHaaf3n&_nc_oc=Adqe2J_4mD9Rjk36YnJTZxC0adQKDVg9Bt1tBh14dSxivE7OvgOPxwGqEby2yoCtAQU&_nc_zt=23&_nc_ht=scontent-dfw5-1.cdninstagram.com&edm=AM6HXa8EAAAA&_nc_gid=VRYKpTH16Yr5i-BRgrxB9g&_nc_tpa=Q5bMBQJI7i_e_P7bWCmRVKAdlwroLl-yeVOweNutb8ZUEChCiCQZt4zYM7QNsG6VEamYGwVh5qqV_3qQ&oh=00_AQIH1aLPvo6SsYgwxvZMBEoWJ7xVJzqgw5l0hu413eOTMg&oe=6A9DEC5F,01 Nov 2024 08:42:02,qpaypro,REELS
17841443997027489,17946562001879414,"? La pandemia fue un desafío enorme para muchos negocios, y Bikes & Road no fue la excepción? Pero con esfuerzo y resiliencia, lograron salir adelante. ? Descubre cómo lo hicieron en el episodio 7 de Emprendiendo con Ganas.

¡No te lo pierdas! ? Link en nuestro perfil ?️
#emprendiendoconganas #historiasdeexito #motivacion #emprendedora #emprendedoresexitosos #podcastdeemprendimiento #inspirateyemprende #podcast #guatemala502",Yes,0,4,VIDEO,https://scontent-dfw6-2.cdninstagram.com/o1/v/t2/f2/m86/AQMoGu972CMNK1IZFNrElFMBU7I1MOf_NkVnkv-YS35kQIMzz8thg3XYowGr2mK_Ju2Eod0lCN2vG4EFgkA0GLU_0VkG5imdNHfHcOc.mp4?_nc_cat=110&_nc_sid=5e9851&_nc_ht=scontent-dfw6-2.cdninstagram.com&_nc_ohc=_9k86a1u4AoQ7kNvwGwaD6j&efg=eyJ2ZW5jb2RlX3RhZyI6Inhwdl9wcm9ncmVzc2l2ZS5JTlNUQUdSQU0uQ0xJUFMuQzMuMzU4LmRhc2hfYmFzZWxpbmVfM192MSIsInhwdl9hc3NldF9pZCI6NTcxNzkwMjg4NjQwOTc4LCJhc3NldF9hZ2VfZGF5cyI6NjY5LCJ2aV91c2VjYXNlX2lkIjoxMDA5OSwiZHVyYXRpb25fcyI6NTUsInVybGdlbl9zb3VyY2UiOiJ3d3cifQ%3D%3D&ccb=17-1&vs=beecacc69f67f980&_nc_vs=HBksFQIYUmlnX3hwdl9yZWVsc19wZXJtYW5lbnRfc3JfcHJvZC80ODQyRDMyNTE3NUVCODkyNDUzNDY0QzYyRUQ3NUQ4NV92aWRlb19kYXNoaW5pdC5tcDQVAALIARIAFQIYR2lnX3hwdl9yZWVsc19wZXJtYW5lbnRfc3JfcHJvZC8xMDkzODM2OTE4MjcwNzcxXzIyODg4MjAxNDQ2NjcyMzgxNzEubXA0FQICyAESACgAGAAbAogHdXNlX29pbAExEnByb2dyZXNzaXZlX3JlY2lwZQExFQAAJqTv0tDJgoQCFQIoAkMzLBdAS8hysCDEnBgSZGFzaF9iYXNlbGluZV8zX3YxEQB1_gdl5p0BAA&_nc_gid=VRYKpTH16Yr5i-BRgrxB9g&edm=AM6HXa8EAAAA&_nc_zt=28&oh=00_AQLPydFGRdB6tpEDCJg7h9ygD6O7n7LkxvjLL9EWdHh8VA&oe=6A9A08FB,https://www.instagram.com/reel/DB1dGGMqUjK/,DB1dGGMqUjK,https://scontent-dfw6-1.cdninstagram.com/v/t51.71878-15/502172870_719495107203828_3008664591847414688_n.jpg?stp=dst-jpg_e35_tt6&_nc_cat=101&ccb=7-5&_nc_sid=18de74&efg=eyJlZmdfdGFnIjoiQ0xJUFMuYmVzdF9pbWFnZV91cmxnZW4uQzMifQ%3D%3D&_nc_ohc=f1FyQsyfBYAQ7kNvwEQz7p9&_nc_oc=AdrUePBQHDlJi90CtWD6El-0fKryRUahy5NKrIQAa61gwYpdA3RdBs5kPzTiZSvvk1c&_nc_zt=23&_nc_ht=scontent-dfw6-1.cdninstagram.com&edm=AM6HXa8EAAAA&_nc_gid=VRYKpTH16Yr5i-BRgrxB9g&_nc_tpa=Q5bMBQImFQmJJu9YASBs43uI1e7papyI3Cu4zq4d2lYYU_MEjJk0SarWWXc1s4RRP3Qp5s1QblSf6200&oh=00_AQKNv7JQIz-qrVl7gQEy50rJ9QwNV5hzAOHRvkQOKQwb5A&oe=6A9DCB4F,01 Nov 2024 04:22:03,qpaypro,REELS
17841443997027489,18466970854011431,"El episodio 4 de ""Emprendiendo con Ganas""! Si aún no lo has escuchado, ¡no te lo pierdas! Descubre valiosas lecciones y consejos de emprendedores que han transformado sus sueños en realidad. ?✨",Yes,0,3,VIDEO,https://scontent-dfw5-2.cdninstagram.com/o1/v/t2/f2/m86/AQMtjSbfsSu2a8VTN-FyKE0osT4AYlYrgRhF6fZaNhqq3iJefRcwXdVzcKIyhKGwRFISjiUMeEAGD9_DhIsSBLFvJfkvafO4Oeq3nKw.mp4?_nc_cat=107&_nc_sid=5e9851&_nc_ht=scontent-dfw5-2.cdninstagram.com&_nc_ohc=3JysXFvqQhoQ7kNvwGRkIl_&efg=eyJ2ZW5jb2RlX3RhZyI6Inhwdl9wcm9ncmVzc2l2ZS5JTlNUQUdSQU0uQ0xJUFMuQzMuMzU4LmRhc2hfYmFzZWxpbmVfM192MSIsInhwdl9hc3NldF9pZCI6MTc1Nzg3NTM4MTY1MjI5MCwiYXNzZXRfYWdlX2RheXMiOjY3MCwidmlfdXNlY2FzZV9pZCI6MTAwOTksImR1cmF0aW9uX3MiOjQ3LCJ1cmxnZW5fc291cmNlIjoid3d3In0%3D&ccb=17-1&vs=8cfe48f3209a380e&_nc_vs=HBksFQIYUmlnX3hwdl9yZWVsc19wZXJtYW5lbnRfc3JfcHJvZC9FMDQzMzY1RkQ4NDVERkQyNTQwQjc5RTlDMDEzODlCQV92aWRlb19kYXNoaW5pdC5tcDQVAALIARIAFQIYRWlnX3hwdl9yZWVsc19wZXJtYW5lbnRfc3JfcHJvZC80MzY5NzExMDk0MzM3MzVfNjg3MDg1NjI5OTE0MTk5NDgwLm1wNBUCAsgBEgAoABgAGwKIB3VzZV9vaWwBMRJwcm9ncmVzc2l2ZV9yZWNpcGUBMRUAACaErfaa6LGfBhUCKAJDMywXQEeRBiTdLxsYEmRhc2hfYmFzZWxpbmVfM192MREAdf4HZeadAQA&_nc_gid=VRYKpTH16Yr5i-BRgrxB9g&edm=AM6HXa8EAAAA&_nc_zt=28&oh=00_AQKrpXha0DvYhs5XbsrEGYqaPHizjONrHKHH_dQFyMhmKg&oe=6A9A00B4,https://www.instagram.com/reel/DBzIWKlRRiA/,DBzIWKlRRiA,https://scontent-dfw5-2.cdninstagram.com/v/t51.71878-15/504088010_1920064165433410_8118420294832673255_n.jpg?stp=dst-jpg_e35_tt6&_nc_cat=100&ccb=7-5&_nc_sid=18de74&efg=eyJlZmdfdGFnIjoiQ0xJUFMuYmVzdF9pbWFnZV91cmxnZW4uQzMifQ%3D%3D&_nc_ohc=0akgwTocgPEQ7kNvwHmC9r4&_nc_oc=AdoLXpZuoe4fa1Hj0nfhD9IRW1P8UVb2P-oCJ_UB7R2JqEP36IzlxkKICAm7yyBSgdA&_nc_zt=23&_nc_ht=scontent-dfw5-2.cdninstagram.com&edm=AM6HXa8EAAAA&_nc_gid=VRYKpTH16Yr5i-BRgrxB9g&_nc_tpa=Q5bMBQJ9ThQPLPvzBCNmTz3HdQQ8GOrx_q4GEkvwi-UAEDU1UleuIXZxtU2a-ULIk8XR_d_XHasm8cXl&oh=00_AQJ6SZQx40QiceowpRADOnjZYPgYGqg81wUAY6iXxKDyqA&oe=6A9DD18A,31 Oct 2024 06:42:02,qpaypro,REELS
17841443997027489,18464896186055847,"? ¿Estás aprovechando al máximo tus canales digitales? ? En este episodio de Emprendiendo con Ganas, exploramos por qué buscar nuevas formas de hacer que tu presencia digital realmente conecte con tu audiencia es clave para el éxito.

Link en nuestro perfil, no te lo pierdas ??

#emprendiendoconganas #historiasdeexito #motivacion #emprendedora #emprendedoresexitosos #podcastdeemprendimiento #inspirateyemprende #podcast #guatemala502",Yes,0,5,VIDEO,https://scontent-dfw5-1.cdninstagram.com/o1/v/t2/f2/m86/AQMDZlVbYq4C8KVBv73DqGXQHlo8IVepiGzktDnulfJPmDtReRhwhmasRTwWNO8nsbLdAgLSLXg9OvM3jNQQNJiz5kIYj3KcAF5LuvU.mp4?_nc_cat=106&_nc_sid=5e9851&_nc_ht=scontent-dfw5-1.cdninstagram.com&_nc_ohc=SQ-OFMjwQUEQ7kNvwECoG7X&efg=eyJ2ZW5jb2RlX3RhZyI6Inhwdl9wcm9ncmVzc2l2ZS5JTlNUQUdSQU0uQ0xJUFMuQzMuMzU4LmRhc2hfYmFzZWxpbmVfM192MSIsInhwdl9hc3NldF9pZCI6MTE0NTA5MDk3MDI4MTE0MSwiYXNzZXRfYWdlX2RheXMiOjY3MSwidmlfdXNlY2FzZV9pZCI6MTAwOTksImR1cmF0aW9uX3MiOjc5LCJ1cmxnZW5fc291cmNlIjoid3d3In0%3D&ccb=17-1&vs=fcfcf531270ebfb9&_nc_vs=HBksFQIYUmlnX3hwdl9yZWVsc19wZXJtYW5lbnRfc3JfcHJvZC8xQzQwM0UyMDg4OUZBMjgyMzczOUIxNzU5RDZEMENBMl92aWRlb19kYXNoaW5pdC5tcDQVAALIARIAFQIYRmlnX3hwdl9yZWVsc19wZXJtYW5lbnRfc3JfcHJvZC84NDkwNjgyMzczMDgyNTlfMzgzNTk2Mjg4NzExMjA0MzE2My5tcDQVAgLIARIAKAAYABsCiAd1c2Vfb2lsATEScHJvZ3Jlc3NpdmVfcmVjaXBlATEVAAAm6pKnyIjdiAQVAigCQzMsF0BTxDlYEGJOGBJkYXNoX2Jhc2VsaW5lXzNfdjERAHX-B2XmnQEA&_nc_gid=VRYKpTH16Yr5i-BRgrxB9g&edm=AM6HXa8EAAAA&_nc_zt=28&oh=00_AQK2chPO4JuLWriss0L3BZrTQgRn4Gvz09bkTf7kIzHsxg&oe=6A99DC37,https://www.instagram.com/reel/DBwp0oMi0iN/,DBwp0oMi0iN,https://scontent-dfw5-2.cdninstagram.com/v/t51.71878-15/503295223_1305527810904122_3149423400761321890_n.jpg?stp=dst-jpg_e35_tt6&_nc_cat=107&ccb=7-5&_nc_sid=18de74&efg=eyJlZmdfdGFnIjoiQ0xJUFMuYmVzdF9pbWFnZV91cmxnZW4uQzMifQ%3D%3D&_nc_ohc=LXaiVjykFu0Q7kNvwGYZZee&_nc_oc=AdrpO9EAwnSu2JAIjZuxGEqU5e-3LhScO9E1hd_846CGNI1pao2b388vVyppZDuracQ&_nc_zt=23&_nc_ht=scontent-dfw5-2.cdninstagram.com&edm=AM6HXa8EAAAA&_nc_gid=VRYKpTH16Yr5i-BRgrxB9g&_nc_tpa=Q5bMBQI0Cv_upLOVFwHoSXvJrZbMtIruEP_EM2YLskPZzCP8rGcuB4yyHA0TiB0-8MRTFKwMdSsjBoJH&oh=00_AQJ1VWVqTiW1qjn_iwqk_5PjlFM3zDDbwAHoA-zR0zItrw&oe=6A9DEDC2,30 Oct 2024 07:37:03,qpaypro,REELS
17841443997027489,17889593100099518,"? ¡Ya está disponible el episodio 7 de Emprendiendo con Ganas! ?No te pierdas la inspiradora historia de Andrea Álvarez, fundadora de @bikesandroad.gt y cómo convirtió una pasión en un negocio exitoso. ?? 
¡Escúchalo ahora! Link en nuestro perfil ?️

#emprendiendoconganas #historiasdeexito #motivacion #emprendedora #emprendedoresexitosos #podcastdeemprendimiento #inspirateyemprende #podcast #guatemala502",Yes,1,8,VIDEO,https://scontent-dfw5-2.cdninstagram.com/o1/v/t2/f2/m86/AQPvl9JqIGbdDw92BC3ghgBvr92n4VEumb5IRyHroh1HKCFXUQ2xJhw4L0q4JLpkH8kLVE1IwQc5Uzf0GSzyddvaSrzWEVBmdHnd14U.mp4?_nc_cat=104&_nc_sid=5e9851&_nc_ht=scontent-dfw5-2.cdninstagram.com&_nc_ohc=f-WoGzkTKDUQ7kNvwGFtRqq&efg=eyJ2ZW5jb2RlX3RhZyI6Inhwdl9wcm9ncmVzc2l2ZS5JTlNUQUdSQU0uQ0xJUFMuQzMuMzU4LmRhc2hfYmFzZWxpbmVfM192MSIsInhwdl9hc3NldF9pZCI6NTMzODk2NzE5NjAzNDg3LCJhc3NldF9hZ2VfZGF5cyI6NjcxLCJ2aV91c2VjYXNlX2lkIjoxMDA5OSwiZHVyYXRpb25fcyI6NDksInVybGdlbl9zb3VyY2UiOiJ3d3cifQ%3D%3D&ccb=17-1&vs=c417ee46c48b12be&_nc_vs=HBksFQIYUmlnX3hwdl9yZWVsc19wZXJtYW5lbnRfc3JfcHJvZC85MzQzQzA5NTQ2OTYwMTJEOUEwNjg1OUQyRTlBRUM5N192aWRlb19kYXNoaW5pdC5tcDQVAALIARIAFQIYRmlnX3hwdl9yZWVsc19wZXJtYW5lbnRfc3JfcHJvZC81Nzk1ODMyMjExOTkzMThfOTE5ODAzMzgwMTU1MzA0MTgzNS5tcDQVAgLIARIAKAAYABsCiAd1c2Vfb2lsATEScHJvZ3Jlc3NpdmVfcmVjaXBlATEVAAAmvtyMxfDk8gEVAigCQzMsF0BIt2yLQ5WBGBJkYXNoX2Jhc2VsaW5lXzNfdjERAHX-B2XmnQEA&_nc_gid=VRYKpTH16Yr5i-BRgrxB9g&edm=AM6HXa8EAAAA&_nc_zt=28&oh=00_AQI4mi9deL6dXadScIA1aJzaNzZO5plHHEOycNHvfCGgRQ&oe=6A99E8C1,https://www.instagram.com/reel/DBwYpzxSDPN/,DBwYpzxSDPN,https://scontent-dfw5-1.cdninstagram.com/v/t51.71878-15/500699751_692835050376319_3644803155968660300_n.jpg?stp=dst-jpg_e35_tt6&_nc_cat=111&ccb=7-5&_nc_sid=18de74&efg=eyJlZmdfdGFnIjoiQ0xJUFMuYmVzdF9pbWFnZV91cmxnZW4uQzMifQ%3D%3D&_nc_ohc=TmlugV7xlqEQ7kNvwGbhSA_&_nc_oc=AdrqZdTydODej3np7E3EVDhED92DE13_-OdSLpPVfWW8TYUmCW8dxf-Qx5sxCZ6iadA&_nc_zt=23&_nc_ht=scontent-dfw5-1.cdninstagram.com&edm=AM6HXa8EAAAA&_nc_gid=VRYKpTH16Yr5i-BRgrxB9g&_nc_tpa=Q5bMBQKhCfncxbWZcOgrjzCiZ4S0bkHKPUfYvdcIZrJn5AAI-vXcoeyvchidPhh2Oez2SuGOI1kCHJIO&oh=00_AQJ-khaWrOVPg2A5qTr1QnV7_G5SxXnUvZSGmMyKnbTFjg&oe=6A9DEE80,30 Oct 2024 05:07:03,qpaypro,REELS
17841443997027489,18333367273145291,"? ¿Sabías que pautar en redes sociales puede ser el impulso que tu negocio necesita? ?✨ Llega a tu audiencia ideal, aumenta tu visibilidad y convierte seguidores en clientes. ¡Descubre en este episodio por qué la pauta es clave para crecer! 

Link en nuestro perfil, no te lo pierdas ??

#emprendiendoconganas #historiasdeexito #motivacion #emprendedora #emprendedoresexitosos #podcastdeemprendimiento #inspirateyemprende #podcast #guatemala502",Yes,0,5,VIDEO,https://scontent-dfw5-1.cdninstagram.com/o1/v/t2/f2/m86/AQNAS9GIl6qONa-tkVS-oO2KX4Su5nWByjS7ReH3B1fNNM6dmzikY38MqaJ3KBC_JLHCEmSTntdwhR5Gt1XF7NAnIKj8OZ9fBCPtmsQ.mp4?_nc_cat=106&_nc_sid=5e9851&_nc_ht=scontent-dfw5-1.cdninstagram.com&_nc_ohc=vuMy83l6fVMQ7kNvwHoyey1&efg=eyJ2ZW5jb2RlX3RhZyI6Inhwdl9wcm9ncmVzc2l2ZS5JTlNUQUdSQU0uQ0xJUFMuQzMuMzU4LmRhc2hfYmFzZWxpbmVfM192MSIsInhwdl9hc3NldF9pZCI6MjA2MzE5MDEzMDc4NDcwMCwiYXNzZXRfYWdlX2RheXMiOjY3MiwidmlfdXNlY2FzZV9pZCI6MTAwOTksImR1cmF0aW9uX3MiOjY1LCJ1cmxnZW5fc291cmNlIjoid3d3In0%3D&ccb=17-1&vs=5a64c4422bb74bc5&_nc_vs=HBksFQIYUmlnX3hwdl9yZWVsc19wZXJtYW5lbnRfc3JfcHJvZC8zQTQwREM5N0ZBOUVBMkNGNkFFNUYzQTAxODQxNkM5RV92aWRlb19kYXNoaW5pdC5tcDQVAALIARIAFQIYRmlnX3hwdl9yZWVsc19wZXJtYW5lbnRfc3JfcHJvZC85MjkzNjk1MzkyMzkyMzZfMzA5Mjc2OTUxNjM2Njc5Mzg0Mi5tcDQVAgLIARIAKAAYABsCiAd1c2Vfb2lsATEScHJvZ3Jlc3NpdmVfcmVjaXBlATEVAAAm-ObLrbydqgcVAigCQzMsF0BQeZmZmZmaGBJkYXNoX2Jhc2VsaW5lXzNfdjERAHX-B2XmnQEA&_nc_gid=VRYKpTH16Yr5i-BRgrxB9g&edm=AM6HXa8EAAAA&_nc_zt=28&oh=00_AQIOb4SL6wbhqVQCQwplsBj7L3e4F1nsTJDqpsYMSmlZmw&oe=6A99E47F,https://www.instagram.com/reel/DBuX6CtBUcL/,DBuX6CtBUcL,https://scontent-dfw5-1.cdninstagram.com/v/t51.71878-15/503371884_2233739163729795_2860640954978081886_n.jpg?stp=dst-jpg_e35_tt6&_nc_cat=105&ccb=7-5&_nc_sid=18de74&efg=eyJlZmdfdGFnIjoiQ0xJUFMuYmVzdF9pbWFnZV91cmxnZW4uQzMifQ%3D%3D&_nc_ohc=JNAERTcvVCgQ7kNvwEoQMP-&_nc_oc=AdrBUNPnXVagy14fKzF1IFz1GoUVZWVAZMZFYcQJTgY3CVYrt4oAkjYwyT19LhuCa1Q&_nc_zt=23&_nc_ht=scontent-dfw5-1.cdninstagram.com&edm=AM6HXa8EAAAA&_nc_gid=VRYKpTH16Yr5i-BRgrxB9g&_nc_tpa=Q5bMBQK2EUO-QWQsYJpmOO5b6tAl0fcWK7Y2nf_beHpdXc0yNus32NmXUu_uFN-HA3hkVCjueB2RNGRi&oh=00_AQL1GS0wtG0JMDKS5VZTMJSeDHpTMsk83Yps_7Ngf3NlhA&oe=6A9DEDAA,29 Oct 2024 10:22:04,qpaypro,REELS
17841443997027489,18117452038405019,"?¿Ya escuchaste el episodio 6 de Emprendiendo con Ganas? Este capítulo está lleno de insights sobre cómo la personalización puede ser el diferencial que impulse tu negocio. ¡No te lo pierdas y descubre más! ?✨ 

Link en nuestro perfil?️

#emprendiendoconganas #historiasdeexito #motivacion #emprendedora #emprendedoresexitosos #podcastdeemprendimiento #inspirateyemprende #podcast #guatemala502",Yes,0,3,VIDEO,https://scontent-dfw6-1.cdninstagram.com/o1/v/t2/f2/m86/AQOQEgujoS63h8028YCK8EITrEUgTeXVVeEKtTsFDVe43VDl-g-DPqH_Z55PsK1FPsTJsUBySJ68XiX-jWPSmze6TbMhGLDdKi9-Cnc.mp4?_nc_cat=103&_nc_sid=5e9851&_nc_ht=scontent-dfw6-1.cdninstagram.com&_nc_ohc=VV4kVjWIdWQQ7kNvwFv1vxT&efg=eyJ2ZW5jb2RlX3RhZyI6Inhwdl9wcm9ncmVzc2l2ZS5JTlNUQUdSQU0uQ0xJUFMuQzMuMzU4LmRhc2hfYmFzZWxpbmVfM192MSIsInhwdl9hc3NldF9pZCI6MTA4MzU3NjMyOTgyMzg1NiwiYXNzZXRfYWdlX2RheXMiOjY3MiwidmlfdXNlY2FzZV9pZCI6MTAwOTksImR1cmF0aW9uX3MiOjU1LCJ1cmxnZW5fc291cmNlIjoid3d3In0%3D&ccb=17-1&vs=1a5dd51d97624aa2&_nc_vs=HBksFQIYUmlnX3hwdl9yZWVsc19wZXJtYW5lbnRfc3JfcHJvZC9DQTRBRTU4OUFBN0UxNDE0M0JBQzY4MTUwRUI0M0NBRl92aWRlb19kYXNoaW5pdC5tcDQVAALIARIAFQIYR2lnX3hwdl9yZWVsc19wZXJtYW5lbnRfc3JfcHJvZC8zOTg2MjI5MTU4MzY1NjQ5XzQ5MTIzMTk3MDYyNzk4Njg4NDQubXA0FQICyAESACgAGAAbAogHdXNlX29pbAExEnByb2dyZXNzaXZlX3JlY2lwZQExFQAAJuCZz-O44OwDFQIoAkMzLBdAS53S8an75xgSZGFzaF9iYXNlbGluZV8zX3YxEQB1_gdl5p0BAA&_nc_gid=VRYKpTH16Yr5i-BRgrxB9g&edm=AM6HXa8EAAAA&_nc_zt=28&oh=00_AQJba6jaELPbmtKaXj-dE7B-si_FUfiL2e1vI0Jzoj3hww&oe=6A99F85C,https://www.instagram.com/reel/DBuFmcqBYeh/,DBuFmcqBYeh,https://scontent-dfw6-1.cdninstagram.com/v/t51.71878-15/503178469_1234944968020324_6073491357962715818_n.jpg?stp=dst-jpg_e35_tt6&_nc_cat=101&ccb=7-5&_nc_sid=18de74&efg=eyJlZmdfdGFnIjoiQ0xJUFMuYmVzdF9pbWFnZV91cmxnZW4uQzMifQ%3D%3D&_nc_ohc=oKFMCh8T54sQ7kNvwHFdnYC&_nc_oc=AdqYODzuQCAcBQEF2fGboCN-lt9oPIRBsPQYszy7ref6oNaAtcwV7j_Xj3E6-3lD7Wc&_nc_zt=23&_nc_ht=scontent-dfw6-1.cdninstagram.com&edm=AM6HXa8EAAAA&_nc_gid=VRYKpTH16Yr5i-BRgrxB9g&_nc_tpa=Q5bMBQIvjnKObTCdobTMRps4d9ZiSzCQTW8ukKqWRNRaCnwdqG5MdirEjjRYNCeqlWT1fhVLogLobE5b&oh=00_AQIusW9_3a58XPwbE3AX1CCEgXegP5I6h63rXehltm3HdA&oe=6A9DD95F,29 Oct 2024 07:42:03,qpaypro,REELS
17841443997027489,17962274171813446,"? Elegir a los socios adecuados puede ser la clave del éxito... o del fracaso ? Descubre en este episodio de Emprendiendo con Ganas por qué es tan importante rodearte de las personas correctas ? 

¡No te lo pierdas! Link en nuestro perfil ?️

#emprendiendoconganas #historiasdeexito #motivacion #emprendedora #emprendedoresexitosos #podcastdeemprendimiento #inspirateyemprende #podcast #guatemala502",Yes,0,5,VIDEO,https://scontent-dfw5-2.cdninstagram.com/o1/v/t2/f2/m86/AQMrZRBB3BPAni9vPXjaRpF092MIue2ad4IVQmecbwq1Qr9y_9Q2gHj5aDfZ7_IVP3w-VmJDW2Ie9BhaYZ4gomvzyduG0HCA8dtbt5Q.mp4?_nc_cat=100&_nc_sid=5e9851&_nc_ht=scontent-dfw5-2.cdninstagram.com&_nc_ohc=oDmCaWrm63sQ7kNvwEHY14Q&efg=eyJ2ZW5jb2RlX3RhZyI6Inhwdl9wcm9ncmVzc2l2ZS5JTlNUQUdSQU0uQ0xJUFMuQzMuMzU4LmRhc2hfYmFzZWxpbmVfM192MSIsInhwdl9hc3NldF9pZCI6MTIyNDg4MTM1MjExMDYxOSwiYXNzZXRfYWdlX2RheXMiOjY3MywidmlfdXNlY2FzZV9pZCI6MTAwOTksImR1cmF0aW9uX3MiOjU1LCJ1cmxnZW5fc291cmNlIjoid3d3In0%3D&ccb=17-1&vs=2860bf33e88900f5&_nc_vs=HBksFQIYUmlnX3hwdl9yZWVsc19wZXJtYW5lbnRfc3JfcHJvZC83MDREN0Y4Q0YyRDU3OUJGMEM1Qzg4MzYwMkU4NTg4OF92aWRlb19kYXNoaW5pdC5tcDQVAALIARIAFQIYR2lnX3hwdl9yZWVsc19wZXJtYW5lbnRfc3JfcHJvZC8xMjIzMzA4NDAyMjIxMzA0XzIyMzYzMjMwODAzMzQ0MTcxNTgubXA0FQICyAESACgAGAAbAogHdXNlX29pbAExEnByb2dyZXNzaXZlX3JlY2lwZQExFQAAJrbIk569ga0EFQIoAkMzLBdAS8Q5WBBiThgSZGFzaF9iYXNlbGluZV8zX3YxEQB1_gdl5p0BAA&_nc_gid=VRYKpTH16Yr5i-BRgrxB9g&edm=AM6HXa8EAAAA&_nc_zt=28&oh=00_AQIHqUGa8d_gJs67-oUZ1npBh2Pk84mUN_zDXmP4XDc9qA&oe=6A99E7DD,https://www.instagram.com/reel/DBrgPcQu9fJ/,DBrgPcQu9fJ,https://scontent-dfw6-1.cdninstagram.com/v/t51.71878-15/501590623_1371040127494740_1405393401641988732_n.jpg?stp=dst-jpg_e35_tt6&_nc_cat=102&ccb=7-5&_nc_sid=18de74&efg=eyJlZmdfdGFnIjoiQ0xJUFMuYmVzdF9pbWFnZV91cmxnZW4uQzMifQ%3D%3D&_nc_ohc=zXxHSwKG4KkQ7kNvwHWeWb1&_nc_oc=Adpj154aeotNXawjGSv1IEIEztnWYgNUV4fgpZedbU5J4RC6iEvwymgW7wbvw4RPwBs&_nc_zt=23&_nc_ht=scontent-dfw6-1.cdninstagram.com&edm=AM6HXa8EAAAA&_nc_gid=VRYKpTH16Yr5i-BRgrxB9g&_nc_tpa=Q5bMBQI3221MbFq51s2dTSUHUBGydoszgUXrAiYY6PWGUow0ykCtkAhSy8L4xtc3MjeBk6tpwnJv9uuj&oh=00_AQLhoBONVE1YUUNBjaIlwEp-Hg4Cbf32CndS8wYZTKUorA&oe=6A9DCA9E,28 Oct 2024 07:37:04,qpaypro,REELS
17841443997027489,17889636684099730,"? ¡Este miércoles se estrena el episodio 7 de Emprendiendo con Ganas! ?️ No te pierdas a Andrea Álvarez, fundadora de Bikes & Road, compartiendo su historia. ? ¡Atentos, será inspirador! 

Link en nuestro perfil próximamente ?️

#emprendiendoconganas #historiasdeexito #motivacion #emprendedora #emprendedoresexitosos #podcastdeemprendimiento #inspirateyemprende #podcast #guatemala502",Yes,0,5,VIDEO,https://scontent-dfw5-1.cdninstagram.com/o1/v/t2/f2/m86/AQOgBLRG_JV1mVGzt9yI6fpotA3RaCPNzTui9hzv4H_rzQtQWWQiuve-sNn4_ahdZxFSGIZJ3CaYRh9H17k_14JOSYfOSMHtSKTRopU.mp4?_nc_cat=111&_nc_sid=5e9851&_nc_ht=scontent-dfw5-1.cdninstagram.com&_nc_ohc=XTPdZtymNT8Q7kNvwGgWTQo&efg=eyJ2ZW5jb2RlX3RhZyI6Inhwdl9wcm9ncmVzc2l2ZS5JTlNUQUdSQU0uQ0xJUFMuQzMuMzU4LmRhc2hfYmFzZWxpbmVfM192MSIsInhwdl9hc3NldF9pZCI6MTA3NjY1OTI0MDkxNjczOCwiYXNzZXRfYWdlX2RheXMiOjY3MywidmlfdXNlY2FzZV9pZCI6MTAwOTksImR1cmF0aW9uX3MiOjQ3LCJ1cmxnZW5fc291cmNlIjoid3d3In0%3D&ccb=17-1&vs=189673d96400ff52&_nc_vs=HBksFQIYUmlnX3hwdl9yZWVsc19wZXJtYW5lbnRfc3JfcHJvZC8zNjQxMzg4MzExN0U5Mjk2NDYyNjFCNTQzNDZBMDY4N192aWRlb19kYXNoaW5pdC5tcDQVAALIARIAFQIYR2lnX3hwdl9yZWVsc19wZXJtYW5lbnRfc3JfcHJvZC8xNzM5NzcxNjIwMTMxODQyXzUxOTE5NjI3NzMxODA4NjMxNjYubXA0FQICyAESACgAGAAbAogHdXNlX29pbAExEnByb2dyZXNzaXZlX3JlY2lwZQExFQAAJoTcyrnozekDFQIoAkMzLBdAR_ul41P3zxgSZGFzaF9iYXNlbGluZV8zX3YxEQB1_gdl5p0BAA&_nc_gid=VRYKpTH16Yr5i-BRgrxB9g&edm=AM6HXa8EAAAA&_nc_zt=28&oh=00_AQJjojOvzxSh2sQc1eIggJ2cRnuJLj43BOAeQQT7i_YTUg&oe=6A9A02B4,https://www.instagram.com/reel/DBrI4S2hrmF/,DBrI4S2hrmF,https://scontent-dfw5-2.cdninstagram.com/v/t51.71878-15/491435500_1224611256121535_1454318327796131894_n.jpg?stp=dst-jpg_e35_tt6&_nc_cat=100&ccb=7-5&_nc_sid=18de74&efg=eyJlZmdfdGFnIjoiQ0xJUFMuYmVzdF9pbWFnZV91cmxnZW4uQzMifQ%3D%3D&_nc_ohc=mjYt-AMu8f8Q7kNvwH2R9IY&_nc_oc=AdpyBVcxSZOHYvk9Cdh2nRFvDPPg-NZBhRTqG9Ezj7B5cdz60vu2sXKcn3ZaNhFDhUc&_nc_zt=23&_nc_ht=scontent-dfw5-2.cdninstagram.com&edm=AM6HXa8EAAAA&_nc_gid=VRYKpTH16Yr5i-BRgrxB9g&_nc_tpa=Q5bMBQJbegVlpj8h9IpxdemGOE-zWZCvJX0RB7tuuSyw5LsIeB3xwy_xtBzrexDYJ5yXwjzOaLVVYdhO&oh=00_AQKObNNqEJBTIpuySU_uPo5JHuzVfd1Ww2UVVwL8PS2Zug&oe=6A9DD623,28 Oct 2024 04:12:03,qpaypro,REELS
17841443997027489,18016020512629779,"?️ ¿Listo para inspirarte? El episodio completo de Emprendiendo con Ganas ya está disponible. ¡Dale play y descubre ideas que transformarán tu negocio! ?? 

Link en nuestro perfil, no te lo pierdas ?? 

#emprendiendoconganas #historiasdeexito #motivacion #emprendedora #emprendedoresexitosos #podcastdeemprendimiento #inspirateyemprende #podcast #guatemala502",Yes,0,6,VIDEO,https://scontent-dfw6-1.cdninstagram.com/o1/v/t2/f2/m86/AQMg7RHFiedkzEk_l_QRkL8h6rn7Wt35hgWZ5cIFrSUw69U_pwoFjVRp_aPvounrNphp5jtM8rBy7aucWH70vufDSDtXjtN8QwIKh0k.mp4?_nc_cat=101&_nc_sid=5e9851&_nc_ht=scontent-dfw6-1.cdninstagram.com&_nc_ohc=SeiYEM8xJ48Q7kNvwF4QX0c&efg=eyJ2ZW5jb2RlX3RhZyI6Inhwdl9wcm9ncmVzc2l2ZS5JTlNUQUdSQU0uQ0xJUFMuQzMuMzU4LmRhc2hfYmFzZWxpbmVfM192MSIsInhwdl9hc3NldF9pZCI6MTY3NzQxMTk0OTcwNjU4MSwiYXNzZXRfYWdlX2RheXMiOjY3NiwidmlfdXNlY2FzZV9pZCI6MTAwOTksImR1cmF0aW9uX3MiOjQ2LCJ1cmxnZW5fc291cmNlIjoid3d3In0%3D&ccb=17-1&vs=caf8e85df34ab9d&_nc_vs=HBksFQIYUmlnX3hwdl9yZWVsc19wZXJtYW5lbnRfc3JfcHJvZC85MzQ2ODVFQUNGMTE1N0ZCNzM3MDdEMTlCOUEyOTZCMV92aWRlb19kYXNoaW5pdC5tcDQVAALIARIAFQIYR2lnX3hwdl9yZWVsc19wZXJtYW5lbnRfc3JfcHJvZC8xMDgzNjI0OTM1OTkyODIzXzExNzc4MjA3NTk5MDQyMjI1NTcubXA0FQICyAESACgAGAAbAogHdXNlX29pbAExEnByb2dyZXNzaXZlX3JlY2lwZQExFQAAJqr1u_ac5voFFQIoAkMzLBdAR3MzMzMzMxgSZGFzaF9iYXNlbGluZV8zX3YxEQB1_gdl5p0BAA&_nc_gid=VRYKpTH16Yr5i-BRgrxB9g&edm=AM6HXa8EAAAA&_nc_zt=28&oh=00_AQJZJ-JCTcKE4kw3v9uP7NhEqJiQWo68lhy6WONViRGm4g&oe=6A99ED0A,https://www.instagram.com/reel/DBj1R3NNSTH/,DBj1R3NNSTH,https://scontent-dfw5-1.cdninstagram.com/v/t51.71878-15/503812047_1834770307304077_3527820344862955631_n.jpg?stp=dst-jpg_e35_tt6&_nc_cat=106&ccb=7-5&_nc_sid=18de74&efg=eyJlZmdfdGFnIjoiQ0xJUFMuYmVzdF9pbWFnZV91cmxnZW4uQzMifQ%3D%3D&_nc_ohc=KAxEfO9xTM4Q7kNvwGYlmo5&_nc_oc=AdrYd_JXUvsLkJ5OmWJvzIJeL9Evgv0uy-UxJ8sqPzfRqyGhzCWjh5w58VFSOddLFa8&_nc_zt=23&_nc_ht=scontent-dfw5-1.cdninstagram.com&edm=AM6HXa8EAAAA&_nc_gid=VRYKpTH16Yr5i-BRgrxB9g&_nc_tpa=Q5bMBQKkqC-24zOFNag41Kb-Clw_ywb-DM7KNcmkFYNXD0Kb7mw_DtjmTcBi80wrIFpXHDVwBFbTgboG&oh=00_AQK68FBKnAxBymcyVq-zB9_2o-2tC1SYJxT0bXdgj8RnIw&oe=6A9DD118,25 Oct 2024 08:07:04,qpaypro,REELS
17841443997027489,18468098377030113,"? Desde pequeña, Karina siempre tuvo pasión por vender, y hoy esa misma pasión la llevó a construir Kalhena. No te pierdas su historia completa en el Episodio 6 de Emprendiendo con Ganas. ¡Inspírate! ?✨

Link en nuestro perfil, escucha el episodio completo ?️✨ 

#emprendiendoconganas #historiasdeexito #motivacion #emprendedora #emprendedoresexitosos #podcastdeemprendimiento #inspirateyemprende #podcast #guatemala502 @Kalhena Accesorios",Yes,1,5,VIDEO,https://scontent-dfw6-1.cdninstagram.com/o1/v/t2/f2/m86/AQM_JPOB88Rbr4OGhoIFVeBXNAfT-ZovzYtX6Kn_CwIeCF9iPfCBhqXtPqRbRF8wUf4Mvut76uZx6VW4Y6hhWYQhzGhsKKBN3Bpx6L8.mp4?_nc_cat=102&_nc_sid=5e9851&_nc_ht=scontent-dfw6-1.cdninstagram.com&_nc_ohc=FyHw7OfTZLIQ7kNvwHtptVC&efg=eyJ2ZW5jb2RlX3RhZyI6Inhwdl9wcm9ncmVzc2l2ZS5JTlNUQUdSQU0uQ0xJUFMuQzMuMzU4LmRhc2hfYmFzZWxpbmVfM192MSIsInhwdl9hc3NldF9pZCI6ODg4MjU1OTU5MTgwNjYzMCwiYXNzZXRfYWdlX2RheXMiOjY3NiwidmlfdXNlY2FzZV9pZCI6MTAwOTksImR1cmF0aW9uX3MiOjQyLCJ1cmxnZW5fc291cmNlIjoid3d3In0%3D&ccb=17-1&vs=5b9ed3ebff0e761a&_nc_vs=HBksFQIYUmlnX3hwdl9yZWVsc19wZXJtYW5lbnRfc3JfcHJvZC83RjQwNEJCQjNGNjVDNUQ0QjkxMkU4NkFFRUE4NjZBN192aWRlb19kYXNoaW5pdC5tcDQVAALIARIAFQIYR2lnX3hwdl9yZWVsc19wZXJtYW5lbnRfc3JfcHJvZC8xMjY4NTk1MDg0NTcyMTgzXzM4Njc4NTMxNjE2ODc4Nzc1ODUubXA0FQICyAESACgAGAAbAogHdXNlX29pbAExEnByb2dyZXNzaXZlX3JlY2lwZQExFQAAJsza05KCqccfFQIoAkMzLBdARSIMSbpeNRgSZGFzaF9iYXNlbGluZV8zX3YxEQB1_gdl5p0BAA&_nc_gid=VRYKpTH16Yr5i-BRgrxB9g&edm=AM6HXa8EAAAA&_nc_zt=28&oh=00_AQI6uZpHZbUrO-KSg3iPwigOZaj6eRDUz_vzsiz7PgGhqQ&oe=6A99FAA7,https://www.instagram.com/reel/DBjcxwXIAJv/,DBjcxwXIAJv,https://scontent-dfw5-1.cdninstagram.com/v/t51.71878-15/504117102_24038622179107124_6804879421520913410_n.jpg?stp=dst-jpg_e35_tt6&_nc_cat=105&ccb=7-5&_nc_sid=18de74&efg=eyJlZmdfdGFnIjoiQ0xJUFMuYmVzdF9pbWFnZV91cmxnZW4uQzMifQ%3D%3D&_nc_ohc=dxLO3xmB8_0Q7kNvwEAtcyb&_nc_oc=AdoC_Ih21ycXLbhJ3LNs9vvE8NUC49vP8_0pupihdHg9F3d7ebBA0vmZoBfH8XxQE5o&_nc_zt=23&_nc_ht=scontent-dfw5-1.cdninstagram.com&edm=AM6HXa8EAAAA&_nc_gid=VRYKpTH16Yr5i-BRgrxB9g&_nc_tpa=Q5bMBQKuTcy70jnteRaHcs4havFFV8Y086MgVUCCqFt6DaLRiMxQK90ZzKKebgSk_tJXReXeZAFsOdpU&oh=00_AQI3BjFRZadv-tEN5pK1G98UTGkM5qikiJ3WK_VuveNdUw&oe=6A9DE451,25 Oct 2024 04:32:02,qpaypro,REELS
17841443997027489,18042595538136218,"? ¿Sabías que ahora puedes aceptar pagos en efectivo con Qpaycash? Si quieres ofrecer más opciones a tus clientes, Qpaypro tiene la solución perfecta. ¡Sencillo, seguro y sin complicaciones! ?? @PayCash Global 

#integraciones #paginaweb #qpaypro #pagosonline #ventasonline #redessociales #negocioonline #negociodigital #crecimientoydesarrollo #crecimientoprofesional #pagosonline #ventasonline #efectivo #dinero #cash",Yes,0,4,VIDEO,https://scontent-dfw6-2.cdninstagram.com/o1/v/t2/f2/m86/AQNOpM_XhbuvXYMYcJ36w7q5f1aH16BvNxdeznePN-EKJ_bTRjf4mpvUCp-2_rPp1DrMUvQL_0y-YbLY9zOL2bB7IbpV5QLjOShdsTI.mp4?_nc_cat=109&_nc_sid=5e9851&_nc_ht=scontent-dfw6-2.cdninstagram.com&_nc_ohc=t87Ti_O4xgcQ7kNvwGqj91w&efg=eyJ2ZW5jb2RlX3RhZyI6Inhwdl9wcm9ncmVzc2l2ZS5JTlNUQUdSQU0uQ0xJUFMuQzMuMzU4LmRhc2hfYmFzZWxpbmVfM192MSIsInhwdl9hc3NldF9pZCI6NTg2Nzc5OTYzNjgzMDgyLCJhc3NldF9hZ2VfZGF5cyI6Njc3LCJ2aV91c2VjYXNlX2lkIjoxMDA5OSwiZHVyYXRpb25fcyI6MzksInVybGdlbl9zb3VyY2UiOiJ3d3cifQ%3D%3D&ccb=17-1&vs=e505e3611eb3aaaf&_nc_vs=HBksFQIYUmlnX3hwdl9yZWVsc19wZXJtYW5lbnRfc3JfcHJvZC9ENzQzODAyNEE0Njg0NUU4M0MzOEVCOEJBNDg0QjY5OF92aWRlb19kYXNoaW5pdC5tcDQVAALIARIAFQIYR2lnX3hwdl9yZWVsc19wZXJtYW5lbnRfc3JfcHJvZC8xMDU1OTYxMDQ5NTkyMDUzXzY2MTk4MTA2OTQyMjE5Mzc0ODAubXA0FQICyAESACgAGAAbAogHdXNlX29pbAExEnByb2dyZXNzaXZlX3JlY2lwZQExFQAAJpTE37SL64oCFQIoAkMzLBdAQ7dsi0OVgRgSZGFzaF9iYXNlbGluZV8zX3YxEQB1_gdl5p0BAA&_nc_gid=VRYKpTH16Yr5i-BRgrxB9g&edm=AM6HXa8EAAAA&_nc_zt=28&oh=00_AQL8cO3lO8MM7R5VEnNLwiS2LiN7tFS51QHN1JuTdvZk6w&oe=6A9A07BA,https://www.instagram.com/reel/DBhNDRqyCuN/,DBhNDRqyCuN,https://scontent-dfw6-1.cdninstagram.com/v/t51.71878-15/502713962_739448888416188_3199310671791689997_n.jpg?stp=dst-jpg_e35_tt6&_nc_cat=101&ccb=7-5&_nc_sid=18de74&efg=eyJlZmdfdGFnIjoiQ0xJUFMuYmVzdF9pbWFnZV91cmxnZW4uQzMifQ%3D%3D&_nc_ohc=cEu1l4HYJNQQ7kNvwGtVPSs&_nc_oc=Adr7ksDDPyFXccg6NZPGj6zmeCxWjnFvmK7QG8CVP-JYkAx231LcHXtZIgA45tAXh0A&_nc_zt=23&_nc_ht=scontent-dfw6-1.cdninstagram.com&edm=AM6HXa8EAAAA&_nc_gid=VRYKpTH16Yr5i-BRgrxB9g&_nc_tpa=Q5bMBQJ6tl3aUFHyXw9S2QLnPcHpqNFjAm6GtF1d5G3L1Pt_AB0pL9HqYKzChaEfMwOAwzajp1MSorFO&oh=00_AQLC9IuT-IhuNzZ47XOdImg8dxum7CV6ILap5CpSfeGFLQ&oe=6A9DE864,24 Oct 2024 07:37:03,qpaypro,REELS
17841443997027489,18424661488072052,"? ¡El conocimiento es poder! Descubre en este episodio de Emprendiendo con Ganas cómo investigar y aprender pueden hacer que tu emprendimiento dé los frutos que esperas. ?? ¡No te lo pierdas! 

Link en nuestro perfil ?️

#emprendiendoconganas #historiasdeexito #motivacion #emprendedora #emprendedoresexitosos #podcastdeemprendimiento #inspirateyemprende #podcast #guatemala502",Yes,0,4,VIDEO,https://scontent-dfw6-1.cdninstagram.com/o1/v/t2/f2/m86/AQMt2-IkCnU2q8kpAYgwW-50vKG8W1Pu8xjapFSMeRt2WcRgrzzymqpZTp5a2DBACZoji3oQwzHVyRGRDRzpRT8noppFptZAs_G6O2I.mp4?_nc_cat=103&_nc_sid=5e9851&_nc_ht=scontent-dfw6-1.cdninstagram.com&_nc_ohc=_u_u5BjXujgQ7kNvwFa0Wpj&efg=eyJ2ZW5jb2RlX3RhZyI6Inhwdl9wcm9ncmVzc2l2ZS5JTlNUQUdSQU0uQ0xJUFMuQzMuMzU4LmRhc2hfYmFzZWxpbmVfM192MSIsInhwdl9hc3NldF9pZCI6MzM4MTE4MTE1MjE4NDc5NCwiYXNzZXRfYWdlX2RheXMiOjY3OCwidmlfdXNlY2FzZV9pZCI6MTAwOTksImR1cmF0aW9uX3MiOjcwLCJ1cmxnZW5fc291cmNlIjoid3d3In0%3D&ccb=17-1&vs=18b2b0717434b20&_nc_vs=HBksFQIYUmlnX3hwdl9yZWVsc19wZXJtYW5lbnRfc3JfcHJvZC82MTQ3QzMzNkQ4MEQ5NjlCMEU2Mzc0RjlDQTQ2NjVCQV92aWRlb19kYXNoaW5pdC5tcDQVAALIARIAFQIYR2lnX3hwdl9yZWVsc19wZXJtYW5lbnRfc3JfcHJvZC8xMjE3OTYyNjA2MTI5NTc0XzI2NzkxNjExNzExNzg3MzM5MDQubXA0FQICyAESACgAGAAbAogHdXNlX29pbAExEnByb2dyZXNzaXZlX3JlY2lwZQExFQAAJrSn-tfSyoEMFQIoAkMzLBdAUbVP3ztkWhgSZGFzaF9iYXNlbGluZV8zX3YxEQB1_gdl5p0BAA&_nc_gid=VRYKpTH16Yr5i-BRgrxB9g&edm=AM6HXa8EAAAA&_nc_zt=28&oh=00_AQI8ORllmI-b5TEZ27c3pfyaZFEUFrkClWvAKyDRUuVn2g&oe=6A9A07BC,https://www.instagram.com/reel/DBepZmpNxos/,DBepZmpNxos,https://scontent-dfw5-2.cdninstagram.com/v/t51.71878-15/503006432_3559634144339493_1393445918421157666_n.jpg?stp=dst-jpg_e35_tt6&_nc_cat=100&ccb=7-5&_nc_sid=18de74&efg=eyJlZmdfdGFnIjoiQ0xJUFMuYmVzdF9pbWFnZV91cmxnZW4uQzMifQ%3D%3D&_nc_ohc=0pCJZ1N_kA4Q7kNvwHVulu-&_nc_oc=Adr57vMe1oRp1exY7fPfGjaI1TqXlqzjgHNCBrgQ8P7Wny0fsbxrOfIurCLuwAqeMus&_nc_zt=23&_nc_ht=scontent-dfw5-2.cdninstagram.com&edm=AM6HXa8EAAAA&_nc_gid=VRYKpTH16Yr5i-BRgrxB9g&_nc_tpa=Q5bMBQLcoIz9fPbYHU06XndubEZNftKDy2I_RZnagKJuGUA4ZyOqgIK_VE9oQdwgrubERiLBDv7EXXXg&oh=00_AQJ2adhSuYI0NOOtGnuSAXBZCtL-fECSE87jIyAQ6QHEaw&oe=6A9DF97A,23 Oct 2024 07:47:02,qpaypro,REELS
17841443997027489,18011348195646876,"?️ ¡Ya está disponible el Episodio 6 de Emprendiendo con Ganas! ? Karina Muñoz, fundadora de @Kalhena Accesorios  nos cuenta cómo la personalización en joyería ha sido clave para diferenciar su marca ?✨ ¡No te lo pierdas! 

Disponible en todas las plataformas, link en nuestro perfil ?

#emprendiendoconganas #historiasdeexito #motivacion #emprendedora #emprendedoresexitosos #podcastdeemprendimiento #inspirateyemprende #podcast #guatemala502 @Kalhena Accesorios",Yes,1,6,VIDEO,https://scontent-dfw6-1.cdninstagram.com/o1/v/t2/f2/m367/AQPOKPdOO8zDAWonQeIoKvTHfOGF04b_vgAKhWXQys9tTsGYNEWPTmXenzJ7qSH3MdCphvmCDD-hkVt7HMww6rDWyfgBswZ-uV-HqU0.mp4?_nc_cat=102&_nc_sid=5e9851&_nc_ht=scontent-dfw6-1.cdninstagram.com&_nc_ohc=Eir5NgeWD50Q7kNvwGy1R54&efg=eyJ2ZW5jb2RlX3RhZyI6Inhwdl9wcm9ncmVzc2l2ZS5JTlNUQUdSQU0uQ0xJUFMuQzMuNTcyLmRhc2hfYmFzZWxpbmVfMV92MSIsInhwdl9hc3NldF9pZCI6OTUwMjk1MzgwMjU3MzE2LCJhc3NldF9hZ2VfZGF5cyI6Njc4LCJ2aV91c2VjYXNlX2lkIjoxMDA5OSwiZHVyYXRpb25fcyI6MzEsInVybGdlbl9zb3VyY2UiOiJ3d3cifQ%3D%3D&ccb=17-1&vs=b16a7530bab97b2a&_nc_vs=HBksFQIYQGlnX2VwaGVtZXJhbC85NzQxOTA4ODk1Nzk1QjRGMTRCMTg4RUFCRTAxN0I4QV92aWRlb19kYXNoaW5pdC5tcDQVAALIARIAFQIYR2lnX3hwdl9yZWVsc19wZXJtYW5lbnRfc3JfcHJvZC8xMjIyODU3NDg1NjQ3NTY1XzI0MTg4MzgxOTMzMzU3MjEwMjcubXA0FQICyAESACgAGAAbAogHdXNlX29pbAExEnByb2dyZXNzaXZlX3JlY2lwZQExFQAAJsiok6m8krADFQIoAkMzLBdAP5mZmZmZmhgSZGFzaF9iYXNlbGluZV8xX3YxEQB1_gdl5p0BAA&_nc_gid=VRYKpTH16Yr5i-BRgrxB9g&edm=AM6HXa8EAAAA&_nc_zt=28&oh=00_AQIz6t0uY50M-RJ1OOTli1348o9t-nQb4dToh1HiuEUwFg&oe=6A9DF56F,https://www.instagram.com/reel/DBePsAeIlIC/,DBePsAeIlIC,https://scontent-dfw5-2.cdninstagram.com/v/t51.71878-15/503320688_1101346601818859_1077565222745467097_n.jpg?stp=dst-jpg_e35_tt6&_nc_cat=107&ccb=7-5&_nc_sid=18de74&efg=eyJlZmdfdGFnIjoiQ0xJUFMuYmVzdF9pbWFnZV91cmxnZW4uQzMifQ%3D%3D&_nc_ohc=l5epp09pjMkQ7kNvwEOH1y2&_nc_oc=AdpNQxQaC-OlSk7QDoxMuoYLXSdOw5c744acDBy6X88ksaGiGocgvYkgj7WhbGxv3Fo&_nc_zt=23&_nc_ht=scontent-dfw5-2.cdninstagram.com&edm=AM6HXa8EAAAA&_nc_gid=VRYKpTH16Yr5i-BRgrxB9g&_nc_tpa=Q5bMBQKv5DFM4GHl0eqX1ljIKjngmMOy-kS17liCSuoaqNeNy3i9dFv2ZkojO5A0imRiJ6yHNyguxW6V&oh=00_AQJY5gQwQDUu1aMSBsSVTKQ0XHAkCiBIcnuMtp0XMGArng&oe=6A9DD9BF,23 Oct 2024 04:02:15,qpaypro,REELS
17841443997027489,18024412109438528,"?? Con Qpaycash, olvídate de las preocupaciones al aceptar pagos en efectivo. Ahora tus clientes pueden pagar fácilmente en puntos PayCash, y la confirmación del pago se refleja automáticamente en tu plataforma de Qpaypro. ¡Simplicidad y seguridad para tu negocio en cada transacción! ?? @PayCash Global 

#integraciones #paginaweb #qpaypro #pagosonline #ventasonline #redessociales #negocioonline #negociodigital #crecimientoydesarrollo #crecimientoprofesional #pagosonline #ventasonline #efectivo #dinero #cash",Yes,0,5,VIDEO,https://scontent-dfw5-2.cdninstagram.com/o1/v/t2/f2/m86/AQMIo-YVwPCbScm1XiEN_db4UEMvmSLPzkjo7qcD5aNWF1EGhKWW7NEcOoE4sdcNV6z7eKg463EmARUkQr0-3iUGnaax1oS3S_17jC4.mp4?_nc_cat=104&_nc_sid=5e9851&_nc_ht=scontent-dfw5-2.cdninstagram.com&_nc_ohc=WE6NzTrcCVoQ7kNvwGur3TE&efg=eyJ2ZW5jb2RlX3RhZyI6Inhwdl9wcm9ncmVzc2l2ZS5JTlNUQUdSQU0uQ0xJUFMuQzMuMzU4LmRhc2hfYmFzZWxpbmVfM192MSIsInhwdl9hc3NldF9pZCI6NTAwNzQyMzMyOTUyMzgzLCJhc3NldF9hZ2VfZGF5cyI6Njc5LCJ2aV91c2VjYXNlX2lkIjoxMDA5OSwiZHVyYXRpb25fcyI6MzYsInVybGdlbl9zb3VyY2UiOiJ3d3cifQ%3D%3D&ccb=17-1&vs=d59b4650c195c190&_nc_vs=HBksFQIYUmlnX3hwdl9yZWVsc19wZXJtYW5lbnRfc3JfcHJvZC9BMDRERjU0N0Y2QTY5QzlGODIxQzZCRDdGNjIxQTk5Rl92aWRlb19kYXNoaW5pdC5tcDQVAALIARIAFQIYRmlnX3hwdl9yZWVsc19wZXJtYW5lbnRfc3JfcHJvZC81MzE2Nzg4NzY0NjQwNDlfNzA4NjYzODU4NzQ2MTA1NDUzNC5tcDQVAgLIARIAKAAYABsCiAd1c2Vfb2lsATEScHJvZ3Jlc3NpdmVfcmVjaXBlATEVAAAm_ryJjoXb4wEVAigCQzMsF0BCGZmZmZmaGBJkYXNoX2Jhc2VsaW5lXzNfdjERAHX-B2XmnQEA&_nc_gid=VRYKpTH16Yr5i-BRgrxB9g&edm=AM6HXa8EAAAA&_nc_zt=28&oh=00_AQKNtfpzM0Zj2BXPYb_rgXuYiGTQ04ktn1vi5Y13TYgqSA&oe=6A9A05CD,https://www.instagram.com/reel/DBbsAWRo2-r/,DBbsAWRo2-r,https://scontent-dfw5-2.cdninstagram.com/v/t51.71878-15/502746585_662033573489924_9017213140951790538_n.jpg?stp=dst-jpg_e35_tt6&_nc_cat=100&ccb=7-5&_nc_sid=18de74&efg=eyJlZmdfdGFnIjoiQ0xJUFMuYmVzdF9pbWFnZV91cmxnZW4uQzMifQ%3D%3D&_nc_ohc=5lW8xJMj73oQ7kNvwGdOlzW&_nc_oc=AdpEhl21fmPnNhXjFkCthu2S8F-LWaFTdJoCD09WFPAczyWl-zK5DoseB7DxXiqSqcQ&_nc_zt=23&_nc_ht=scontent-dfw5-2.cdninstagram.com&edm=AM6HXa8EAAAA&_nc_gid=VRYKpTH16Yr5i-BRgrxB9g&_nc_tpa=Q5bMBQKbNjvQVAlpLVEL9JXaAOFhYu_9w4g3pIKns_Ng6F4BKMEMetG7Oot4YqmZ7Bg4yGKXgdh9sJtu&oh=00_AQLrHVjQi7py3jkpmhRDIvpOAVWJZw4mDazEPKrBh7ix1A&oe=6A9DDEC4,22 Oct 2024 04:12:03,qpaypro,REELS
17841443997027489,18008960783657490,"? ¿Tu negocio ya cuenta con un departamento enfocado en canales digitales? En Emprendiendo con Ganas te contamos por qué es clave para el crecimiento de cualquier empresa en el mundo actual. ¡No te lo pierdas! ?? 

#emprendiendoconganas #historiasdeexito #motivacion #emprendedora #emprendedoresexitosos #podcastdeemprendimiento #inspirateyemprende #podcast #guatemala502",Yes,0,4,VIDEO,https://scontent-dfw5-1.cdninstagram.com/o1/v/t2/f2/m86/AQPnqP3MRtycRWjoFi7wEG_G_UaHmm4uc3DJeH-KkeLynRo_O_z1-AYakJo9_nTRFGGagiYQTXzbIJh1WhjqtagLRccAvciEWYgvG4M.mp4?_nc_cat=105&_nc_sid=5e9851&_nc_ht=scontent-dfw5-1.cdninstagram.com&_nc_ohc=nYLuzYbeRzcQ7kNvwF-V82i&efg=eyJ2ZW5jb2RlX3RhZyI6Inhwdl9wcm9ncmVzc2l2ZS5JTlNUQUdSQU0uQ0xJUFMuQzMuMzU4LmRhc2hfYmFzZWxpbmVfM192MSIsInhwdl9hc3NldF9pZCI6MTkxODMxMzY3MTk3MTU2MCwiYXNzZXRfYWdlX2RheXMiOjY4MCwidmlfdXNlY2FzZV9pZCI6MTAwOTksImR1cmF0aW9uX3MiOjQ4LCJ1cmxnZW5fc291cmNlIjoid3d3In0%3D&ccb=17-1&vs=6be4dd802109dff1&_nc_vs=HBksFQIYUmlnX3hwdl9yZWVsc19wZXJtYW5lbnRfc3JfcHJvZC9BNjQ5RTZDNEFDNUYxMjFGRUIyMDAzQTg5NzE3OUVBNV92aWRlb19kYXNoaW5pdC5tcDQVAALIARIAFQIYR2lnX3hwdl9yZWVsc19wZXJtYW5lbnRfc3JfcHJvZC8xNzMwNTQ2OTU0MzczNDI2XzI5MTM5OTY3Njk3NjcxNzE0MzIubXA0FQICyAESACgAGAAbAogHdXNlX29pbAExEnByb2dyZXNzaXZlX3JlY2lwZQExFQAAJtDL4s_GrOgGFQIoAkMzLBdASGqfvnbItBgSZGFzaF9iYXNlbGluZV8zX3YxEQB1_gdl5p0BAA&_nc_gid=VRYKpTH16Yr5i-BRgrxB9g&edm=AM6HXa8EAAAA&_nc_zt=28&oh=00_AQKhCv0AWrJ-qwprOSCywvYUsQodAEl72M6MCCE9L9vD0g&oe=6A99D25A,https://www.instagram.com/reel/DBZVg5KP7gs/,DBZVg5KP7gs,https://scontent-dfw5-2.cdninstagram.com/v/t51.71878-15/503612342_2088630268273232_1334861231367696948_n.jpg?stp=dst-jpg_e35_tt6&_nc_cat=100&ccb=7-5&_nc_sid=18de74&efg=eyJlZmdfdGFnIjoiQ0xJUFMuYmVzdF9pbWFnZV91cmxnZW4uQzMifQ%3D%3D&_nc_ohc=KDT9px1IFhkQ7kNvwEduLM-&_nc_oc=Adr3uxGREv2BjcDLsQKAOekm8DmkR8oRci9OwX9nPkHA7l6hRvdc9Gu3bUilu6Ro58o&_nc_zt=23&_nc_ht=scontent-dfw5-2.cdninstagram.com&edm=AM6HXa8EAAAA&_nc_gid=VRYKpTH16Yr5i-BRgrxB9g&_nc_tpa=Q5bMBQK-NiYXSV3a1C8heHYCpVEJvQkic5-wkMTcZ-K6amUNxA_l1O2qq0RcEm7Nq_7Boh2RNf8nHSlh&oh=00_AQI3v7CCA8xQjMGH_avX-wO-tPJ94rLoeF3yVAmr0WNHdQ&oe=6A9DFE84,21 Oct 2024 06:17:03,qpaypro,REELS
17841443997027489,18033009641252106,"? La construcción de marca y el mercadeo son clave para el éxito de cualquier negocio. No te pierdas del  episodio completo de Emprendiendo con Ganas, con nuestro invitado especial @Molvu , exploramos cómo impulsar tu marca al siguiente nivel ?? 

El link está en nuestro perfil ?? 

#emprendiendoconganas #historiasdeexito #motivacion #emprendedora #emprendedoresexitosos #podcastdeemprendimiento #inspirateyemprende #podcast #guatemala502",Yes,1,7,VIDEO,https://scontent-dfw5-2.cdninstagram.com/o1/v/t2/f2/m86/AQPY39xovs87McpFA5AOogyTfxSzh4_ZwPldejz6J3FPhEZAzLD6KAHtTXFsEGNFVXK-cfkQdFCiukuVIRc_tBzcMhKwcV4-Nw-QUJo.mp4?_nc_cat=100&_nc_sid=5e9851&_nc_ht=scontent-dfw5-2.cdninstagram.com&_nc_ohc=MUKvrcX6WIIQ7kNvwFC6HjD&efg=eyJ2ZW5jb2RlX3RhZyI6Inhwdl9wcm9ncmVzc2l2ZS5JTlNUQUdSQU0uQ0xJUFMuQzMuMzU4LmRhc2hfYmFzZWxpbmVfM192MSIsInhwdl9hc3NldF9pZCI6MTQ1NzUzNTMyNDkyMzkwNSwiYXNzZXRfYWdlX2RheXMiOjY4MywidmlfdXNlY2FzZV9pZCI6MTAwOTksImR1cmF0aW9uX3MiOjczLCJ1cmxnZW5fc291cmNlIjoid3d3In0%3D&ccb=17-1&vs=b59589e245b77131&_nc_vs=HBksFQIYUmlnX3hwdl9yZWVsc19wZXJtYW5lbnRfc3JfcHJvZC9CNDQ5MEY4NzU5REExNzI1OERFQ0NBM0VEMjNBNEZCMV92aWRlb19kYXNoaW5pdC5tcDQVAALIARIAFQIYRmlnX3hwdl9yZWVsc19wZXJtYW5lbnRfc3JfcHJvZC80MTUyMTU5NzE2NDM5MzVfMzExOTYwMDQ0NTQ0Mjc0MDYzOC5tcDQVAgLIARIAKAAYABsCiAd1c2Vfb2lsATEScHJvZ3Jlc3NpdmVfcmVjaXBlATEVAAAmgqDRtNznlgUVAigCQzMsF0BSZDlYEGJOGBJkYXNoX2Jhc2VsaW5lXzNfdjERAHX-B2XmnQEA&_nc_gid=VRYKpTH16Yr5i-BRgrxB9g&edm=AM6HXa8EAAAA&_nc_zt=28&oh=00_AQLGCs-9UN7VOmDmv6b31wTTXXZT8v913ecgXpMU1nkH9Q&oe=6A99ED75,https://www.instagram.com/reel/DBRvI7yMVQS/,DBRvI7yMVQS,https://scontent-dfw5-1.cdninstagram.com/v/t51.71878-15/503172653_1609385479738888_1481845779909837639_n.jpg?stp=dst-jpg_e35_tt6&_nc_cat=111&ccb=7-5&_nc_sid=18de74&efg=eyJlZmdfdGFnIjoiQ0xJUFMuYmVzdF9pbWFnZV91cmxnZW4uQzMifQ%3D%3D&_nc_ohc=HOAzqichjV4Q7kNvwEAwn9F&_nc_oc=AdpKnyNYBDfmDu4FaMOX8mvsJSVWi8mLfAd08Ec-x4-vCocp-0fQP7GWbe-AYEezI5g&_nc_zt=23&_nc_ht=scontent-dfw5-1.cdninstagram.com&edm=AM6HXa8EAAAA&_nc_gid=VRYKpTH16Yr5i-BRgrxB9g&_nc_tpa=Q5bMBQIy_417TSdUyXx_n-d9wxx7mUOqGH2d-rLEifZasvSYerIvNbTh0HaJC8IyLDztOChPu9ulkw_I&oh=00_AQKxO1sl9PUxRmtA80zazDl8RkxQfanjRdga6-liGy0xtQ&oe=6A9DD7BF,18 Oct 2024 07:27:04,qpaypro,REELS
17841443997027489,17896072826999626,"? ¿Ya viste el episodio 5 de Emprendiendo con Ganas? ?️ Robín Shaw nos comparte su increíble historia emprendedora. ¡Dale play y déjate inspirar! ? 

? Link en nuestro perfil

#emprendiendoconganas #historiasdeexito #motivacion #emprendedora #emprendedoresexitosos #podcastdeemprendimiento #inspirateyemprende #podcast #guatemala502",Yes,0,3,VIDEO,https://scontent-dfw5-2.cdninstagram.com/o1/v/t2/f2/m86/AQPthucqjs4unSRl7RCYMJb_Q7R2X0vhmEvJTc0yCGsL35mn1XRnEadgaD8gVhYL1gK6T-xVU5pWeorBef4fFqqTZMUIYFEADVkUAss.mp4?_nc_cat=100&_nc_sid=5e9851&_nc_ht=scontent-dfw5-2.cdninstagram.com&_nc_ohc=ikggaYEPOZwQ7kNvwE6EYsV&efg=eyJ2ZW5jb2RlX3RhZyI6Inhwdl9wcm9ncmVzc2l2ZS5JTlNUQUdSQU0uQ0xJUFMuQzMuMzU4LmRhc2hfYmFzZWxpbmVfM192MSIsInhwdl9hc3NldF9pZCI6MTA2Mzk1NDQ3ODczMTY3MCwiYXNzZXRfYWdlX2RheXMiOjY4MywidmlfdXNlY2FzZV9pZCI6MTAwOTksImR1cmF0aW9uX3MiOjU0LCJ1cmxnZW5fc291cmNlIjoid3d3In0%3D&ccb=17-1&vs=967b6ab3e84e4ebe&_nc_vs=HBksFQIYUmlnX3hwdl9yZWVsc19wZXJtYW5lbnRfc3JfcHJvZC80MTQxRTI1OEJGNzE1NkM0NTRBQTVBRDREMEFENjQ5Nl92aWRlb19kYXNoaW5pdC5tcDQVAALIARIAFQIYR2lnX3hwdl9yZWVsc19wZXJtYW5lbnRfc3JfcHJvZC80OTE5OTg3MDQxNTYwMzEzXzc4Mjg4ODY1ODg1NDk5OTAyNzgubXA0FQICyAESACgAGAAbAogHdXNlX29pbAExEnByb2dyZXNzaXZlX3JlY2lwZQExFQAAJqzGmMym6uMDFQIoAkMzLBdASy7ZFocrAhgSZGFzaF9iYXNlbGluZV8zX3YxEQB1_gdl5p0BAA&_nc_gid=VRYKpTH16Yr5i-BRgrxB9g&edm=AM6HXa8EAAAA&_nc_zt=28&oh=00_AQI3O8OrTfDn34GJs8tyWjbCilNQTZYEbGRcPkJyo1AM5A&oe=6A99D599,https://www.instagram.com/reel/DBRXsioPSaR/,DBRXsioPSaR,https://scontent-dfw6-2.cdninstagram.com/v/t51.71878-15/500724689_1219079819885801_367547608753924681_n.jpg?stp=dst-jpg_e35_tt6&_nc_cat=108&ccb=7-5&_nc_sid=18de74&efg=eyJlZmdfdGFnIjoiQ0xJUFMuYmVzdF9pbWFnZV91cmxnZW4uQzMifQ%3D%3D&_nc_ohc=N7CwPOj1s5MQ7kNvwEZAeRe&_nc_oc=AdphatI7OtJ2XuT4vNNb29EZKt8OF1SuiOfpQILvwO0wq251_Ia6LEuNNOxGdoPVO_Q&_nc_zt=23&_nc_ht=scontent-dfw6-2.cdninstagram.com&edm=AM6HXa8EAAAA&_nc_gid=VRYKpTH16Yr5i-BRgrxB9g&_nc_tpa=Q5bMBQJu_IZZ8-z6fsOj9_0sROP-EYW0prRxBlwaKBuIQyzmCMHF8OwKyAt21Y4ucCUpd5gwLxzY8RO4&oh=00_AQJClQKqMCotY_cKOUKrEg6RNszI0x_u9hRBJGneJUpffA&oe=6A9DD533,18 Oct 2024 04:02:10,qpaypro,REELS
17841443997027489,18000715859688494,"? Haz que pagar sea más fácil con Qpaycash. Acepta pagos en efectivo o transferencia en banca digital, sin complicaciones o uso de tarjetas. Dale a tus clientes la libertad de elegir cómo pagar. ¡Qpaycash está aquí para hacer crecer tu negocio! ?? 

#integraciones #paginaweb #qpaypro #pagosonline #ventasonline #redessociales #negocioonline #negociodigital #crecimientoydesarrollo #crecimientoprofesional #pagosonline #ventasonline #efectivo #dinero #cash",Yes,3,13,VIDEO,https://scontent-dfw5-1.cdninstagram.com/o1/v/t2/f2/m86/AQMXVEvY-Hc6AJp_6HrtK5sqw5ksiBSiZ091sZDp3H31KtIv8N1B5XUKQAgr0Wrb54by8TxBUSvumgpx6e4VleizErs_1wn311zQ4FM.mp4?_nc_cat=106&_nc_sid=5e9851&_nc_ht=scontent-dfw5-1.cdninstagram.com&_nc_ohc=QBnZncsE4WAQ7kNvwEIcHow&efg=eyJ2ZW5jb2RlX3RhZyI6Inhwdl9wcm9ncmVzc2l2ZS5JTlNUQUdSQU0uQ0xJUFMuQzMuMzU4LmRhc2hfYmFzZWxpbmVfM192MSIsInhwdl9hc3NldF9pZCI6MTY0NDgyNDA0NjM3NjgyNCwiYXNzZXRfYWdlX2RheXMiOjY4NCwidmlfdXNlY2FzZV9pZCI6MTAwOTksImR1cmF0aW9uX3MiOjU4LCJ1cmxnZW5fc291cmNlIjoid3d3In0%3D&ccb=17-1&vs=71f44bcea010b633&_nc_vs=HBksFQIYUmlnX3hwdl9yZWVsc19wZXJtYW5lbnRfc3JfcHJvZC9FQTRENDIwQkMxRDM2MzkwMzNCN0YyOTQ5NTg0MkFBRV92aWRlb19kYXNoaW5pdC5tcDQVAALIARIAFQIYR2lnX3hwdl9yZWVsc19wZXJtYW5lbnRfc3JfcHJvZC8xMDc2NzQ0NzQ3Mzc4MDEyXzgxMjExMTA3ODMxMjU0ODkzNzkubXA0FQICyAESACgAGAAbAogHdXNlX29pbAExEnByb2dyZXNzaXZlX3JlY2lwZQExFQAAJvDdhJCu_esFFQIoAkMzLBdATRmZmZmZmhgSZGFzaF9iYXNlbGluZV8zX3YxEQB1_gdl5p0BAA&_nc_gid=VRYKpTH16Yr5i-BRgrxB9g&edm=AM6HXa8EAAAA&_nc_zt=28&oh=00_AQLP2257bCFeMtWgGYN_il5_lU5PIOs_TSD2z80AsI4d4w&oe=6A99E6BB,https://www.instagram.com/reel/DBPCVMCp2X0/,DBPCVMCp2X0,https://scontent-dfw5-1.cdninstagram.com/v/t51.71878-15/503107400_1809421143250446_1660875804868567068_n.jpg?stp=dst-jpg_e35_tt6&_nc_cat=111&ccb=7-5&_nc_sid=18de74&efg=eyJlZmdfdGFnIjoiQ0xJUFMuYmVzdF9pbWFnZV91cmxnZW4uQzMifQ%3D%3D&_nc_ohc=yl2rSt3yAUwQ7kNvwFJZimb&_nc_oc=Adp2gOGCT7gpxKHGOKVqhq00zVD1s04MOTM_qAK3EJChIPwNIZANgeJYaHSk4qIs2Vk&_nc_zt=23&_nc_ht=scontent-dfw5-1.cdninstagram.com&edm=AM6HXa8EAAAA&_nc_gid=VRYKpTH16Yr5i-BRgrxB9g&_nc_tpa=Q5bMBQKGvz9daWlDFfpCIjBufP4R3cKN9WWc5Iin53i7PL1NzTQhVsMIxlPtl1JpC99wCzVe7lITHgRV&oh=00_AQIYQNQXKzO2X63aYVJ7hObiZ8ATbXnr8UdBZHq58UEBLQ&oe=6A9DE093,17 Oct 2024 06:17:03,qpaypro,REELS
17841443997027489,18270441547217148,"? ¡El episodio 5 de Emprendiendo con Ganas ya está disponible! ?️ En este episodio, tenemos como invitado a Robín Shaw, el visionario fundador de RS Corp - Ticket Box ?️. Descubre los secretos detrás de su éxito y cómo revolucionó el mundo del ticketing. ??

Si eres emprendedor o estás buscando llevar tu negocio al siguiente nivel, ¡no te puedes perder esta conversación llena de estrategias y motivación! ?? 

? Link en nuestro perfil

#emprendiendoconganas #historiasdeexito #motivacion #emprendedora #emprendedoresexitosos #podcastdeemprendimiento #inspirateyemprende #podcast #guatemala502",Yes,1,5,VIDEO,https://scontent-dfw6-2.cdninstagram.com/o1/v/t2/f2/m86/AQOPmMZcpAE4avJQKBOEA4ZDRDilO_daYfEZ_LF4QPQm--zagCIdo70RI--3VxdNudMG_DKyimBaQKnf2fJNReIFeWZ1iNEvLSmfyFk.mp4?_nc_cat=109&_nc_sid=5e9851&_nc_ht=scontent-dfw6-2.cdninstagram.com&_nc_ohc=7eaDYYJwjNkQ7kNvwGB_U8Z&efg=eyJ2ZW5jb2RlX3RhZyI6Inhwdl9wcm9ncmVzc2l2ZS5JTlNUQUdSQU0uQ0xJUFMuQzMuMzU4LmRhc2hfYmFzZWxpbmVfM192MSIsInhwdl9hc3NldF9pZCI6NTM5NjUxNDc1MzUyMTMyLCJhc3NldF9hZ2VfZGF5cyI6Njg1LCJ2aV91c2VjYXNlX2lkIjoxMDA5OSwiZHVyYXRpb25fcyI6NTIsInVybGdlbl9zb3VyY2UiOiJ3d3cifQ%3D%3D&ccb=17-1&vs=5e39dd3f31a10679&_nc_vs=HBksFQIYUmlnX3hwdl9yZWVsc19wZXJtYW5lbnRfc3JfcHJvZC84RTQyMTQzQUUzMTA1NzcxOEY0MDQyQTcwNEIwQUQ4Ml92aWRlb19kYXNoaW5pdC5tcDQVAALIARIAFQIYRmlnX3hwdl9yZWVsc19wZXJtYW5lbnRfc3JfcHJvZC85MDU1NzQzOTgxMTY0MzVfMjgwNzk5OTYyNDk2NjM2NjYyOS5tcDQVAgLIARIAKAAYABsCiAd1c2Vfb2lsATEScHJvZ3Jlc3NpdmVfcmVjaXBlATEVAAAmiKnt5-yz9QEVAigCQzMsF0BKBDlYEGJOGBJkYXNoX2Jhc2VsaW5lXzNfdjERAHX-B2XmnQEA&_nc_gid=VRYKpTH16Yr5i-BRgrxB9g&edm=AM6HXa8EAAAA&_nc_zt=28&oh=00_AQJ-2U9UwOx7D1U8j3w6RtJdcUDhZY5LdO-pxn0i-TO0_Q&oe=6A99F7EA,https://www.instagram.com/reel/DBMY9WcN0jz/,DBMY9WcN0jz,https://scontent-dfw5-2.cdninstagram.com/v/t51.71878-15/503284875_717043470946264_61359145327921064_n.jpg?stp=dst-jpg_e35_tt6&_nc_cat=100&ccb=7-5&_nc_sid=18de74&efg=eyJlZmdfdGFnIjoiQ0xJUFMuYmVzdF9pbWFnZV91cmxnZW4uQzMifQ%3D%3D&_nc_ohc=sb7w1P6y-2gQ7kNvwFh6fNt&_nc_oc=AdowidRJQzQYZL-j8zR1fWLKoJfqsXSyPQbyrAllfF2TVx6zXg2I5JCSpkzBKZBsmPQ&_nc_zt=23&_nc_ht=scontent-dfw5-2.cdninstagram.com&edm=AM6HXa8EAAAA&_nc_gid=VRYKpTH16Yr5i-BRgrxB9g&_nc_tpa=Q5bMBQLlIg79UMrXGOj1tCYIh4vQwpz-swiTq12R4f8Eb19FotJPYuUQpuo2HN1dLDA4x-vUn5MHjwXS&oh=00_AQIIXQ7bpQ_r6kKn1RPxE95WdWFYRdLjAzQfOrKe92SE6A&oe=6A9DED84,16 Oct 2024 05:37:05,qpaypro,REELS
17841443997027489,18376293553101919,"? ¡Presentamos Qpaycash! Acepta pagos en efectivo en Super 24 o transferencia en banca digital a Akisí y asegúrate de que cada transacción se realice de manera rápida y segura. Tus clientes eligen cómo pagar, y tú no pierdes ventas. ¡Únete a la revolución del pago flexible con Qpaycash! ?? En colaboración con PayCash Global",Yes,0,10,VIDEO,https://scontent-dfw6-1.cdninstagram.com/o1/v/t2/f2/m86/AQM_nBalSM3hRELWzLsR66Wnaz9QRt4r48xRsrbpQWa80VJAqX6Xvb47wH-6Y2-eB-2sV7iKEgE4_urh-7SJu4DC-EIWWVdVBNh9aSM.mp4?_nc_cat=101&_nc_sid=5e9851&_nc_ht=scontent-dfw6-1.cdninstagram.com&_nc_ohc=V0BNTHHa_B8Q7kNvwFvZHGy&efg=eyJ2ZW5jb2RlX3RhZyI6Inhwdl9wcm9ncmVzc2l2ZS5JTlNUQUdSQU0uQ0xJUFMuQzMuMzYwLmRhc2hfYmFzZWxpbmVfM192MSIsInhwdl9hc3NldF9pZCI6ODUwOTkzMTYzODc3NjA4LCJhc3NldF9hZ2VfZGF5cyI6Njg2LCJ2aV91c2VjYXNlX2lkIjoxMDA5OSwiZHVyYXRpb25fcyI6NywidXJsZ2VuX3NvdXJjZSI6Ind3dyJ9&ccb=17-1&vs=287cb9a712a28bc5&_nc_vs=HBksFQIYUmlnX3hwdl9yZWVsc19wZXJtYW5lbnRfc3JfcHJvZC8zNTRCOUEyRkI0Njg0RDUzQzc3RTI3MkJGRjkyNEE5QV92aWRlb19kYXNoaW5pdC5tcDQVAALIARIAFQIYRmlnX3hwdl9yZWVsc19wZXJtYW5lbnRfc3JfcHJvZC81MjYzNjE1NDM0NTE5OTFfNDg1NTgzNjc2MjIzNzkxMTA0Ni5tcDQVAgLIARIAKAAYABsCiAd1c2Vfb2lsATEScHJvZ3Jlc3NpdmVfcmVjaXBlATEVAAAm0PPpk6n-ggMVAigCQzMsF0AfqfvnbItEGBJkYXNoX2Jhc2VsaW5lXzNfdjERAHX-B2XmnQEA&_nc_gid=VRYKpTH16Yr5i-BRgrxB9g&edm=AM6HXa8EAAAA&_nc_zt=28&oh=00_AQLX7m2qKAFIlI3LpMyyDqEWrP06SZ0NZ2SB_pgcnLLytg&oe=6A99DF96,https://www.instagram.com/reel/DBKNRIVChBc/,DBKNRIVChBc,https://scontent-dfw5-2.cdninstagram.com/v/t51.71878-15/503465311_1013341260976130_617795449239509791_n.jpg?stp=dst-jpg_e35_tt6&_nc_cat=107&ccb=7-5&_nc_sid=18de74&efg=eyJlZmdfdGFnIjoiQ0xJUFMuYmVzdF9pbWFnZV91cmxnZW4uQzMifQ%3D%3D&_nc_ohc=wLH-2CB_kSsQ7kNvwHBZRuZ&_nc_oc=AdpG-P81NtPMBTqXV4UKdGR2GPl-5wwQnIxcGIiB5aPaQuJhQcah1CVTcUV8nHXvzaY&_nc_zt=23&_nc_ht=scontent-dfw5-2.cdninstagram.com&edm=AM6HXa8EAAAA&_nc_gid=VRYKpTH16Yr5i-BRgrxB9g&_nc_tpa=Q5bMBQJIuNTmO0t09FWNjxEmku933uZ0DHUrTqKBwMEVkNaadMuRiVBJ6Z_AlQIOIDeM4ocFVR4WduEU&oh=00_AQIB0AgHJ-gIrwG3o3trKXvBLIJX3aNHRs4uor7lEdq8Pw&oe=6A9DD3B8,15 Oct 2024 09:14:50,qpaypro,REELS
17841443997027489,17888955681037080,"? ¡Atención emprendedores! ? Este miércoles estrenamos el episodio 5 de Emprendiendo con Ganas y tenemos un invitado de lujo: Robín Shaw, fundador de RS Corp - Ticket Box ?️ No te puedes perder su historia llena de aprendizajes y estrategias de ventas para aplicar en tu negocio 

¡No te lo pierdas! ? Link en nuestro perfil

#emprendiendoconganas #historiasdeexito #motivacion #emprendedora #emprendedoresexitosos #podcastdeemprendimiento #inspirateyemprende #podcast #guatemala502 @ticketboxla",Yes,1,4,VIDEO,https://scontent-dfw5-1.cdninstagram.com/o1/v/t2/f2/m86/AQNSUXD50zJirSfECEqWiazu1OPNGwUYCey9p8xOLUYvE82WtkH9DqrolB_ziUQPaIK-jlZXxnw89tXhukiL6-M6VoS3uWa3irJslP0.mp4?_nc_cat=106&_nc_sid=5e9851&_nc_ht=scontent-dfw5-1.cdninstagram.com&_nc_ohc=3HIkW3o0a8cQ7kNvwFtXvpe&efg=eyJ2ZW5jb2RlX3RhZyI6Inhwdl9wcm9ncmVzc2l2ZS5JTlNUQUdSQU0uQ0xJUFMuQzMuMzU4LmRhc2hfYmFzZWxpbmVfM192MSIsInhwdl9hc3NldF9pZCI6MTcxNjQzNjIxOTE3NzU0NiwiYXNzZXRfYWdlX2RheXMiOjY4NywidmlfdXNlY2FzZV9pZCI6MTAwOTksImR1cmF0aW9uX3MiOjQ4LCJ1cmxnZW5fc291cmNlIjoid3d3In0%3D&ccb=17-1&vs=5a736dcb95ca3c21&_nc_vs=HBksFQIYUmlnX3hwdl9yZWVsc19wZXJtYW5lbnRfc3JfcHJvZC8yNjQ0OTY5NjI4RTJCMTVBODNFMjMwNDA1Mzc1QkQ5N192aWRlb19kYXNoaW5pdC5tcDQVAALIARIAFQIYR2lnX3hwdl9yZWVsc19wZXJtYW5lbnRfc3JfcHJvZC8yMTM5MDgxMjIzMTYxNDg1Xzg3OTM4MDQ0MTkyNTMyMDI2MzYubXA0FQICyAESACgAGAAbAogHdXNlX29pbAExEnByb2dyZXNzaXZlX3JlY2lwZQExFQAAJpSp_bHexYwGFQIoAkMzLBdASGZmZmZmZhgSZGFzaF9iYXNlbGluZV8zX3YxEQB1_gdl5p0BAA&_nc_gid=VRYKpTH16Yr5i-BRgrxB9g&edm=AM6HXa8EAAAA&_nc_zt=28&oh=00_AQJmtNOi359ns-pBYx1SCh6Ta_JCWl4kt62eeHqkVb6IYQ&oe=6A9A057B,https://www.instagram.com/reel/DBHJp3bpEIz/,DBHJp3bpEIz,https://scontent-dfw6-1.cdninstagram.com/v/t51.71878-15/491468920_1871963173624849_855256407951591298_n.jpg?stp=dst-jpg_e35_tt6&_nc_cat=101&ccb=7-5&_nc_sid=18de74&efg=eyJlZmdfdGFnIjoiQ0xJUFMuYmVzdF9pbWFnZV91cmxnZW4uQzMifQ%3D%3D&_nc_ohc=oo_pislNKg8Q7kNvwGcCOGX&_nc_oc=AdqOClCrNT-2SGjYJnMiRiS3jL9ulALkN55oFwfSXRNK9zstk5Onn0r0ZdoPuTPBfs4&_nc_zt=23&_nc_ht=scontent-dfw6-1.cdninstagram.com&edm=AM6HXa8EAAAA&_nc_gid=VRYKpTH16Yr5i-BRgrxB9g&_nc_tpa=Q5bMBQLQKt2WShehJXpZiCvcLz4sJ5Z23rwrpnXLXr1C5nZH2zL8zcPXIq7YLHYaYrsykNswdWQWeiJv&oh=00_AQKaFgAB_ueEhHsa4Jjo4GzxSx1whst3vidONsah4sijbw&oe=6A9DD48B,14 Oct 2024 04:47:04,qpaypro,REELS
17841443997027489,17852933823294647,"?️ ¡No te puedes perder el Episodio 4 de ""Emprendiendo con Ganas""! ? Este episodio está lleno de información clave y tips esenciales para emprendedores que quieren llevar su negocio al siguiente nivel. ?? 

? Link en nuestro perfil

#emprendiendoconganas #historiasdeexito #motivacion #emprendedora #emprendedoresexitosos #podcastdeemprendimiento #inspirateyemprende #podcast #guatemala502",Yes,1,7,VIDEO,https://scontent-dfw5-1.cdninstagram.com/o1/v/t2/f2/m86/AQOGwTkyompKFZbHJNvWaZnNDkPEC3YnIIB5Wx21mG7BZhMFmIJzjlQ4zkEBXv2_4XvcSoIRsdTRQSROTepMag3tDzVcyi9_aQx0Uog.mp4?_nc_cat=105&_nc_sid=5e9851&_nc_ht=scontent-dfw5-1.cdninstagram.com&_nc_ohc=iJhHL-DH-ioQ7kNvwE_Sfvt&efg=eyJ2ZW5jb2RlX3RhZyI6Inhwdl9wcm9ncmVzc2l2ZS5JTlNUQUdSQU0uQ0xJUFMuQzMuMzU4LmRhc2hfYmFzZWxpbmVfM192MSIsInhwdl9hc3NldF9pZCI6NTUyMzUzOTc0MTEyNzE2LCJhc3NldF9hZ2VfZGF5cyI6NjkwLCJ2aV91c2VjYXNlX2lkIjoxMDA5OSwiZHVyYXRpb25fcyI6NTAsInVybGdlbl9zb3VyY2UiOiJ3d3cifQ%3D%3D&ccb=17-1&vs=10acd6f0cb3552a7&_nc_vs=HBksFQIYUmlnX3hwdl9yZWVsc19wZXJtYW5lbnRfc3JfcHJvZC9FODRCM0E3RkZGN0VGODg3M0I1QzA5RTBBNkMxNkRBOF92aWRlb19kYXNoaW5pdC5tcDQVAALIARIAFQIYRmlnX3hwdl9yZWVsc19wZXJtYW5lbnRfc3JfcHJvZC81NDk5MzEzNjQyODcwMDBfNDYyNzAwMjk3OTkzNTcyNTA3Ny5tcDQVAgLIARIAKAAYABsCiAd1c2Vfb2lsATEScHJvZ3Jlc3NpdmVfcmVjaXBlATEVAAAmmMfW5p2X-wEVAigCQzMsF0BJCHKwIMScGBJkYXNoX2Jhc2VsaW5lXzNfdjERAHX-B2XmnQEA&_nc_gid=VRYKpTH16Yr5i-BRgrxB9g&edm=AM6HXa8EAAAA&_nc_zt=28&oh=00_AQLUB8D2Lj2-3JaX9whJ4acrVq-c5qhNMt7Zj6bdN5NLWQ&oe=6A99FD12,https://www.instagram.com/reel/DA_g-4bJ3mz/,DA_g-4bJ3mz,https://scontent-dfw5-2.cdninstagram.com/v/t51.71878-15/504484411_725327050148740_4832534053842117904_n.jpg?stp=dst-jpg_e35_tt6&_nc_cat=107&ccb=7-5&_nc_sid=18de74&efg=eyJlZmdfdGFnIjoiQ0xJUFMuYmVzdF9pbWFnZV91cmxnZW4uQzMifQ%3D%3D&_nc_ohc=FbQcRa1GmOEQ7kNvwH6VfPB&_nc_oc=AdoLL4GGRvJWoC0CZC9XXgUd0JPAA5F6iFuBTVRovxwe1zvBjH8qg-t4mR4VzPYywtY&_nc_zt=23&_nc_ht=scontent-dfw5-2.cdninstagram.com&edm=AM6HXa8EAAAA&_nc_gid=VRYKpTH16Yr5i-BRgrxB9g&_nc_tpa=Q5bMBQKaGc_q2UnffeXVUqLVAKGVRTk_jcE8HSpgLBPNWxlbj7y2KgT2kGl3myN0bBqQ6HfTjbZiOU5w&oh=00_AQKzzhd1DP3cE2qXvuvNkMPuCfIyqZs0coPxHA12Cqeqog&oe=6A9DC7FA,11 Oct 2024 05:37:04,qpaypro,REELS
17841443997027489,17924583419865456,"? En el camino del emprendimiento, lo que realmente marca la diferencia es hacer cosas que tengan sentido y propósito a largo plazo. No se trata solo de resultados inmediatos, sino de construir una visión sólida y sostenible para el futuro? 

¡No te pierdas el episodio completo! ? Link en nuestro perfil

#emprendiendoconganas #historiasdeexito #motivacion #emprendedora #emprendedoresexitosos #podcastdeemprendimiento #inspirateyemprende #podcast #guatemala502",Yes,0,6,VIDEO,https://scontent-dfw6-2.cdninstagram.com/o1/v/t2/f2/m86/AQPeRGDa7Yp1hfKEs-S-Soe3YcnCHVO1H4dtSkxz_goPbGQhxpLqyWG3uAU4Gt251pg4KbqJ0Qt6E7vaO-PQdGQW6yKfckwQsvpMxnw.mp4?_nc_cat=109&_nc_sid=5e9851&_nc_ht=scontent-dfw6-2.cdninstagram.com&_nc_ohc=QaHmpl_6g3oQ7kNvwHbVWU7&efg=eyJ2ZW5jb2RlX3RhZyI6Inhwdl9wcm9ncmVzc2l2ZS5JTlNUQUdSQU0uQ0xJUFMuQzMuMzU4LmRhc2hfYmFzZWxpbmVfM192MSIsInhwdl9hc3NldF9pZCI6NDQ2MjIwNzkxMjgzNTMyLCJhc3NldF9hZ2VfZGF5cyI6NjkxLCJ2aV91c2VjYXNlX2lkIjoxMDA5OSwiZHVyYXRpb25fcyI6NDcsInVybGdlbl9zb3VyY2UiOiJ3d3cifQ%3D%3D&ccb=17-1&vs=e3139d89e5203854&_nc_vs=HBksFQIYUmlnX3hwdl9yZWVsc19wZXJtYW5lbnRfc3JfcHJvZC9EMjQzRkIwODJCODhBNEI1OUVDQ0IwQTBFNTU2OUZBOF92aWRlb19kYXNoaW5pdC5tcDQVAALIARIAFQIYOnBhc3N0aHJvdWdoX2V2ZXJzdG9yZS9HQ1BDbEJ2YUNaa3lMUEFCQUNmWnQtNm9WZEJIYnFfRUFBQUYVAgLIARIAKAAYABsCiAd1c2Vfb2lsATEScHJvZ3Jlc3NpdmVfcmVjaXBlATEVAAAmmP2L_Lv1ygEVAigCQzMsF0BHogxJul41GBJkYXNoX2Jhc2VsaW5lXzNfdjERAHX-B2XmnQEA&_nc_gid=VRYKpTH16Yr5i-BRgrxB9g&edm=AM6HXa8EAAAA&_nc_zt=28&oh=00_AQINk-Ak8_ZmHwEFOPUd1XvjZ3eWXOKEEglTtN68LUMHZg&oe=6A99DBE2,https://www.instagram.com/reel/DA9QyrWsuz3/,DA9QyrWsuz3,https://scontent-dfw6-2.cdninstagram.com/v/t51.71878-15/502745107_595738782998398_9188947349024583151_n.jpg?stp=dst-jpg_e35_tt6&_nc_cat=110&ccb=7-5&_nc_sid=18de74&efg=eyJlZmdfdGFnIjoiQ0xJUFMuYmVzdF9pbWFnZV91cmxnZW4uQzMifQ%3D%3D&_nc_ohc=Ue_vdq1ltSwQ7kNvwEOgi4S&_nc_oc=Adrp_X2-Sxi_HqLc6D6heKIXp3B86EOqacyL55fa1FN5rp7gSHTwqwxW-ciiwbcLx6s&_nc_zt=23&_nc_ht=scontent-dfw6-2.cdninstagram.com&edm=AM6HXa8EAAAA&_nc_gid=VRYKpTH16Yr5i-BRgrxB9g&_nc_tpa=Q5bMBQJu0FUhw7R5AzMYR1mGXPD86qW_sJA1_43-wF6Oq6GostQf4oituwJ4uvu3Mc5EMqkzWnnFg0_m&oh=00_AQIz2vCgJHm3Sz9ri4LNuytLSCOhSVdeY0VKKrocZ_dOsQ&oe=6A9DF065,10 Oct 2024 08:37:08,qpaypro,REELS
17841443997027489,18045859846994185,"?️✨ ¡El Episodio 4 de ""Emprendiendo con Ganas"" ya está aquí! ? En esta ocasión, tenemos a Luis Cifuentes, fundador de La Electrónica y Los Instrumentos, quien nos comparte su experiencia y los secretos detrás de construir una empresa exitosa en la industria tecnológica ??.

No te lo pierdas! ? ¡Link en nuestro perfil! 

#emprendiendoconganas #historiasdeexito #motivacion #emprendedora #emprendedoresexitosos #podcastdeemprendimiento #inspirateyemprende #podcast #guatemala502",Yes,1,6,VIDEO,https://scontent-dfw5-2.cdninstagram.com/o1/v/t2/f2/m86/AQNMpfSAAT6dPr3q2IfqgZLWbBAIQqTINBxBn5tA1i9bDdOEDKfM8Z-nTz0eLfCg76y2wTFtY-7ooKZnbonEUJ2cmF-qZN4XqV07bs4.mp4?_nc_cat=100&_nc_sid=5e9851&_nc_ht=scontent-dfw5-2.cdninstagram.com&_nc_ohc=vxZfBSy4ZH8Q7kNvwH7tuul&efg=eyJ2ZW5jb2RlX3RhZyI6Inhwdl9wcm9ncmVzc2l2ZS5JTlNUQUdSQU0uQ0xJUFMuQzMuMzU4LmRhc2hfYmFzZWxpbmVfM192MSIsInhwdl9hc3NldF9pZCI6NTU5MzA5MDY5ODY5NzE5LCJhc3NldF9hZ2VfZGF5cyI6NjkyLCJ2aV91c2VjYXNlX2lkIjoxMDA5OSwiZHVyYXRpb25fcyI6NTEsInVybGdlbl9zb3VyY2UiOiJ3d3cifQ%3D%3D&ccb=17-1&vs=5bb8ad6410a391a8&_nc_vs=HBksFQIYUmlnX3hwdl9yZWVsc19wZXJtYW5lbnRfc3JfcHJvZC8zQzQ4RDk2OTQ2RjQ1OEI2RjI5Nzc5ODU4QkNEOEY4NV92aWRlb19kYXNoaW5pdC5tcDQVAALIARIAFQIYRmlnX3hwdl9yZWVsc19wZXJtYW5lbnRfc3JfcHJvZC80MDY5MzAyOTU3OTIwNjVfNzM2MDUyNDQ2Nzk0MjY5NDcwOC5tcDQVAgLIARIAKAAYABsCiAd1c2Vfb2lsATEScHJvZ3Jlc3NpdmVfcmVjaXBlATEVAAAmrorvpoms_gEVAigCQzMsF0BJogxJul41GBJkYXNoX2Jhc2VsaW5lXzNfdjERAHX-B2XmnQEA&_nc_gid=VRYKpTH16Yr5i-BRgrxB9g&edm=AM6HXa8EAAAA&_nc_zt=28&oh=00_AQIVSWdX_qCtxZ7H1jmh-4v0JMqkywNze-JUcFxpl50TNA&oe=6A99FE29,https://www.instagram.com/reel/DA6NGbUMPt8/,DA6NGbUMPt8,https://scontent-dfw6-1.cdninstagram.com/v/t51.71878-15/503255796_726456953154929_4841549718967903128_n.jpg?stp=dst-jpg_e35_tt6&_nc_cat=102&ccb=7-5&_nc_sid=18de74&efg=eyJlZmdfdGFnIjoiQ0xJUFMuYmVzdF9pbWFnZV91cmxnZW4uQzMifQ%3D%3D&_nc_ohc=SbKenYlp8PoQ7kNvwFYqkAY&_nc_oc=Adp0PWQNkM8Dzq1009lG0be8JlyWo2s3IgAoEquYVnkRQzXmwM2uhK1x9dW6GR6DCNo&_nc_zt=23&_nc_ht=scontent-dfw6-1.cdninstagram.com&edm=AM6HXa8EAAAA&_nc_gid=VRYKpTH16Yr5i-BRgrxB9g&_nc_tpa=Q5bMBQJiPRTSP5NOPH0PoaBhnrf6cbv3dWy3iaArc06aGK0dImTzD8fJV-eQq-LLFkqHX0xJL7uuU-CV&oh=00_AQKHe-ZLO_v4PLjaSMk8pQZnSksIoP69UaYwuxCzljDrdw&oe=6A9DC83C,09 Oct 2024 04:07:03,qpaypro,REELS
17841443997027489,18042108803030669,"?️ ¡No te quedes a medias! Mira el episodio 2 de Emprendiendo con Ganas que está disponible en todas nuestras plataformas, un conversacionales llena de aprendizajes junto a el fundador de Webifica ✨ 

¡Haz clic en el link de nuestro perfil y disfruta del episodio completo! ??",Yes,1,5,VIDEO,https://scontent-dfw5-2.cdninstagram.com/o1/v/t2/f2/m86/AQOpp3kDca3kfmHlxBTEWQqHX0wkMge0WYji8ccZAsD5PfAjA4BvDojbGDyr5zqTddFL9u2FKBUsj1PzpZmE12xW3DvtJd0Ni8sZ3a8.mp4?_nc_cat=107&_nc_sid=5e9851&_nc_ht=scontent-dfw5-2.cdninstagram.com&_nc_ohc=3XysZ7ffLzQQ7kNvwEk-Zge&efg=eyJ2ZW5jb2RlX3RhZyI6Inhwdl9wcm9ncmVzc2l2ZS5JTlNUQUdSQU0uQ0xJUFMuQzMuMzU4LmRhc2hfYmFzZWxpbmVfM192MSIsInhwdl9hc3NldF9pZCI6OTU3MjQ0NzQzMTA2OTYyLCJhc3NldF9hZ2VfZGF5cyI6NjkzLCJ2aV91c2VjYXNlX2lkIjoxMDA5OSwiZHVyYXRpb25fcyI6NTksInVybGdlbl9zb3VyY2UiOiJ3d3cifQ%3D%3D&ccb=17-1&vs=527d1d1c6c0f8758&_nc_vs=HBksFQIYUmlnX3hwdl9yZWVsc19wZXJtYW5lbnRfc3JfcHJvZC84NTRBNkE4RTRGRUVEMTFBQTkzQkQ3NDI5QTk3MDc4Nl92aWRlb19kYXNoaW5pdC5tcDQVAALIARIAFQIYR2lnX3hwdl9yZWVsc19wZXJtYW5lbnRfc3JfcHJvZC8xMjM5NzEwMTQzOTM1ODUwXzY5NzU0OTU5MzI5MDA2NDYxNDgubXA0FQICyAESACgAGAAbAogHdXNlX29pbAExEnByb2dyZXNzaXZlX3JlY2lwZQExFQAAJqSGgo79prMDFQIoAkMzLBdATeIMSbpeNRgSZGFzaF9iYXNlbGluZV8zX3YxEQB1_gdl5p0BAA&_nc_gid=VRYKpTH16Yr5i-BRgrxB9g&edm=AM6HXa8EAAAA&_nc_zt=28&oh=00_AQIoCMnBzL93WiDV4ZRWZ04sRjIZMP3RSd26vhS9ObjBEA&oe=6A9A0394,https://www.instagram.com/reel/DA36nvhIRhl/,DA36nvhIRhl,https://scontent-dfw5-2.cdninstagram.com/v/t51.71878-15/502421672_1138210381677063_246299316483223895_n.jpg?stp=dst-jpg_e35_tt6&_nc_cat=100&ccb=7-5&_nc_sid=18de74&efg=eyJlZmdfdGFnIjoiQ0xJUFMuYmVzdF9pbWFnZV91cmxnZW4uQzMifQ%3D%3D&_nc_ohc=70gzJJVqvZQQ7kNvwE9J28w&_nc_oc=Adq5utK6DyX5bSDvH5-H81gDLsw8t-qOhL3tg7vnHrKnF9mfNeCDdpZqZdOMbA0w7HU&_nc_zt=23&_nc_ht=scontent-dfw5-2.cdninstagram.com&edm=AM6HXa8EAAAA&_nc_gid=VRYKpTH16Yr5i-BRgrxB9g&_nc_tpa=Q5bMBQIr-jJ-Cj_OkShu1e30kpXUDShfhYTLjvHQF9n0eSbMv8Kmfl_QwXhFuX5eQk5uEyV4rxhLspif&oh=00_AQKFOciZ0chyA8b-R7nvcLaV5j5Sw8jU9ePO1al8zabFQA&oe=6A9DD593,08 Oct 2024 06:47:07,qpaypro,REELS
17841443997027489,18048201751937099,"??️ ¡Prepárate! Este miércoles lanzamos el Episodio 4 de Emprendiendo con Ganas! ?✨ En esta ocasión, contamos con Luis Cifuentes, fundador de La Electrónica y Los Instrumentos, quien nos compartirá sus claves para emprender con éxito y superar los obstáculos en el camino ??

¡No te lo pierdas! Muy pronto disponible en todas nuestras plataformas ?? 

#emprendiendoconganas #historiasdeexito #motivacion #emprendedora #emprendedoresexitosos #podcastdeemprendimiento #inspirateyemprende #podcast #guatemala502",Yes,0,7,VIDEO,https://scontent-dfw6-1.cdninstagram.com/o1/v/t2/f2/m86/AQN14yQ47ecjD7s4gZgIUKE-0s89PPSo8t_4TredySoD0l-vwyncJFVxt40saPxnrR3YKN04xrOc4AYoZB2dpKjfUHFUUlke-oA69JI.mp4?_nc_cat=102&_nc_sid=5e9851&_nc_ht=scontent-dfw6-1.cdninstagram.com&_nc_ohc=hz2j1XRY-XsQ7kNvwEzQW4u&efg=eyJ2ZW5jb2RlX3RhZyI6Inhwdl9wcm9ncmVzc2l2ZS5JTlNUQUdSQU0uQ0xJUFMuQzMuMzU4LmRhc2hfYmFzZWxpbmVfM192MSIsInhwdl9hc3NldF9pZCI6MjQ4MjgyNzg3MTkyNjU1NCwiYXNzZXRfYWdlX2RheXMiOjY5NCwidmlfdXNlY2FzZV9pZCI6MTAwOTksImR1cmF0aW9uX3MiOjQyLCJ1cmxnZW5fc291cmNlIjoid3d3In0%3D&ccb=17-1&vs=8158581dea390585&_nc_vs=HBksFQIYUmlnX3hwdl9yZWVsc19wZXJtYW5lbnRfc3JfcHJvZC82MTQ0NURBRTRGMzRGNjg4NDI2QTg0OEQwQTgxNEVCM192aWRlb19kYXNoaW5pdC5tcDQVAALIARIAFQIYR2lnX3hwdl9yZWVsc19wZXJtYW5lbnRfc3JfcHJvZC8zNDE3NTM0NDY1MjE3MTYwXzU5NTU3NzQxMDg3MzA4NTIzNDYubXA0FQICyAESACgAGAAbAogHdXNlX29pbAExEnByb2dyZXNzaXZlX3JlY2lwZQExFQAAJrTkwZXNh-kIFQIoAkMzLBdARREGJN0vGxgSZGFzaF9iYXNlbGluZV8zX3YxEQB1_gdl5p0BAA&_nc_gid=VRYKpTH16Yr5i-BRgrxB9g&edm=AM6HXa8EAAAA&_nc_zt=28&oh=00_AQLVypHdk20THzuKWx0R8qxMWGXuiRCdiJ7IE3Cw784L5Q&oe=6A99F56B,https://www.instagram.com/reel/DA1l1uFCbv3/,DA1l1uFCbv3,https://scontent-dfw5-1.cdninstagram.com/v/t51.71878-15/503037198_2687392654803407_6239591178639487294_n.jpg?stp=dst-jpg_e35_tt6&_nc_cat=106&ccb=7-5&_nc_sid=18de74&efg=eyJlZmdfdGFnIjoiQ0xJUFMuYmVzdF9pbWFnZV91cmxnZW4uQzMifQ%3D%3D&_nc_ohc=KyfbyO_qV9UQ7kNvwHyAQNx&_nc_oc=Ado88wwh8XTKTkVVRTjumKjDu-7Xbweea6E_PwC4ki8xINQx3lPIt8VGBaU2028EPQU&_nc_zt=23&_nc_ht=scontent-dfw5-1.cdninstagram.com&edm=AM6HXa8EAAAA&_nc_gid=VRYKpTH16Yr5i-BRgrxB9g&_nc_tpa=Q5bMBQIVzsWMxvgO1VmUUYxJhQ0kTqM4fMOm9wwoK5vnG6SKaAHqdEp4zPgXGzypP3fj8IkKGD8m0NHZ&oh=00_AQJT8iOONGvwqBH12P-mS7ZYF-HW7uGTrBeme5bT06HZOQ&oe=6A9DEBBC,07 Oct 2024 09:07:04,qpaypro,REELS
17841443997027489,18143932408342158,"? Emprender no es un camino fácil, pero la perseverancia es lo que te llevará al éxito ? 

¡No te pierdas el episodio 3 de  Emprendiendo con Ganas, hablamos sobre cómo mantener el enfoque y no rendirse ante los desafíos✨ 

? Link en nuestro perfil

#emprendiendoconganas #historiasdeexito #motivacion #emprendedora #emprendedoresexitosos #podcastdeemprendimiento #inspirateyemprende #podcast #guatemala502",Yes,0,6,VIDEO,https://scontent-dfw6-2.cdninstagram.com/o1/v/t2/f2/m86/AQNL0FuPQ_yo1eEuuYmTxOd2C9gpaA8RNAT2ZGvNwL1gW0Ku5YcMp0Msv0lTb2_booDLfZZi-7WK2Bzn6GZv50vZa0AKNQ5HlD5-TGs.mp4?_nc_cat=108&_nc_sid=5e9851&_nc_ht=scontent-dfw6-2.cdninstagram.com&_nc_ohc=o-nZJTaAe6AQ7kNvwEuE6M4&efg=eyJ2ZW5jb2RlX3RhZyI6Inhwdl9wcm9ncmVzc2l2ZS5JTlNUQUdSQU0uQ0xJUFMuQzMuMzU4LmRhc2hfYmFzZWxpbmVfM192MSIsInhwdl9hc3NldF9pZCI6MTkyMDM5NzE1ODQ3Mjg0MiwiYXNzZXRfYWdlX2RheXMiOjY5NSwidmlfdXNlY2FzZV9pZCI6MTAwOTksImR1cmF0aW9uX3MiOjMyLCJ1cmxnZW5fc291cmNlIjoid3d3In0%3D&ccb=17-1&vs=99871a6e1a337e1c&_nc_vs=HBksFQIYUmlnX3hwdl9yZWVsc19wZXJtYW5lbnRfc3JfcHJvZC8wNjRFMDU1OTRDQ0Q0ODlFMEQ0NzNBNjk4MjY3MDBBQl92aWRlb19kYXNoaW5pdC5tcDQVAALIARIAFQIYR2lnX3hwdl9yZWVsc19wZXJtYW5lbnRfc3JfcHJvZC8yNzk1MzM1ODc3MzA4NDk5XzQ4OTQxNjA1MDYyODAyODE3ODMubXA0FQICyAESACgAGAAbAogHdXNlX29pbAExEnByb2dyZXNzaXZlX3JlY2lwZQExFQAAJpTyqufppekGFQIoAkMzLBdAQBEGJN0vGxgSZGFzaF9iYXNlbGluZV8zX3YxEQB1_gdl5p0BAA&_nc_gid=VRYKpTH16Yr5i-BRgrxB9g&edm=AM6HXa8EAAAA&_nc_zt=28&oh=00_AQIsxlf2YV_wO5j7-xTQpFjJoIZAnwqMmm_AgTLpMRbDGw&oe=6A9A00E5,https://www.instagram.com/reel/DAzizXJK_gh/,DAzizXJK_gh,https://scontent-dfw6-1.cdninstagram.com/v/t51.71878-15/503805297_2106483159864240_4933817746418359833_n.jpg?stp=dst-jpg_e35_tt6&_nc_cat=101&ccb=7-5&_nc_sid=18de74&efg=eyJlZmdfdGFnIjoiQ0xJUFMuYmVzdF9pbWFnZV91cmxnZW4uQzMifQ%3D%3D&_nc_ohc=17z9Jqd_vmEQ7kNvwG96ksV&_nc_oc=AdrvPwqIjXOJmplyarUc8m1RKs1z1Qg0Gv7kmagAn3o6rIUyTWHdNT7Uc-mVzauial0&_nc_zt=23&_nc_ht=scontent-dfw6-1.cdninstagram.com&edm=AM6HXa8EAAAA&_nc_gid=VRYKpTH16Yr5i-BRgrxB9g&_nc_tpa=Q5bMBQKf8TysiCkIpmXar8lbq7EbxOOong2fBa5p3KMiho6cbeEjwV3lVlH5oPNaR9YyhYVPQXaz2u2I&oh=00_AQIBqIJQS2Bw83L44IuonbcBTORA0ize75FAcak71fNKsQ&oe=6A9DC835,07 Oct 2024 02:02:04,qpaypro,REELS
17841443997027489,17898686268064244,"? Como emprendedores, iniciar un negocio puede parecer abrumador, enfrentándonos a desafíos constantes como la logística y la coordinación. En el Episodio 3 de Emprendiendo con Ganas, Jefferson Recinos, nos cuenta cómo superó estos retos y alcanzó el éxito en un mercado competitivo ?

Descubre sus estrategias y consejos en el episodio completo, ¡No te lo pierdas! ? Link en nuestro perfil

#emprendiendoconganas #historiasdeexito #motivacion#emprendedora #emprendedoresexitosos #podcastdeemprendimiento #inspirateyemprende #podcast #guatemala502",Yes,0,5,VIDEO,https://scontent-dfw6-1.cdninstagram.com/o1/v/t2/f2/m86/AQMhUiQwR1Rw4irkpS1dqrTzBbN1drj4TLSeYOWO0ywj3GrGRf46fMGXYKDl87vXUFYxjc7vufXBBRtyklxMpqNuTWSw9uLjP1Vmu-4.mp4?_nc_cat=102&_nc_sid=5e9851&_nc_ht=scontent-dfw6-1.cdninstagram.com&_nc_ohc=by2oIeFn9aoQ7kNvwHrRH7Y&efg=eyJ2ZW5jb2RlX3RhZyI6Inhwdl9wcm9ncmVzc2l2ZS5JTlNUQUdSQU0uQ0xJUFMuQzMuMzU4LmRhc2hfYmFzZWxpbmVfM192MSIsInhwdl9hc3NldF9pZCI6MzgyNDQwMzY4MjY1MTAwLCJhc3NldF9hZ2VfZGF5cyI6Njk3LCJ2aV91c2VjYXNlX2lkIjoxMDA5OSwiZHVyYXRpb25fcyI6NjQsInVybGdlbl9zb3VyY2UiOiJ3d3cifQ%3D%3D&ccb=17-1&vs=284d88206075f57c&_nc_vs=HBksFQIYUmlnX3hwdl9yZWVsc19wZXJtYW5lbnRfc3JfcHJvZC9DRDQ5NTJGM0Y0NUI1N0E5RjlDOUU3RDM2MjMzOTk5NV92aWRlb19kYXNoaW5pdC5tcDQVAALIARIAFQIYRmlnX3hwdl9yZWVsc19wZXJtYW5lbnRfc3JfcHJvZC8xOTM5ODUxNzkzMjAzNTAwXzIwOTYzMjEwNDIzNTc1MTcxNy5tcDQVAgLIARIAKAAYABsCiAd1c2Vfb2lsATEScHJvZ3Jlc3NpdmVfcmVjaXBlATEVAAAmmN7i5Pr0rQEVAigCQzMsF0BQDMzMzMzNGBJkYXNoX2Jhc2VsaW5lXzNfdjERAHX-B2XmnQEA&_nc_gid=VRYKpTH16Yr5i-BRgrxB9g&edm=AM6HXa8EAAAA&_nc_zt=28&oh=00_AQJ8CCF6DG4Ri8LnkKO-Xy8DZRUnXdnDYlIlhsDn-raWeg&oe=6A99EEAF,https://www.instagram.com/reel/DAtW1xaPy61/,DAtW1xaPy61,https://scontent-dfw6-1.cdninstagram.com/v/t51.71878-15/503000663_554845504357918_1531935799857160686_n.jpg?stp=dst-jpg_e35_tt6&_nc_cat=102&ccb=7-5&_nc_sid=18de74&efg=eyJlZmdfdGFnIjoiQ0xJUFMuYmVzdF9pbWFnZV91cmxnZW4uQzMifQ%3D%3D&_nc_ohc=Ymi6-G7Mb7kQ7kNvwElh7kT&_nc_oc=Adob5jr0a8INbgt6tbWBmT3HhH77HQBwKKeIiQMxE0OqxeqKl7ndRvsC5c28u8IVS2Y&_nc_zt=23&_nc_ht=scontent-dfw6-1.cdninstagram.com&edm=AM6HXa8EAAAA&_nc_gid=VRYKpTH16Yr5i-BRgrxB9g&_nc_tpa=Q5bMBQJwbPb9qqMzV3XyIebA9RVy7di4ivlWgnM0AhWkExN8PjcIu5_Wa6m70UOnNoeAqMOAOGO4yZHq&oh=00_AQImybH65Rpokje1TjKy-J3kEU-DZK3NPFwP-qIYnOt1vQ&oe=6A9DD874,04 Oct 2024 04:22:03,qpaypro,REELS
17841443997027489,17943287117863093,"?️✨ ¡El Episodio 3 de ""Emprendiendo con Ganas"" ya está disponible! ? En esta edición, hablamos con Jefferson Recinos, fundador de Recipe Makeup, sobre cómo triunfar en un mercado competitivo y construir una marca auténtica ??

¡No te lo pierdas! ? Link en nuestro perfil

#emprendiendoconganas #historiasdeexito #motivacion #emprendedora #emprendedoresexitosos #podcastdeemprendimiento #inspirateyemprende #podcast #guatemala502",Yes,3,4,VIDEO,https://scontent-dfw5-1.cdninstagram.com/o1/v/t2/f2/m86/AQOErWVMsO2HupsDylD1Eg1FnpsPaADeTfe3j9jqrvBefRWuGVnzR1VGP6yNcosugKStPc9I2mLEhbFDLfFs3gbn52MQvHJhPJv1xc8.mp4?_nc_cat=106&_nc_sid=5e9851&_nc_ht=scontent-dfw5-1.cdninstagram.com&_nc_ohc=tUwg7VVxqgwQ7kNvwFMs2iW&efg=eyJ2ZW5jb2RlX3RhZyI6Inhwdl9wcm9ncmVzc2l2ZS5JTlNUQUdSQU0uQ0xJUFMuQzMuMzU4LmRhc2hfYmFzZWxpbmVfM192MSIsInhwdl9hc3NldF9pZCI6MTA1MDMzNzgyOTg5MDE5MiwiYXNzZXRfYWdlX2RheXMiOjY5OSwidmlfdXNlY2FzZV9pZCI6MTAwOTksImR1cmF0aW9uX3MiOjM1LCJ1cmxnZW5fc291cmNlIjoid3d3In0%3D&ccb=17-1&vs=9316b7b964475feb&_nc_vs=HBksFQIYUmlnX3hwdl9yZWVsc19wZXJtYW5lbnRfc3JfcHJvZC9EMjRBNkFDQzJDRTc2NzgzMzcwQzlDQjc4MDgzQjg4N192aWRlb19kYXNoaW5pdC5tcDQVAALIARIAFQIYR2lnX3hwdl9yZWVsc19wZXJtYW5lbnRfc3JfcHJvZC8xMDc0NTE5OTQwMjA0MDU4XzgzNDQ3MTY0NTY5NzE3NjAxMDAubXA0FQICyAESACgAGAAbAogHdXNlX29pbAExEnByb2dyZXNzaXZlX3JlY2lwZQExFQAAJqCi9dPa0d0DFQIoAkMzLBdAQeZmZmZmZhgSZGFzaF9iYXNlbGluZV8zX3YxEQB1_gdl5p0BAA&_nc_gid=VRYKpTH16Yr5i-BRgrxB9g&edm=AM6HXa8EAAAA&_nc_zt=28&oh=00_AQJt9OIVTMp-jXvONSzwD8WW-w0gaH7gleqGiNiwi0Wx3Q&oe=6A99D72F,https://www.instagram.com/reel/DAoL_S2BZ1q/,DAoL_S2BZ1q,https://scontent-dfw5-1.cdninstagram.com/v/t51.71878-15/499492534_1208242430766397_1695481879453439759_n.jpg?stp=dst-jpg_e35_tt6&_nc_cat=105&ccb=7-5&_nc_sid=18de74&efg=eyJlZmdfdGFnIjoiQ0xJUFMuYmVzdF9pbWFnZV91cmxnZW4uQzMifQ%3D%3D&_nc_ohc=xCfVmlLC7BQQ7kNvwEMoQKT&_nc_oc=AdoIkZztuCiEPm362295BJCw36K63cCTBJpUIEVvKqcq30ZtsRSYyMMlbZq-PJmgzj8&_nc_zt=23&_nc_ht=scontent-dfw5-1.cdninstagram.com&edm=AM6HXa8EAAAA&_nc_gid=VRYKpTH16Yr5i-BRgrxB9g&_nc_tpa=Q5bMBQKzUmKSTBoGGprrglB70QSiHlNrp8WASU51ACmx-EYK4OqL1leEM587u73-A7OWiZx9t3aZSVHA&oh=00_AQJc1xdW4sd7GSGj3vRioAhC2zgTWF9iKwkc0y2gmMK8HA&oe=6A9DC83F,02 Oct 2024 04:11:03,qpaypro,REELS
17841443997027489,17880625056074606,"?️✨ ¡Prepárate para el Episodio 3 de Emprendiendo con Ganas! ? Este miércoles estrenamos una charla increíble con Jefferson Recinos, fundador de @recipemakeup.gt , donde nos comparte cómo triunfar en un mercado competitivo y construir una comunidad sólida alrededor de tu marca ??

¡No te lo pierdas! ? Link en nuestro perfil 

 #emprendiendoconganas #historiasdeexito#motivacion#emprendedora#emprendedoresexitosos#podcastdeemprendimiento#inspirateyemprende #podcast#guatemala502",Yes,1,9,VIDEO,https://scontent-dfw6-2.cdninstagram.com/o1/v/t2/f2/m367/AQNl7f1WW-T3npcLV59CWAUS-cw5b76B5NpIAElG2RtukFJDKhYioNg-TDQVf0G6nk4M3MwLUeJvTaLApRaDWJIc39UN1MIccP557wI.mp4?_nc_cat=108&_nc_sid=5e9851&_nc_ht=scontent-dfw6-2.cdninstagram.com&_nc_ohc=CJDoW-R8P3cQ7kNvwGU0gbs&efg=eyJ2ZW5jb2RlX3RhZyI6Inhwdl9wcm9ncmVzc2l2ZS5JTlNUQUdSQU0uQ0xJUFMuQzMuNzIwLmRhc2hfYmFzZWxpbmVfMV92MSIsInhwdl9hc3NldF9pZCI6MjU5NjU2NjYxMDczMTUyNSwiYXNzZXRfYWdlX2RheXMiOjcwMSwidmlfdXNlY2FzZV9pZCI6MTAwOTksImR1cmF0aW9uX3MiOjYyLCJ1cmxnZW5fc291cmNlIjoid3d3In0%3D&ccb=17-1&vs=330f63a0fa0ccf63&_nc_vs=HBksFQIYQGlnX2VwaGVtZXJhbC85RjRDRjlEQ0YyODNDRTFEMjY0RjY3MEMxQTRBRTBCNl92aWRlb19kYXNoaW5pdC5tcDQVAALIARIAFQIYR2lnX3hwdl9yZWVsc19wZXJtYW5lbnRfc3JfcHJvZC8xMjYwMDc4NDMxNjg1OTc1XzI2MjYwMjA4NzYxNDg0NTQxNTUubXA0FQICyAESACgAGAAbAogHdXNlX29pbAExEnByb2dyZXNzaXZlX3JlY2lwZQExFQAAJoqIv-eI5JwJFQIoAkMzLBdAT0zMzMzMzRgSZGFzaF9iYXNlbGluZV8xX3YxEQB1_gdl5p0BAA&_nc_gid=VRYKpTH16Yr5i-BRgrxB9g&edm=AM6HXa8EAAAA&_nc_zt=28&oh=00_AQItmHc4heO471RmuBsf4gJxZIhJAwC8tk0z4D1XYYeHGw&oe=6A9DE96D,https://www.instagram.com/reel/DAi5maZPi5W/,DAi5maZPi5W,https://scontent-dfw6-1.cdninstagram.com/v/t51.71878-15/504476686_2843146309406886_8168962095996455320_n.jpg?stp=dst-jpg_e35_tt6&_nc_cat=101&ccb=7-5&_nc_sid=18de74&efg=eyJlZmdfdGFnIjoiQ0xJUFMuYmVzdF9pbWFnZV91cmxnZW4uQzMifQ%3D%3D&_nc_ohc=wamnehrdfYQQ7kNvwGb9Rqs&_nc_oc=Adq_LIZapkUiHsfNdWu93Bl3lLOV7djlsHk7oP0j-v8jyha35qOk5fRQsAcW_p51fz4&_nc_zt=23&_nc_ht=scontent-dfw6-1.cdninstagram.com&edm=AM6HXa8EAAAA&_nc_gid=VRYKpTH16Yr5i-BRgrxB9g&_nc_tpa=Q5bMBQLQTcEHF3Txtx7pBHAGR3YNRUV3FJAnw8_wQZK1ReBgs4C8zaxBZjFnfk4PHLtM1xdjmToeVUtF&oh=00_AQJ5gjAoB40mkI91c09ZazEpVK4NxbqmIxmbUzKoADQzaQ&oe=6A9DEFEA,30 Sep 2024 02:54:26,qpaypro,REELS
17841443997027489,17938526417907198,"Hablamos de un tema clave para todo emprendedor: el miedo al fracaso ?? Descubre cómo superarlo y convertirlo en una oportunidad de crecimiento ?? ¡No te lo pierdas! El link para ver el episodio completo está en nuestro perfil?

#emprendiendoconganas #historiasdeexito #motivacion#emprendedora #emprendedoresexitosos#podcastdeemprendimiento #inspirateyemprende #podcast#guatemala502",Yes,1,9,VIDEO,https://scontent-dfw5-1.cdninstagram.com/o1/v/t2/f2/m86/AQOwQcuWHJwzoBkHqf4gQ7ExVmKn1oQeDpum2tIZ7E_gg5y2yspTDkPY6G1D3_Y2hllVc9nqCp9BpaeTKmeqz9rdr2uK1pmzPpEz7QU.mp4?_nc_cat=111&_nc_sid=5e9851&_nc_ht=scontent-dfw5-1.cdninstagram.com&_nc_ohc=LBATGZp9GqQQ7kNvwFTFEn7&efg=eyJ2ZW5jb2RlX3RhZyI6Inhwdl9wcm9ncmVzc2l2ZS5JTlNUQUdSQU0uQ0xJUFMuQzMuMzYwLmRhc2hfYmFzZWxpbmVfM192MSIsInhwdl9hc3NldF9pZCI6MTIyMTUwOTg2OTA4OTU2NiwiYXNzZXRfYWdlX2RheXMiOjcwNCwidmlfdXNlY2FzZV9pZCI6MTAwOTksImR1cmF0aW9uX3MiOjY2LCJ1cmxnZW5fc291cmNlIjoid3d3In0%3D&ccb=17-1&vs=f1145e5c8e2e0aaa&_nc_vs=HBksFQIYUmlnX3hwdl9yZWVsc19wZXJtYW5lbnRfc3JfcHJvZC81MDQyQkE4M0JBNDQ5QTYyMUQ2MjlCOTEzRjBFNzA5M192aWRlb19kYXNoaW5pdC5tcDQVAALIARIAFQIYRWlnX3hwdl9yZWVsc19wZXJtYW5lbnRfc3JfcHJvZC80NTMzMzE5Njc3NTE1ODVfOTQ3NDcxOTg5NTg3OTMwMTU2Lm1wNBUCAsgBEgAoABgAGwKIB3VzZV9vaWwBMRJwcm9ncmVzc2l2ZV9yZWNpcGUBMRUAACa8zLHdnb2rBBUCKAJDMywXQFCiHKwIMScYEmRhc2hfYmFzZWxpbmVfM192MREAdf4HZeadAQA&_nc_gid=VRYKpTH16Yr5i-BRgrxB9g&edm=AM6HXa8EAAAA&_nc_zt=28&oh=00_AQIEY1oGMRZgkV8SUfzFr9TmUnTcezUR_6TWIGiDz0hYJg&oe=6A9A02C4,https://www.instagram.com/reel/DAbU_pcvrTG/,DAbU_pcvrTG,https://scontent-dfw6-1.cdninstagram.com/v/t51.71878-15/504101905_1400942084479676_3976584690561316543_n.jpg?stp=dst-jpg_e35_tt6&_nc_cat=101&ccb=7-5&_nc_sid=18de74&efg=eyJlZmdfdGFnIjoiQ0xJUFMuYmVzdF9pbWFnZV91cmxnZW4uQzMifQ%3D%3D&_nc_ohc=SEsddUMBoUcQ7kNvwH82Q0t&_nc_oc=AdoV2OArB4saD4ZynH4mssqlKy4ScE4rctZr3DWgR4Ni_6OdQ4m7kWHWySTlk4uq_sc&_nc_zt=23&_nc_ht=scontent-dfw6-1.cdninstagram.com&edm=AM6HXa8EAAAA&_nc_gid=VRYKpTH16Yr5i-BRgrxB9g&_nc_tpa=Q5bMBQKuTitWBoU4zLj_AohFHEvKxkgoHmWZ7BCWltXMrlK758QseWgNOPwkZ37WHlhZ-o98hJtIf0ND&oh=00_AQKmhiU2pIxJYzt8HrDh4w3wy_nM5iSJ9NbdRqQcmli20w&oe=6A9DF915,27 Sep 2024 04:20:44,qpaypro,REELS
17841443997027489,18002133824654810,"?️ ¡El episodio 2 de Emprendiendo con Ganas ya está disponible! ? Escucha a José René, fundador de Webifica, compartir su historia y valiosos consejos para emprendedores

¡Corre a verlo en todas las plataformas! ? 
https://zurl.co/P1V9",Yes,0,5,VIDEO,https://scontent-dfw5-1.cdninstagram.com/o1/v/t2/f2/m367/AQP9ExnVtiIm_KjTfPY9jrHCQaw5CDGuE3Kd46QIp0xP2_YK2xXM8K26nfJD4upvw0W94XTIt156gU7XweYlQxZjcLq23_f0q6Xxr98.mp4?_nc_cat=105&_nc_sid=5e9851&_nc_ht=scontent-dfw5-1.cdninstagram.com&_nc_ohc=TfollWyNJgcQ7kNvwGCSNZ6&efg=eyJ2ZW5jb2RlX3RhZyI6Inhwdl9wcm9ncmVzc2l2ZS5JTlNUQUdSQU0uQ0xJUFMuQzMuNTcyLmRhc2hfYmFzZWxpbmVfMV92MSIsInhwdl9hc3NldF9pZCI6MzI4MzEwMDMzMTgyMDQ5NiwiYXNzZXRfYWdlX2RheXMiOjcwNiwidmlfdXNlY2FzZV9pZCI6MTAwOTksImR1cmF0aW9uX3MiOjY1LCJ1cmxnZW5fc291cmNlIjoid3d3In0%3D&ccb=17-1&vs=d00c817eaec787a3&_nc_vs=HBksFQIYQGlnX2VwaGVtZXJhbC85QzQyQzVGQzNBNzNGOUE5NzUyMDdCQzkwQjVBMTdBNV92aWRlb19kYXNoaW5pdC5tcDQVAALIARIAFQIYR2lnX3hwdl9yZWVsc19wZXJtYW5lbnRfc3JfcHJvZC8xMDUxMTgwMjc2NDQ3MTM1XzU4ODg0MDcyNDU1NTgzNTkwMzcubXA0FQICyAESACgAGAAbAogHdXNlX29pbAExEnByb2dyZXNzaXZlX3JlY2lwZQExFQAAJqCX0tDL_dQLFQIoAkMzLBdAUEAAAAAAABgSZGFzaF9iYXNlbGluZV8xX3YxEQB1_gdl5p0BAA&_nc_gid=VRYKpTH16Yr5i-BRgrxB9g&edm=AM6HXa8EAAAA&_nc_zt=28&oh=00_AQLAsdXz3XlA31ApbTkHuIayG3UfkZiVI7q49nbGziX6eQ&oe=6A9DEC7E,https://www.instagram.com/reel/DAV_qqgMTLt/,DAV_qqgMTLt,https://scontent-dfw5-2.cdninstagram.com/v/t51.71878-15/502952045_3551057145024812_5173345065397535441_n.jpg?stp=dst-jpg_e35_tt6&_nc_cat=100&ccb=7-5&_nc_sid=18de74&efg=eyJlZmdfdGFnIjoiQ0xJUFMuYmVzdF9pbWFnZV91cmxnZW4uQzMifQ%3D%3D&_nc_ohc=xGMUU_edOQkQ7kNvwG_ugiq&_nc_oc=AdqhySTSrD21lFxpPn_OzavJI4YV_XRESO7ODuweatO1af8gfXUXFWMxy1iV1SqSWoM&_nc_zt=23&_nc_ht=scontent-dfw5-2.cdninstagram.com&edm=AM6HXa8EAAAA&_nc_gid=VRYKpTH16Yr5i-BRgrxB9g&_nc_tpa=Q5bMBQJPOYCby1_6C3YFO97eYM47ae9mpKdfwnXOO0pjbOygGOxv1_4sygYJ5SKUu54BpqTuiuUE_Khe&oh=00_AQJw8ZMhGF56ZxPJ7v3fFwxx9aBZp0duN0sQOd9Kehea3g&oe=6A9DD87E,25 Sep 2024 02:37:03,qpaypro,REELS
17841443997027489,17887520235097665,"?️ ¡Este miércoles se estrena el episodio 2 de Emprendiendo con Ganas! ? Nuestro invitado especial es José René, fundador de @webifica, quien nos contará su inspiradora historia de éxito en el mundo digital. ¡No te lo pierdas y mantente atento! ? 

#emprendiendoconganas #historiasdeexito #motivacion #emprendedora #emprendedoresexitosos #podcastdeemprendimiento #inspirateyemprende #podcast #guatemala502",Yes,1,3,VIDEO,https://scontent-dfw5-1.cdninstagram.com/o1/v/t2/f2/m86/AQP1IonglOakLOR9dLO57AMFzdNfHQBxZBO30KzXWuQoPGJfa7gNzXQmupizpgucaBSnDQTeTvNnbXuJdLDQGZ9S_h4bWNO8NXEs4_4.mp4?_nc_cat=105&_nc_sid=5e9851&_nc_ht=scontent-dfw5-1.cdninstagram.com&_nc_ohc=_2p5lZr_kHIQ7kNvwFoEdxu&efg=eyJ2ZW5jb2RlX3RhZyI6Inhwdl9wcm9ncmVzc2l2ZS5JTlNUQUdSQU0uQ0xJUFMuQzMuMzU4LmRhc2hfYmFzZWxpbmVfM192MSIsInhwdl9hc3NldF9pZCI6NTA4ODM3MjQ1MzQxOTQ3LCJhc3NldF9hZ2VfZGF5cyI6NzA4LCJ2aV91c2VjYXNlX2lkIjoxMDA5OSwiZHVyYXRpb25fcyI6NTUsInVybGdlbl9zb3VyY2UiOiJ3d3cifQ%3D%3D&ccb=17-1&vs=c58e16676c39183&_nc_vs=HBksFQIYUmlnX3hwdl9yZWVsc19wZXJtYW5lbnRfc3JfcHJvZC82RDQ1RjEwNkQ1NDMyRkM3RDA3RjdCNUExRDBGODg5RV92aWRlb19kYXNoaW5pdC5tcDQVAALIARIAFQIYR2lnX3hwdl9yZWVsc19wZXJtYW5lbnRfc3JfcHJvZC8xMDYyNzk0OTI4NzEyMzQyXzQ3Mjc4OTU4NTYwNDc1NzY5NDcubXA0FQICyAESACgAGAAbAogHdXNlX29pbAExEnByb2dyZXNzaXZlX3JlY2lwZQExFQAAJvbDjvScsucBFQIoAkMzLBdAS53S8an75xgSZGFzaF9iYXNlbGluZV8zX3YxEQB1_gdl5p0BAA&_nc_gid=VRYKpTH16Yr5i-BRgrxB9g&edm=AM6HXa8EAAAA&_nc_zt=28&oh=00_AQKedEcCjF9PaPkGtqhPAv9rO73cBZ3Is4oyHHaV7z-jrg&oe=6A99F7CE,https://www.instagram.com/reel/DARCqxToKct/,DARCqxToKct,https://scontent-dfw5-1.cdninstagram.com/v/t51.71878-15/499634755_683017987923871_8510341790075967554_n.jpg?stp=dst-jpg_e35_tt6&_nc_cat=106&ccb=7-5&_nc_sid=18de74&efg=eyJlZmdfdGFnIjoiQ0xJUFMuYmVzdF9pbWFnZV91cmxnZW4uQzMifQ%3D%3D&_nc_ohc=NcQuiNhT44AQ7kNvwHk8SyY&_nc_oc=AdpSgGL09zWhZVpt-G4DDbyLrf_TOb8oLg5tUGYqh9FlhNeqG3gbafPH5-Ej6K6-x6o&_nc_zt=23&_nc_ht=scontent-dfw5-1.cdninstagram.com&edm=AM6HXa8EAAAA&_nc_gid=VRYKpTH16Yr5i-BRgrxB9g&_nc_tpa=Q5bMBQISWWd0qPkXIl--pNrL_hjueCvAM-6vIAzSxZwo6Z95tnsiCBEq6aemUhukEqVxHQ_p6fkU3O-0&oh=00_AQKUEWpGA3pCAEQPvLzsTlwPICCUX64KaJTknmU0VHNCWg&oe=6A9DC761,23 Sep 2024 04:27:06,qpaypro,REELS
17841443997027489,17863109211229428,"Continuamos con la segunda parte en donde hablamos sobre uno de los mayores miedos de los emprendedores: los gastos fijos ?  Aprende cómo manejarlos y evitar que se conviertan en un obstáculo para tu negocio

? ¡No te lo pierdas! Ve el episodio completo en nuestra página web ? 
https://zurl.co/cP6p

#emprendiendoconganas #historiasdeexito #motivacion #emprendedora #emprendedoresexitosos #podcastdeemprendimiento #inspirateyemprende #podcast #guatemala502",Yes,1,5,VIDEO,https://scontent-dfw6-2.cdninstagram.com/o1/v/t2/f2/m86/AQOe5dTrXA-fcyqGUZzB8eY426WH7owzsnA6VB2iRsb1SvbVeDTSo2BD6eDFULsx8wT4PA0WQyT6PU9ZUtASjr4OJi0gKXetOBe9PDc.mp4?_nc_cat=110&_nc_sid=5e9851&_nc_ht=scontent-dfw6-2.cdninstagram.com&_nc_ohc=GfTFWNQOZYgQ7kNvwH6FxDH&efg=eyJ2ZW5jb2RlX3RhZyI6Inhwdl9wcm9ncmVzc2l2ZS5JTlNUQUdSQU0uQ0xJUFMuQzMuMzU4LmRhc2hfYmFzZWxpbmVfM192MSIsInhwdl9hc3NldF9pZCI6MjQzOTgxNjg0Mjg3ODM3OSwiYXNzZXRfYWdlX2RheXMiOjcxMSwidmlfdXNlY2FzZV9pZCI6MTAwOTksImR1cmF0aW9uX3MiOjc5LCJ1cmxnZW5fc291cmNlIjoid3d3In0%3D&ccb=17-1&vs=d258f15167814943&_nc_vs=HBksFQIYUmlnX3hwdl9yZWVsc19wZXJtYW5lbnRfc3JfcHJvZC85RDQ3NTdGNkVBNjk1Q0M5NjMyNDcxNUMyMzFGNzY5Ql92aWRlb19kYXNoaW5pdC5tcDQVAALIARIAFQIYRmlnX3hwdl9yZWVsc19wZXJtYW5lbnRfc3JfcHJvZC84MzU2MzY2Mzg3NTEyMzdfMzQyMjY5ODYyMzA0OTM3MTkzMS5tcDQVAgLIARIAKAAYABsCiAd1c2Vfb2lsATEScHJvZ3Jlc3NpdmVfcmVjaXBlATEVAAAm1vbkg4TA1QgVAigCQzMsF0BTxmZmZmZmGBJkYXNoX2Jhc2VsaW5lXzNfdjERAHX-B2XmnQEA&_nc_gid=VRYKpTH16Yr5i-BRgrxB9g&edm=AM6HXa8EAAAA&_nc_zt=28&oh=00_AQI46o0ddj8RWvxDS4V99F-ZSsUjHPNx9IZpIMCqOhjW-A&oe=6A99E953,https://www.instagram.com/reel/DAKYXw8qYkb/,DAKYXw8qYkb,https://scontent-dfw5-1.cdninstagram.com/v/t51.71878-15/497352554_2649404585252936_7264156303763771396_n.jpg?stp=dst-jpg_e35_tt6&_nc_cat=106&ccb=7-5&_nc_sid=18de74&efg=eyJlZmdfdGFnIjoiQ0xJUFMuYmVzdF9pbWFnZV91cmxnZW4uQzMifQ%3D%3D&_nc_ohc=FjdDSK_xbXkQ7kNvwHb3clh&_nc_oc=AdoB7hwNp8JY1kEK0bG6hOudu7y4WVKUwzhXIveOz1kyu1eP9jW8JGzCJU3AvgI66DI&_nc_zt=23&_nc_ht=scontent-dfw5-1.cdninstagram.com&edm=AM6HXa8EAAAA&_nc_gid=VRYKpTH16Yr5i-BRgrxB9g&_nc_tpa=Q5bMBQKEJklZ4mbJ2ayK04cVJ20nYYjrdjDgARcpmVVYxReBp6q4d6w7F_0Kr6jBll8UFjNz1hKRTzrc&oh=00_AQKJ4xXs5fu3iId-geJC0nRpBQyxEKFzonPra8SUvker7A&oe=6A9DDA9A,21 Sep 2024 02:22:06,qpaypro,REELS
17841443997027489,17969859236788347,"Hablamos sobre uno de los mayores miedos de los emprendedores: los gastos fijos ? Aprende cómo manejarlos y evitar que se conviertan en un obstáculo para tu negocio

? ¡No te lo pierdas! Ve el episodio completo en nuestra página web ? 
https://zurl.co/6Y2u
 
#emprendiendoconganas #historiasdeexito #motivacion #emprendedora #emprendedoresexitosos #podcastdeemprendimiento #inspirateyemprende #podcast #guatemala502",Yes,0,8,VIDEO,https://scontent-dfw6-1.cdninstagram.com/o1/v/t2/f2/m86/AQMwUGT0_xnFcr1rUYUwTtghZaOuJm1o2eVJVHIgFMVQNjeIAhHziw46aSBySpQXg9Nwtdmr2Ko76SKinloonzchXyAO7d6Uuf2Qn5Y.mp4?_nc_cat=101&_nc_sid=5e9851&_nc_ht=scontent-dfw6-1.cdninstagram.com&_nc_ohc=x6OTt1cTe1oQ7kNvwFVkgGK&efg=eyJ2ZW5jb2RlX3RhZyI6Inhwdl9wcm9ncmVzc2l2ZS5JTlNUQUdSQU0uQ0xJUFMuQzMuMzU4LmRhc2hfYmFzZWxpbmVfM192MSIsInhwdl9hc3NldF9pZCI6MzgyMjY3ODU4MjU2NzQ0LCJhc3NldF9hZ2VfZGF5cyI6NzExLCJ2aV91c2VjYXNlX2lkIjoxMDA5OSwiZHVyYXRpb25fcyI6OTEsInVybGdlbl9zb3VyY2UiOiJ3d3cifQ%3D%3D&ccb=17-1&vs=3fa6a1fd360c5757&_nc_vs=HBksFQIYUmlnX3hwdl9yZWVsc19wZXJtYW5lbnRfc3JfcHJvZC80MjRBODNGQ0RGMDg5RkYzMDI1NEQxMUNCNDJGMEY4NV92aWRlb19kYXNoaW5pdC5tcDQVAALIARIAFQIYRWlnX3hwdl9yZWVsc19wZXJtYW5lbnRfc3JfcHJvZC84NTU2MjAzMTY1MzgwMDRfMjI4OTcxODgxMTgzNTE2MTc4Lm1wNBUCAsgBEgAoABgAGwKIB3VzZV9vaWwBMRJwcm9ncmVzc2l2ZV9yZWNpcGUBMRUAACbQjbS-9eqtARUCKAJDMywXQFbCHKwIMScYEmRhc2hfYmFzZWxpbmVfM192MREAdf4HZeadAQA&_nc_gid=VRYKpTH16Yr5i-BRgrxB9g&edm=AM6HXa8EAAAA&_nc_zt=28&oh=00_AQJ-jRheYJsku9jVgEBlNaWcBo6CUVzRI67akjKf5xw-vw&oe=6A99DCFA,https://www.instagram.com/reel/DAJU2k8o9xw/,DAJU2k8o9xw,https://scontent-dfw5-1.cdninstagram.com/v/t51.71878-15/502954467_562957080187820_7441798763464050566_n.jpg?stp=dst-jpg_e35_tt6&_nc_cat=105&ccb=7-5&_nc_sid=18de74&efg=eyJlZmdfdGFnIjoiQ0xJUFMuYmVzdF9pbWFnZV91cmxnZW4uQzMifQ%3D%3D&_nc_ohc=ZHLZKc63EskQ7kNvwFypICB&_nc_oc=AdqUSBXWGzXbBIK4sMw2jFtwLJLQ8r2NlCFVhs-Cmmex9oroNwdmBIyecgDEdt3RLbQ&_nc_zt=23&_nc_ht=scontent-dfw5-1.cdninstagram.com&edm=AM6HXa8EAAAA&_nc_gid=VRYKpTH16Yr5i-BRgrxB9g&_nc_tpa=Q5bMBQL8IRfqubbuAeMQFj_uy5aMqjzov-9wNNw4XI5g8a9TtfyfBr0sGFciMQN3gEpFRsEjK0oy7Lrt&oh=00_AQLAYEWuZCZywgAjR5igsYBecz_MzlRZ8euwjFm8u-Qh6Q&oe=6A9DCA65,20 Sep 2024 04:32:06,qpaypro,REELS
17841443997027489,18097173742456029,"¡Hoy lanzamos el primer episodio de Emprendiendo con Ganas! ??️ Prepárate para inspirarte con nuestro invitado Kevin Gonzáles, fundador de @molvu quien comenzó desde cero y ahora maneja un negocio exitoso ?✨

? ¡No te lo pierdas! Escucha el primer episodio ahora! https://youtu.be/iTzZFsYVdgg

#emprendiendoconganas #historiasdeexito #motivacion  #emprendedora #emprendedoresexitosos #podcastdeemprendimiento #inspirateyemprende #podcast #guatemala502",Yes,1,12,VIDEO,https://scontent-dfw6-2.cdninstagram.com/o1/v/t2/f2/m86/AQOW-gXrf1Q7w7ANYoJkyIEuICx_NvpTDUbUQRHdrwZtgHtmJYKURjjESd_IBWzu8evmUw61KqZzFeGkozR6VVpulDbWoRTSsSmvmdE.mp4?_nc_cat=108&_nc_sid=5e9851&_nc_ht=scontent-dfw6-2.cdninstagram.com&_nc_ohc=_6iJ-vphirUQ7kNvwGTc-Kv&efg=eyJ2ZW5jb2RlX3RhZyI6Inhwdl9wcm9ncmVzc2l2ZS5JTlNUQUdSQU0uQ0xJUFMuQzMuMzYwLmRhc2hfYmFzZWxpbmVfM192MSIsInhwdl9hc3NldF9pZCI6NzUwMDk5MzMwNTUxOTY0LCJhc3NldF9hZ2VfZGF5cyI6NzEzLCJ2aV91c2VjYXNlX2lkIjoxMDA5OSwiZHVyYXRpb25fcyI6MzMsInVybGdlbl9zb3VyY2UiOiJ3d3cifQ%3D%3D&ccb=17-1&vs=f16c3729c6c5a1c1&_nc_vs=HBksFQIYUmlnX3hwdl9yZWVsc19wZXJtYW5lbnRfc3JfcHJvZC82RDQ4RDg0MzgzRTEyNkRGM0U3ODcxNjdDNDk5Mzc5MF92aWRlb19kYXNoaW5pdC5tcDQVAALIARIAFQIYRmlnX3hwdl9yZWVsc19wZXJtYW5lbnRfc3JfcHJvZC81MDg1MTQ3ODUxMjA5MjVfNzgyNzk4MTExMTUwNjc2OTk2Mi5tcDQVAgLIARIAKAAYABsCiAd1c2Vfb2lsATEScHJvZ3Jlc3NpdmVfcmVjaXBlATEVAAAmuMKmwsON1QIVAigCQzMsF0BAt2yLQ5WBGBJkYXNoX2Jhc2VsaW5lXzNfdjERAHX-B2XmnQEA&_nc_gid=VRYKpTH16Yr5i-BRgrxB9g&edm=AM6HXa8EAAAA&_nc_zt=28&oh=00_AQKg3eKDW5tTqMvrUn4VgbHXxlB4tBF41gVLxWHV__wvSA&oe=6A99D559,https://www.instagram.com/reel/DAD8eqmCKYI/,DAD8eqmCKYI,https://scontent-dfw5-1.cdninstagram.com/v/t51.71878-15/502952515_914121694149726_7044529963775921964_n.jpg?stp=dst-jpg_e35_tt6&_nc_cat=106&ccb=7-5&_nc_sid=18de74&efg=eyJlZmdfdGFnIjoiQ0xJUFMuYmVzdF9pbWFnZV91cmxnZW4uQzMifQ%3D%3D&_nc_ohc=c7M5iyrSZ0AQ7kNvwGzjjgy&_nc_oc=AdpoYFzoeo6FfGORqty562SM_cgghCa6c1CKbfilSkGHvV-B8NSgiAGsuQBZUcfylnQ&_nc_zt=23&_nc_ht=scontent-dfw5-1.cdninstagram.com&edm=AM6HXa8EAAAA&_nc_gid=VRYKpTH16Yr5i-BRgrxB9g&_nc_tpa=Q5bMBQLKyvXur7YVd99vfGqfpktsUOfH4z3KIP3PLijATMx3T97Fqg2WH_4xq9llfHwKRVgeOmMiyavO&oh=00_AQJPqCrr8ySFwiPHzsbtTKpvWO7bA_os5_aztuKke9K0zw&oe=6A9DDEF9,18 Sep 2024 02:21:23,qpaypro,REELS
17841443997027489,18039865040040335,"? Te invitamos a estar atento porque mañana miércoles 18 lanzamos nuestro podcast Emprendiendo con Ganas ? Prepárate para inspirarte con historias reales de emprendedores que han transformado sus sueños en negocios exitosos ?✨

? ¿Qué puedes esperar? Episodios llenos de aprendizaje, motivación y consejos para llevar tu emprendimiento al siguiente nivel

?️ ¡No te lo pierdas! Sigue nuestras redes y activa las notificaciones para no perderte el lanzamiento

#emprendiendoconganas #historiasdeexito
#motivacionemprendedora #emprendedoresexitosos  #podcastdeemprendimiento #inspírateyemprende
#qpaypropodcast",Yes,1,13,VIDEO,https://scontent-dfw6-2.cdninstagram.com/o1/v/t2/f2/m86/AQN1zKFJDmdfIUpN4RFVdEtT2FafQTGRDXMPkFrOHDr7zzF8BM5ZqNaWH5t5MWO4CCfeyCWRHRTJWpHu5AIa9O5uBP6d38ylaKNGvoA.mp4?_nc_cat=108&_nc_sid=5e9851&_nc_ht=scontent-dfw6-2.cdninstagram.com&_nc_ohc=0MBcY5O5VO0Q7kNvwF9AB57&efg=eyJ2ZW5jb2RlX3RhZyI6Inhwdl9wcm9ncmVzc2l2ZS5JTlNUQUdSQU0uQ0xJUFMuQzMuMzYwLmRhc2hfYmFzZWxpbmVfM192MSIsInhwdl9hc3NldF9pZCI6MTA3NDI2MDkyMDcxNzk5NCwiYXNzZXRfYWdlX2RheXMiOjcxNCwidmlfdXNlY2FzZV9pZCI6MTAwOTksImR1cmF0aW9uX3MiOjQxLCJ1cmxnZW5fc291cmNlIjoid3d3In0%3D&ccb=17-1&vs=66c8570947ad2ae8&_nc_vs=HBksFQIYUmlnX3hwdl9yZWVsc19wZXJtYW5lbnRfc3JfcHJvZC9FRjQ1RThDQTUzRDA3RTlFRTk5RTNBOTlBRkExODY5RF92aWRlb19kYXNoaW5pdC5tcDQVAALIARIAFQIYR2lnX3hwdl9yZWVsc19wZXJtYW5lbnRfc3JfcHJvZC84MzU5NjExNjcwODI2NzQ3XzM3Mjg4ODkyOTQ0MjgxMjkwMTkubXA0FQICyAESACgAGAAbAogHdXNlX29pbAExEnByb2dyZXNzaXZlX3JlY2lwZQExFQAAJtTKmsmbwugDFQIoAkMzLBdAROqfvnbItBgSZGFzaF9iYXNlbGluZV8zX3YxEQB1_gdl5p0BAA&_nc_gid=VRYKpTH16Yr5i-BRgrxB9g&edm=AM6HXa8EAAAA&_nc_zt=28&oh=00_AQJ7c-I_MVkBM8aoLujVf3A9q-0KmejoULLQ7X0_8xO6dA&oe=6A99F7C1,https://www.instagram.com/reel/DACJ9VCPU4U/,DACJ9VCPU4U,https://scontent-dfw6-1.cdninstagram.com/v/t51.71878-15/506021072_1265340101610074_7432193919189656408_n.jpg?stp=dst-jpg_e35_tt6&_nc_cat=102&ccb=7-5&_nc_sid=18de74&efg=eyJlZmdfdGFnIjoiQ0xJUFMuYmVzdF9pbWFnZV91cmxnZW4uQzMifQ%3D%3D&_nc_ohc=n8bZhPqAKJQQ7kNvwFbQ6Ew&_nc_oc=AdqrTDJoY0UiN9hEH81sFgBdVNi7EBQgeS2Q_ng-vaURvB-OY9BIIa5dohXvus8AISs&_nc_zt=23&_nc_ht=scontent-dfw6-1.cdninstagram.com&edm=AM6HXa8EAAAA&_nc_gid=VRYKpTH16Yr5i-BRgrxB9g&_nc_tpa=Q5bMBQIJvLMNnkmNpKddQsadatd7Xz8dBRV2Pv_yhLdC80aSPbP237AWQshqg1fADZMuSquc1vaG3yrL&oh=00_AQKHl2b4DsG4cPQdc3EVqb30qozDNagxkO2usBcrjfl5qw&oe=6A9DF2B5,17 Sep 2024 09:55:53,qpaypro,REELS
